-- phpMyAdmin SQL Dump
-- version 4.0.6deb1
-- http://www.phpmyadmin.net
--
-- Host: localhost
-- Generation Time: Aug 22, 2015 at 06:22 AM
-- Server version: 5.5.37-0ubuntu0.13.10.1
-- PHP Version: 5.5.3-1ubuntu2.6

SET SQL_MODE = "NO_AUTO_VALUE_ON_ZERO";
SET time_zone = "+00:00";


/*!40101 SET @OLD_CHARACTER_SET_CLIENT=@@CHARACTER_SET_CLIENT */;
/*!40101 SET @OLD_CHARACTER_SET_RESULTS=@@CHARACTER_SET_RESULTS */;
/*!40101 SET @OLD_COLLATION_CONNECTION=@@COLLATION_CONNECTION */;
/*!40101 SET NAMES utf8 */;

--
-- Database: `yanmii_kataloku`
--

-- --------------------------------------------------------

--
-- Table structure for table `alembic_version`
--

CREATE TABLE IF NOT EXISTS `alembic_version` (
  `version_num` varchar(32) NOT NULL
) ENGINE=InnoDB DEFAULT CHARSET=latin1;

--
-- Dumping data for table `alembic_version`
--

INSERT INTO `alembic_version` (`version_num`) VALUES
('48e577c57918');

-- --------------------------------------------------------

--
-- Table structure for table `BookmarkedBusiness`
--

CREATE TABLE IF NOT EXISTS `BookmarkedBusiness` (
  `user_id` int(11) DEFAULT NULL,
  `business_id` int(11) DEFAULT NULL,
  KEY `business_id` (`business_id`),
  KEY `user_id` (`user_id`)
) ENGINE=InnoDB DEFAULT CHARSET=latin1;

--
-- Dumping data for table `BookmarkedBusiness`
--

INSERT INTO `BookmarkedBusiness` (`user_id`, `business_id`) VALUES
(555, 1),
(2, 3);

-- --------------------------------------------------------

--
-- Table structure for table `BookmarkedItem`
--

CREATE TABLE IF NOT EXISTS `BookmarkedItem` (
  `item_id` int(11) DEFAULT NULL,
  `user_id` int(11) DEFAULT NULL,
  KEY `item_id` (`item_id`),
  KEY `user_id` (`user_id`)
) ENGINE=InnoDB DEFAULT CHARSET=latin1;

--
-- Dumping data for table `BookmarkedItem`
--

INSERT INTO `BookmarkedItem` (`item_id`, `user_id`) VALUES
(3, 1),
(4, 2),
(4, 2),
(12, 2),
(6, 2);

-- --------------------------------------------------------

--
-- Table structure for table `Business`
--

CREATE TABLE IF NOT EXISTS `Business` (
  `id` int(11) NOT NULL AUTO_INCREMENT,
  `business_name` varchar(255) COLLATE utf8_unicode_ci DEFAULT NULL,
  `email` varchar(255) COLLATE utf8_unicode_ci DEFAULT NULL,
  `address` varchar(255) COLLATE utf8_unicode_ci DEFAULT NULL,
  `city` varchar(255) COLLATE utf8_unicode_ci DEFAULT NULL,
  `avatar` varchar(255) COLLATE utf8_unicode_ci DEFAULT NULL,
  `latitude` varchar(255) COLLATE utf8_unicode_ci DEFAULT NULL,
  `longitude` varchar(255) COLLATE utf8_unicode_ci DEFAULT NULL,
  `phone` varchar(255) COLLATE utf8_unicode_ci DEFAULT NULL,
  `description` varchar(255) COLLATE utf8_unicode_ci DEFAULT NULL,
  `province` varchar(255) COLLATE utf8_unicode_ci DEFAULT NULL,
  `district` varchar(255) COLLATE utf8_unicode_ci DEFAULT NULL,
  `village` varchar(255) COLLATE utf8_unicode_ci DEFAULT NULL,
  `postal_code` varchar(255) COLLATE utf8_unicode_ci DEFAULT NULL,
  `website` varchar(255) COLLATE utf8_unicode_ci DEFAULT NULL,
  `slug` varchar(255) COLLATE utf8_unicode_ci DEFAULT NULL,
  `create_date` datetime DEFAULT NULL,
  `is_open` tinyint(1) DEFAULT NULL,
  `first_use` int(11) DEFAULT NULL,
  `rating` int(11) DEFAULT '5',
  `user_id` int(11) DEFAULT NULL,
  `category_id` int(11) DEFAULT NULL,
  `operation_days` varchar(500) COLLATE utf8_unicode_ci DEFAULT NULL,
  PRIMARY KEY (`id`),
  KEY `category_id` (`category_id`),
  KEY `user_id` (`user_id`)
) ENGINE=InnoDB  DEFAULT CHARSET=utf8 COLLATE=utf8_unicode_ci AUTO_INCREMENT=6 ;

--
-- Dumping data for table `Business`
--

INSERT INTO `Business` (`id`, `business_name`, `email`, `address`, `city`, `avatar`, `latitude`, `longitude`, `phone`, `description`, `province`, `district`, `village`, `postal_code`, `website`, `slug`, `create_date`, `is_open`, `first_use`, `rating`, `user_id`, `category_id`, `operation_days`) VALUES
(1, 'Koko Muslim', 'me@kokomuslim.com', 'Pogung Dalangan Rt 4 Rw 49 no 20', 'Yogyakarta', '/static/avatar/1436350595379_croped_pic.JPEG', '-7.7795964', '110.4434511', '08545797645', 'Sedia berbagai model busana muslim syari, buku buku islam,  kaset islam, dll.', NULL, NULL, NULL, '55383', 'kokomuslin.com', 'koko-muslim', '2015-07-08 10:15:06', NULL, 1, NULL, 1, 18, '[{"is_open":"true","open":"8:0","close":"17:0","day":"1"},{"is_open":"true","open":"8:0","close":"17:0","day":"2"},{"is_open":"true","open":"8:0","close":"17:0","day":"3"},{"is_open":"true","open":"8:0","close":"17:0","day":"4"},{"is_open":"true","open":"8:0","close":"17:0","day":"5"},{"is_open":"false","open":"8:0","close":"17:0","day":"6"},{"is_open":"false","open":"8:0","close":"17:0","day":"7"}]'),
(2, 'Maktabah Al Lijaziy', 'hear@allijaziy.com', 'Jalan Candi Sambisari 90', 'Yogyakarta', '/static/avatar/1436524232785_croped_pic.JPEG', '-7.779568547330613', '110.44342161273343', '0857940757', 'Menyediakan buku buku islami dan koleksi tasjilat islam', 'DIY', NULL, NULL, '55225', 'allijaziy.com', 'maktabah-al-lijaziy-0', '2015-07-10 10:21:29', NULL, 1, NULL, 2, 16, '[{"is_open":"true","open":"8:0","close":"17:0","day":"1"},{"is_open":"true","open":"8:0","close":"17:0","day":"2"},{"is_open":"true","open":"8:0","close":"17:0","day":"3"},{"is_open":"true","open":"8:0","close":"17:0","day":"4"},{"is_open":"false","open":"8:0","close":"17:0","day":"5"},{"is_open":"false","open":"8:0","close":"17:0","day":"6"},{"is_open":"false","open":"8:0","close":"17:0","day":"7"}]'),
(3, 'Avia Cake and Puddings', 'aviacake@gmail.com', 'Jalan Magelang Km3 Sleman', 'Yogyakarta', '/static/avatar/1437298820603_croped_pic.JPEG', '-7.757892', '110.469497', '0875497077', 'Menjual aneka kue , roti, dan pudding', NULL, NULL, NULL, '55528', 'www.aviacake.com', 'avia-cake-and-puddings-1', '2015-07-19 09:42:28', NULL, 1, NULL, 5, 17, '[{"is_open":"true","open":"8:0","close":"17:0","day":"1"},{"is_open":"true","open":"8:0","close":"17:0","day":"2"},{"is_open":"true","open":"8:0","close":"17:0","day":"3"},{"is_open":"true","open":"8:0","close":"17:0","day":"4"},{"is_open":"false","open":"8:0","close":"17:0","day":"5"},{"is_open":"false","open":"8:0","close":"17:0","day":"6"},{"is_open":"false","open":"8:0","close":"17:0","day":"7"}]'),
(4, 'AnekaRoti', 'anrla@gmail.com', 'Jl. Raya Tajem 56 Magueoharho', 'Sleman', '/static/avatar/1437892501238_croped_pic.JPEG', '-7.746812104563848', '110.42573357794336', '08575487640', 'Menyediakan beragam roti dan kue', NULL, NULL, NULL, '55574', 'www.anekaroti.com', 'anekaroti', '2015-07-26 06:22:42', NULL, 1, NULL, 7, 17, '[{"is_open":"true","open":"8:0","close":"17:0","day":"1"},{"is_open":"true","open":"8:0","close":"17:0","day":"2"},{"is_open":"false","open":"8:0","close":"17:0","day":"3"},{"is_open":"false","open":"8:0","close":"17:0","day":"4"},{"is_open":"false","open":"8:0","close":"17:0","day":"5"},{"is_open":"false","open":"8:0","close":"17:0","day":"6"},{"is_open":"false","open":"8:0","close":"17:0","day":"7"}]'),
(5, 'Gelora Olahraga', 'gelora@olahraga.com', 'Jalan Magelang 56 Km 5, Blok A', 'Sleman', '/static/avatar/1439375498222_croped_pic.JPEG', '-7.78066861438611', '110.44331225184334', '08574870787', 'Menyediakan beragam perlengkapan olahraga secara lengkap, unik dan murah', NULL, NULL, NULL, '55757', 'www.geloraolahraga.com', 'gelora-olahraga', '2015-08-12 10:13:22', NULL, 1, NULL, 555, 26, '[{"is_open":"true","open":"8:0","close":"17:0","day":"1"},{"is_open":"true","open":"8:0","close":"17:0","day":"2"},{"is_open":"true","open":"8:0","close":"17:0","day":"3"},{"is_open":"true","open":"8:0","close":"17:0","day":"4"},{"is_open":"true","open":"8:0","close":"17:0","day":"5"},{"is_open":"false","open":"8:0","close":"17:0","day":"6"},{"is_open":"false","open":"8:0","close":"17:0","day":"7"}]');

-- --------------------------------------------------------

--
-- Table structure for table `BusinessCategory`
--

CREATE TABLE IF NOT EXISTS `BusinessCategory` (
  `id` int(11) NOT NULL AUTO_INCREMENT,
  `name` varchar(50) COLLATE utf8_unicode_ci DEFAULT NULL,
  `slug` varchar(50) COLLATE utf8_unicode_ci DEFAULT NULL,
  `description` varchar(255) COLLATE utf8_unicode_ci DEFAULT NULL,
  `type_id` int(11) DEFAULT NULL,
  PRIMARY KEY (`id`)
) ENGINE=InnoDB  DEFAULT CHARSET=utf8 COLLATE=utf8_unicode_ci AUTO_INCREMENT=60 ;

--
-- Dumping data for table `BusinessCategory`
--

INSERT INTO `BusinessCategory` (`id`, `name`, `slug`, `description`, `type_id`) VALUES
(16, 'Rumah Makan', 'rm', '', 1),
(17, 'Toko Makanan dan Minuman', 'makan', '', 1),
(18, 'Toko Pakaian', 'pakaian', '', 1),
(19, 'Toko Buku', 'buku', '', 1),
(20, 'Toko Komputer/Hanphone', 'komp', '', 1),
(21, 'Apotik/Toko Kesehatan', 'apotik', '', 1),
(22, 'Toko Perlengkapan Rumah Tangga', 'rt', '', 1),
(23, 'Retail/Barang Eceran', 'ecer', '', 1),
(24, 'Toko Elektronik/Alat Listrik', 'elek', '', 1),
(25, 'Toko Bangungan', 'bangun', '', 1),
(26, 'Toko Olahraga', 'olah', '', 1),
(27, 'Toko Otomotif', 'oto', '', 1),
(28, 'Toko Mainan/Hobi', 'hobi', '', 1),
(29, 'Toko Kerajinan/Souvenir', 'sovenir', '', 1),
(30, 'Lain-lain', 'lain1', '', 1),
(33, 'Klinik/Terapi', 'klinik', '', 2),
(34, 'Transportasi', 'trans', '', 2),
(37, 'Servis/Reparasi', 'servis', '', 2),
(38, 'Konveksi', 'konveksi', '', 2),
(41, 'Pengajaran dan Kursus', 'kursus', '', 2),
(42, 'Fotokopi', 'fotokopi', '', 2),
(45, 'Laundry', 'laundry', '', 2),
(46, 'Konsultan ', 'konsul', '', 2),
(48, 'Desain dan Percetakan', 'desain', '', 2),
(49, 'Lain-lain', 'lain2', '', 2),
(55, 'Properti', 'rumah', '', 3),
(56, 'Internet', 'internet', '', 3),
(57, 'Kendaraan', 'mobil', '', 3),
(58, 'Mebel', 'mebel', '', 3),
(59, 'Salon dan Rias', 'salon', '', 2);

-- --------------------------------------------------------

--
-- Table structure for table `BusinessTag`
--

CREATE TABLE IF NOT EXISTS `BusinessTag` (
  `id` int(11) NOT NULL AUTO_INCREMENT,
  `name` varchar(255) COLLATE utf8_unicode_ci DEFAULT NULL,
  PRIMARY KEY (`id`)
) ENGINE=InnoDB  DEFAULT CHARSET=utf8 COLLATE=utf8_unicode_ci AUTO_INCREMENT=13 ;

--
-- Dumping data for table `BusinessTag`
--

INSERT INTO `BusinessTag` (`id`, `name`) VALUES
(1, 'busana muslim'),
(2, 'allijaziy'),
(3, 'maktabah'),
(4, 'buku'),
(5, 'buku baru'),
(6, 'kue'),
(7, 'cake'),
(8, '[]'),
(9, ''),
(10, '[]'),
(11, 'olahraga'),
(12, 'fitness');

-- --------------------------------------------------------

--
-- Table structure for table `BusinessViewLog`
--

CREATE TABLE IF NOT EXISTS `BusinessViewLog` (
  `id` int(11) NOT NULL AUTO_INCREMENT,
  `user_id` int(11) DEFAULT NULL,
  `date` datetime DEFAULT NULL,
  `ref` int(11) DEFAULT NULL,
  `business_id` int(11) DEFAULT NULL,
  PRIMARY KEY (`id`),
  KEY `user_id` (`user_id`),
  KEY `business_id` (`business_id`)
) ENGINE=InnoDB  DEFAULT CHARSET=utf8 COLLATE=utf8_unicode_ci AUTO_INCREMENT=139 ;

--
-- Dumping data for table `BusinessViewLog`
--

INSERT INTO `BusinessViewLog` (`id`, `user_id`, `date`, `ref`, `business_id`) VALUES
(1, 2, '2015-08-11 13:58:25', 1, NULL),
(2, 2, '2015-08-11 14:00:23', 1, NULL),
(3, 1, '2015-08-11 17:15:23', 1, NULL),
(4, 1, '2015-08-11 17:15:33', 1, NULL),
(5, 1, '2015-08-11 17:15:36', 1, NULL),
(6, 1, '2015-08-11 17:15:49', 1, NULL),
(7, 1, '2015-08-11 17:15:53', 1, NULL),
(8, 1, '2015-08-11 17:17:44', 1, NULL),
(9, 1, '2015-08-11 17:17:52', 0, NULL),
(10, 1, '2015-08-11 17:17:54', 0, NULL),
(11, 1, '2015-08-11 17:19:09', 1, NULL),
(12, 1, '2015-08-12 07:16:11', 1, NULL),
(13, 2, '2015-08-12 07:20:25', 1, NULL),
(14, 2, '2015-08-12 07:20:45', 1, NULL),
(15, 1, '2015-08-12 07:26:06', 1, NULL),
(16, 1, '2015-08-12 07:26:30', 1, NULL),
(17, 2, '2015-08-12 08:12:46', 1, NULL),
(18, 2, '2015-08-12 08:14:36', 1, NULL),
(19, 2, '2015-08-12 08:14:41', 1, NULL),
(20, 2, '2015-08-12 10:31:02', 1, NULL),
(21, 2, '2015-08-12 10:33:30', 1, NULL),
(22, 2, '2015-08-12 10:35:52', 1, NULL),
(23, 2, '2015-08-12 10:35:58', 1, NULL),
(24, 2, '2015-08-12 10:36:31', 1, NULL),
(25, 2, '2015-08-12 10:39:53', 1, NULL),
(26, 2, '2015-08-12 10:40:01', 1, NULL),
(27, 2, '2015-08-12 10:54:38', 1, NULL),
(28, 2, '2015-08-12 10:55:38', 1, NULL),
(29, 2, '2015-08-12 10:55:42', 1, NULL),
(30, 2, '2015-08-12 10:55:46', 1, NULL),
(31, 2, '2015-08-12 10:57:34', 1, NULL),
(32, 2, '2015-08-12 11:01:35', 1, NULL),
(33, 2, '2015-08-12 11:20:54', 1, NULL),
(34, 2, '2015-08-12 11:20:58', 1, NULL),
(35, 2, '2015-08-12 11:21:01', 1, NULL),
(36, 2, '2015-08-12 11:27:29', 1, NULL),
(37, 2, '2015-08-12 11:27:34', 1, NULL),
(38, 2, '2015-08-12 11:30:03', 1, NULL),
(39, 2, '2015-08-12 11:35:03', 1, NULL),
(40, 2, '2015-08-12 11:35:05', 1, NULL),
(41, 2, '2015-08-12 11:35:20', 1, NULL),
(42, 2, '2015-08-12 11:37:01', 1, NULL),
(43, 2, '2015-08-12 11:37:10', 1, NULL),
(44, 2, '2015-08-12 11:37:22', 1, NULL),
(45, 2, '2015-08-12 11:37:41', 1, NULL),
(46, 2, '2015-08-12 11:38:03', 1, NULL),
(47, 2, '2015-08-12 11:38:57', 1, NULL),
(48, 2, '2015-08-12 11:39:30', 1, NULL),
(49, 2, '2015-08-12 11:39:50', 1, NULL),
(50, 2, '2015-08-12 11:41:21', 1, NULL),
(51, 2, '2015-08-12 11:41:25', 1, NULL),
(52, 2, '2015-08-12 11:41:27', 1, NULL),
(53, 2, '2015-08-12 11:42:34', 1, NULL),
(54, 2, '2015-08-12 11:46:47', 1, NULL),
(55, 2, '2015-08-12 11:47:37', 1, NULL),
(56, 2, '2015-08-12 11:48:01', 1, NULL),
(57, 2, '2015-08-12 11:48:04', 1, NULL),
(58, 2, '2015-08-12 13:36:39', 1, 3),
(59, 2, '2015-08-12 14:37:40', 1, 3),
(60, 2, '2015-08-12 16:20:21', 1, 3),
(61, 2, '2015-08-12 16:39:14', 1, 1),
(62, 2, '2015-08-12 16:48:10', 0, 1),
(63, 2, '2015-08-12 16:48:12', 0, 1),
(64, 2, '2015-08-12 16:49:07', 1, 3),
(65, 2, '2015-08-12 17:02:37', 1, 3),
(66, 2, '2015-08-12 17:13:32', 1, 4),
(67, 2, '2015-08-12 17:13:48', 1, 1),
(68, 2, '2015-08-12 17:17:45', 1, 3),
(69, 2, '2015-08-12 17:18:43', 1, 3),
(70, 555, '2015-08-12 17:27:58', 1, 2),
(71, 555, '2015-08-13 13:02:12', 1, 3),
(72, 555, '2015-08-13 13:25:43', 1, 2),
(73, 555, '2015-08-13 13:25:54', 1, 2),
(74, 555, '2015-08-13 13:32:24', 1, 3),
(75, 555, '2015-08-13 13:35:31', 1, 3),
(76, 555, '2015-08-13 13:40:45', 1, 2),
(77, 555, '2015-08-13 13:45:56', 1, 3),
(78, 555, '2015-08-13 13:47:29', 1, 3),
(79, 555, '2015-08-13 13:48:29', 1, 3),
(80, 555, '2015-08-13 13:48:35', 1, 3),
(81, 555, '2015-08-13 14:02:22', 1, 2),
(82, 555, '2015-08-13 14:03:01', 1, 3),
(83, 555, '2015-08-13 14:03:18', 1, 2),
(84, 555, '2015-08-13 14:03:33', 1, 2),
(85, 555, '2015-08-13 14:03:59', 1, 3),
(86, 555, '2015-08-13 14:04:01', 1, 2),
(87, 555, '2015-08-13 14:11:01', 1, 2),
(88, 555, '2015-08-13 14:11:19', 1, 2),
(89, 555, '2015-08-13 14:11:20', 1, 2),
(90, 555, '2015-08-13 14:11:29', 1, 2),
(91, 555, '2015-08-13 14:15:13', 1, 2),
(92, 555, '2015-08-13 14:15:22', 1, 2),
(93, 555, '2015-08-13 14:15:26', 1, 2),
(94, 555, '2015-08-13 14:22:31', 1, 2),
(95, 555, '2015-08-13 14:22:38', 1, 2),
(96, 555, '2015-08-13 14:22:43', 1, 2),
(97, 555, '2015-08-13 14:28:31', 1, 2),
(98, 555, '2015-08-13 14:28:36', 1, 2),
(99, 555, '2015-08-13 14:31:30', 1, 2),
(100, 555, '2015-08-13 14:34:51', 1, 2),
(101, 555, '2015-08-13 14:35:05', 1, 1),
(102, 555, '2015-08-13 14:35:06', 1, 2),
(103, 555, '2015-08-13 14:36:34', 1, 2),
(104, 555, '2015-08-13 14:36:41', 1, 1),
(105, 555, '2015-08-13 16:03:29', 1, 2),
(106, 555, '2015-08-13 16:05:58', 1, 2),
(107, 555, '2015-08-13 16:05:59', 1, 3),
(108, 555, '2015-08-13 16:06:22', 1, 2),
(109, 2, '2015-08-13 16:06:52', 1, 3),
(110, 2, '2015-08-13 16:07:13', 1, 3),
(111, 2, '2015-08-13 16:07:21', 1, 4),
(112, 2, '2015-08-13 16:07:22', 1, 3),
(113, 2, '2015-08-13 16:08:05', 1, 3),
(114, 2, '2015-08-13 16:08:13', 1, 3),
(115, 2, '2015-08-13 16:08:53', 1, 5),
(116, 2, '2015-08-13 16:08:59', 1, 3),
(117, 2, '2015-08-13 16:09:21', 1, 3),
(118, 2, '2015-08-13 16:19:27', 1, 3),
(119, 2, '2015-08-13 16:23:32', 1, 3),
(120, 2, '2015-08-13 16:28:56', 1, 5),
(121, 2, '2015-08-13 16:29:09', 1, 3),
(122, 2, '2015-08-13 16:35:24', 1, 3),
(123, 2, '2015-08-14 10:00:21', 1, 4),
(124, 2, '2015-08-14 10:08:26', 1, 3),
(125, 2, '2015-08-14 10:10:02', 1, 3),
(126, 2, '2015-08-14 10:10:25', 1, 3),
(127, 2, '2015-08-14 10:40:05', 1, 3),
(128, 2, '2015-08-14 10:44:40', 1, 5),
(129, 2, '2015-08-14 11:34:27', 1, 3),
(130, 2, '2015-08-14 14:10:48', 1, 5),
(131, 2, '2015-08-14 14:10:49', 1, 3),
(132, 2, '2015-08-14 16:55:57', 1, 3),
(133, 2, '2015-08-14 16:56:17', 1, 3),
(134, 2, '2015-08-14 16:57:12', 1, 4),
(135, 2, '2015-08-14 16:58:34', 1, 4),
(136, 2, '2015-08-18 10:04:15', 1, 3),
(137, 2, '2015-08-18 10:40:18', 1, 5),
(138, 2, '2015-08-18 10:40:21', 1, 3);

-- --------------------------------------------------------

--
-- Table structure for table `Business_Tag`
--

CREATE TABLE IF NOT EXISTS `Business_Tag` (
  `business_id` int(11) NOT NULL DEFAULT '0',
  `tag_id` int(11) NOT NULL DEFAULT '0',
  PRIMARY KEY (`tag_id`,`business_id`),
  KEY `business_id` (`business_id`)
) ENGINE=InnoDB DEFAULT CHARSET=utf8 COLLATE=utf8_unicode_ci;

-- --------------------------------------------------------

--
-- Table structure for table `Category`
--

CREATE TABLE IF NOT EXISTS `Category` (
  `id` int(11) NOT NULL AUTO_INCREMENT,
  `name` varchar(50) COLLATE utf8_unicode_ci DEFAULT NULL,
  `slug` varchar(50) COLLATE utf8_unicode_ci DEFAULT NULL,
  `description` varchar(255) COLLATE utf8_unicode_ci DEFAULT NULL,
  PRIMARY KEY (`id`)
) ENGINE=InnoDB  DEFAULT CHARSET=utf8 COLLATE=utf8_unicode_ci AUTO_INCREMENT=985 ;

--
-- Dumping data for table `Category`
--

INSERT INTO `Category` (`id`, `name`, `slug`, `description`) VALUES
(8, 'Buku', '', ''),
(20, 'Software', '', ''),
(35, 'Makanan & Minuman', '', ''),
(36, 'Produk Lainnya', '', ''),
(54, 'Souvenir, Kado & Hadiah', '', ''),
(55, 'Mainan & Hobi', '', ''),
(56, 'Perawatan Bayi', '', ''),
(57, 'Film, Musik & Game', '', ''),
(60, 'Elektronik', '', ''),
(61, 'Kecantikan', '', ''),
(62, 'Olahraga', '', ''),
(63, 'Otomotif', '', ''),
(65, 'Handphone & Tablet', '', ''),
(78, 'Pakaian', '', ''),
(79, 'Fashion & Aksesoris', '', ''),
(288, 'Laptop & Aksesoris', '', ''),
(297, 'Komputer & Aksesoris', '', ''),
(578, 'Kamera, Foto & Video', '', ''),
(642, 'Office & Stationery', '', ''),
(715, 'Kesehatan', '', ''),
(983, 'Dapur', '', ''),
(984, 'Rumah Tangga', '', '');

-- --------------------------------------------------------

--
-- Table structure for table `Item`
--

CREATE TABLE IF NOT EXISTS `Item` (
  `id` int(11) NOT NULL AUTO_INCREMENT,
  `category_id` int(11) DEFAULT NULL,
  `name` varchar(255) COLLATE utf8_unicode_ci DEFAULT NULL,
  `description` longtext COLLATE utf8_unicode_ci,
  `price` int(11) DEFAULT NULL,
  `photo` varchar(255) COLLATE utf8_unicode_ci DEFAULT NULL,
  `type` tinyint(1) DEFAULT NULL,
  `unit` varchar(255) COLLATE utf8_unicode_ci DEFAULT NULL,
  `business_id` int(11) DEFAULT NULL,
  PRIMARY KEY (`id`),
  KEY `business_id` (`business_id`),
  KEY `category_id` (`category_id`)
) ENGINE=InnoDB  DEFAULT CHARSET=utf8 COLLATE=utf8_unicode_ci AUTO_INCREMENT=19 ;

--
-- Dumping data for table `Item`
--

INSERT INTO `Item` (`id`, `category_id`, `name`, `description`, `price`, `photo`, `type`, `unit`, `business_id`) VALUES
(1, 79, 'Songkok Antum', 'koko apesil', 25000, '/static/item/1436350796005_croped_pic.JPEG', NULL, 'item', 1),
(2, 8, 'Kopiah Hitam', '', 50000, '/static/item/1436350834187_croped_pic.JPEG', NULL, 'item', 1),
(3, 79, 'Peci Mesir', '', 58000, '/static/item/1436350870441_croped_pic.JPEG', NULL, 'item', 1),
(4, 56, 'Kajian Fikih', 'ccff', 58000, '/static/item/1436524361935_croped_pic.JPEG', NULL, 'item', 2),
(5, 8, 'Kajiam Akidah', '', 23555, '/static/item/1436524386504_croped_pic.JPEG', NULL, 'item', 2),
(6, 56, 'Kajian Adab', 'aaaaa', 25000, '/static/item/1439523828525_croped_pic.JPEG', NULL, 'item', 2),
(7, 8, 'Kue Ceria', '', 35000, '/static/item/1437309130659_croped_pic.JPEG', NULL, 'item', 3),
(8, 35, 'Kue Coklat', '', 55000, '/static/item/1437309154042_croped_pic.JPEG', NULL, 'item', 3),
(9, 35, 'Kue Keju', '', 65000, '/static/item/1437309180161_croped_pic.JPEG', NULL, 'item', 3),
(10, 35, 'Choco plate', '', 55000, '/static/item/1437892679353_croped_pic.JPEG', NULL, 'kotak', 4),
(11, 35, 'Snape Break', '', 35000, '/static/item/1437892711683_croped_pic.JPEG', NULL, 'box', 4),
(12, 35, 'Chetty Pock', '', 52000, '/static/item/1437892771437_croped_pic.JPEG', NULL, 'item', 4),
(13, 20, 'Iphone', 'fggbgbbbbh', 54000, '/static/item/1439523935017_croped_pic.JPEG', NULL, 'hp', 2),
(14, 55, 'Hp Android', 'hape amdroid', 65000, '/static/item/1439545363245_croped_pic.JPEG', NULL, 'hp', 2),
(15, 56, 'Kunci', 'hsnsms', 58000, '/static/item/1439545558995_croped_pic.JPEG', NULL, 'item', 2),
(16, 56, 'hzhdhd', 'hdus', 0, '/static/item/1439545776864_croped_pic.JPEG', NULL, 'item', 2),
(17, 8, 'hdjkkd', 'jdjdkdkd', 5807, '/static/item/1439545989116_croped_pic.JPEG', NULL, 'item', 2),
(18, 8, 'jdidi', 'ydhdjdkd68', 50, '/static/item/1439546114550_croped_pic.JPEG', NULL, 'item', 2);

-- --------------------------------------------------------

--
-- Table structure for table `ItemListViewLog`
--

CREATE TABLE IF NOT EXISTS `ItemListViewLog` (
  `id` int(11) NOT NULL AUTO_INCREMENT,
  `user_id` int(11) DEFAULT NULL,
  `date` datetime DEFAULT NULL,
  `ref` int(11) DEFAULT NULL,
  `business_id` int(11) DEFAULT NULL,
  PRIMARY KEY (`id`),
  KEY `user_id` (`user_id`),
  KEY `business_id` (`business_id`)
) ENGINE=InnoDB  DEFAULT CHARSET=utf8 COLLATE=utf8_unicode_ci AUTO_INCREMENT=40 ;

--
-- Dumping data for table `ItemListViewLog`
--

INSERT INTO `ItemListViewLog` (`id`, `user_id`, `date`, `ref`, `business_id`) VALUES
(1, 2, '2015-08-12 08:00:42', 2, NULL),
(2, 2, '2015-08-12 08:00:42', 2, NULL),
(3, 2, '2015-08-12 08:00:42', 2, NULL),
(4, 2, '2015-08-12 11:03:01', 2, NULL),
(5, 2, '2015-08-12 11:03:01', 2, NULL),
(6, 2, '2015-08-12 11:03:01', 2, NULL),
(7, 2, '2015-08-14 10:44:35', 2, 1),
(8, 2, '2015-08-14 10:44:35', 2, 1),
(9, 2, '2015-08-14 10:44:35', 2, 1),
(10, 2, '2015-08-14 10:44:37', 2, 1),
(11, 2, '2015-08-14 10:44:37', 2, 1),
(12, 2, '2015-08-14 10:44:37', 2, 1),
(13, 2, '2015-08-14 16:56:02', 2, 1),
(14, 2, '2015-08-14 16:56:02', 2, 1),
(15, 2, '2015-08-14 16:56:02', 2, 1),
(16, 2, '2015-08-14 16:56:06', 2, 1),
(17, 2, '2015-08-14 16:56:06', 2, 1),
(18, 2, '2015-08-14 16:56:06', 2, 1),
(19, 2, '2015-08-14 16:56:08', 2, 1),
(20, 2, '2015-08-14 16:56:08', 2, 1),
(21, 2, '2015-08-14 16:56:08', 2, 1),
(22, 2, '2015-08-14 16:56:19', 3, 1),
(23, 2, '2015-08-14 16:56:19', 3, 1),
(24, 2, '2015-08-14 16:56:19', 3, 1),
(25, 2, '2015-08-14 16:56:36', 3, 1),
(26, 2, '2015-08-14 16:56:36', 3, 1),
(27, 2, '2015-08-14 16:56:36', 3, 1),
(28, 2, '2015-08-14 16:57:16', 4, 1),
(29, 2, '2015-08-14 16:57:16', 4, 1),
(30, 2, '2015-08-14 16:57:16', 4, 1),
(31, 2, '2015-08-14 16:57:19', 4, 1),
(32, 2, '2015-08-14 16:57:19', 4, 1),
(33, 2, '2015-08-14 16:57:19', 4, 1),
(34, 2, '2015-08-14 16:58:37', 1, 4),
(35, 2, '2015-08-14 16:58:37', 1, 4),
(36, 2, '2015-08-14 16:58:37', 1, 4),
(37, 2, '2015-08-14 16:58:40', 1, 4),
(38, 2, '2015-08-14 16:58:40', 1, 4),
(39, 2, '2015-08-14 16:58:40', 1, 4);

-- --------------------------------------------------------

--
-- Table structure for table `ItemViewLog`
--

CREATE TABLE IF NOT EXISTS `ItemViewLog` (
  `id` int(11) NOT NULL AUTO_INCREMENT,
  `user_id` int(11) DEFAULT NULL,
  `date` datetime DEFAULT NULL,
  `ref` int(11) DEFAULT NULL,
  `item_id` int(11) DEFAULT NULL,
  PRIMARY KEY (`id`),
  KEY `user_id` (`user_id`),
  KEY `item_id` (`item_id`)
) ENGINE=InnoDB  DEFAULT CHARSET=utf8 COLLATE=utf8_unicode_ci AUTO_INCREMENT=94 ;

--
-- Dumping data for table `ItemViewLog`
--

INSERT INTO `ItemViewLog` (`id`, `user_id`, `date`, `ref`, `item_id`) VALUES
(1, 1, '2015-08-11 17:14:18', 1, 12),
(2, 1, '2015-08-11 17:15:55', 1, 6),
(3, 1, '2015-08-11 17:16:37', 1, 7),
(4, 1, '2015-08-11 17:17:38', 1, 12),
(5, 2, '2015-08-12 11:01:39', 1, 1),
(6, 2, '2015-08-12 11:01:53', 1, 1),
(7, 2, '2015-08-12 11:01:56', 1, 1),
(8, 2, '2015-08-12 11:27:38', 1, 9),
(9, 2, '2015-08-12 11:30:12', 1, 9),
(10, 2, '2015-08-12 11:30:24', 1, 9),
(11, 2, '2015-08-12 12:54:52', 1, 1),
(12, 2, '2015-08-12 12:54:54', 1, 1),
(13, 2, '2015-08-12 12:57:56', 1, 1),
(14, 2, '2015-08-12 12:58:05', 1, 1),
(15, 2, '2015-08-12 12:58:06', 1, 1),
(16, 2, '2015-08-12 12:58:17', 1, 1),
(17, 2, '2015-08-12 12:58:20', 1, 1),
(18, 2, '2015-08-12 13:00:24', 1, 1),
(19, 2, '2015-08-12 13:00:29', 1, 1),
(20, 2, '2015-08-12 13:00:32', 1, 1),
(21, 2, '2015-08-12 13:01:07', 1, 1),
(22, 2, '2015-08-12 13:01:14', 1, 1),
(23, 2, '2015-08-12 13:01:46', 1, 1),
(24, 2, '2015-08-12 13:01:48', 1, 1),
(25, 2, '2015-08-12 13:05:05', 1, 1),
(26, 2, '2015-08-12 13:05:30', 1, 1),
(27, 2, '2015-08-12 13:05:37', 1, 1),
(28, 2, '2015-08-12 13:05:39', 1, 1),
(29, 2, '2015-08-12 13:05:56', 1, 1),
(30, 2, '2015-08-12 13:11:57', 1, 1),
(31, 2, '2015-08-12 13:20:33', 1, 1),
(32, 2, '2015-08-12 13:25:42', 1, 1),
(33, 2, '2015-08-12 13:25:48', 1, 1),
(34, 2, '2015-08-12 13:25:52', 1, 1),
(35, 2, '2015-08-12 13:25:53', 1, 1),
(36, 2, '2015-08-12 13:25:55', 1, 1),
(37, 2, '2015-08-12 13:25:57', 1, 1),
(38, 2, '2015-08-12 13:25:58', 1, 1),
(39, 2, '2015-08-12 13:26:00', 1, 1),
(40, 2, '2015-08-12 13:26:01', 1, 1),
(41, 2, '2015-08-12 13:26:02', 1, 1),
(42, 2, '2015-08-12 13:26:03', 1, 1),
(43, 2, '2015-08-12 13:26:03', 1, 1),
(44, 2, '2015-08-12 13:34:45', 1, 1),
(45, 2, '2015-08-12 13:34:49', 1, 1),
(46, 2, '2015-08-12 16:20:28', 1, 9),
(47, 2, '2015-08-12 16:20:31', 1, 9),
(48, 2, '2015-08-12 16:24:33', 1, 1),
(49, 2, '2015-08-12 16:27:57', 1, 1),
(50, 2, '2015-08-12 16:38:46', 1, 1),
(51, 2, '2015-08-12 16:39:17', 1, 3),
(52, 2, '2015-08-12 16:39:35', 1, 3),
(53, 2, '2015-08-12 16:42:45', 1, 1),
(54, 2, '2015-08-12 16:46:35', 1, 1),
(55, 2, '2015-08-12 16:49:10', 1, 8),
(56, 2, '2015-08-12 16:51:00', 1, 12),
(57, 2, '2015-08-12 16:52:41', 1, 12),
(58, 2, '2015-08-12 16:57:34', 1, 1),
(59, 2, '2015-08-12 17:02:52', 1, 1),
(60, 2, '2015-08-12 17:07:17', 1, 12),
(61, 2, '2015-08-12 17:08:17', 1, 12),
(62, 2, '2015-08-12 17:08:23', 1, 1),
(63, 2, '2015-08-12 17:08:32', 1, 12),
(64, 2, '2015-08-12 17:11:03', 1, 1),
(65, 2, '2015-08-12 17:11:06', 1, 1),
(66, 2, '2015-08-12 17:11:25', 1, 1),
(67, 2, '2015-08-12 17:13:24', 1, 1),
(68, 2, '2015-08-12 17:13:26', 1, 1),
(69, 2, '2015-08-12 17:13:29', 1, 12),
(70, 2, '2015-08-12 17:19:56', 1, 1),
(71, 555, '2015-08-12 17:25:46', 1, 6),
(72, 555, '2015-08-12 17:25:51', 1, 1),
(73, 2, '2015-08-13 16:09:24', 1, 9),
(74, 2, '2015-08-13 16:09:25', 1, 9),
(75, 2, '2015-08-13 16:10:09', 1, 8),
(76, 2, '2015-08-13 16:10:10', 1, 7),
(77, 2, '2015-08-13 16:10:12', 1, 9),
(78, 2, '2015-08-13 16:10:32', 1, 9),
(79, 2, '2015-08-13 16:10:36', 1, 9),
(80, 2, '2015-08-13 16:14:24', 1, 1),
(81, 2, '2015-08-13 16:14:32', 1, 1),
(82, 2, '2015-08-13 16:14:38', 1, 1),
(83, 2, '2015-08-13 16:14:45', 1, 1),
(84, 2, '2015-08-13 16:19:30', 1, 9),
(85, 2, '2015-08-13 16:19:33', 1, 1),
(86, 2, '2015-08-13 16:19:40', 1, 1),
(87, 2, '2015-08-13 16:21:54', 1, 1),
(88, 2, '2015-08-13 16:22:01', 1, 1),
(89, 2, '2015-08-13 16:23:44', 1, 9),
(90, 2, '2015-08-13 16:23:51', 1, 9),
(91, 2, '2015-08-14 10:10:28', 1, 9),
(92, 2, '2015-08-14 10:10:34', 1, 9),
(93, 2, '2015-08-14 10:10:39', 1, 9);

-- --------------------------------------------------------

--
-- Table structure for table `LikedItem`
--

CREATE TABLE IF NOT EXISTS `LikedItem` (
  `item_id` int(11) DEFAULT NULL,
  `user_id` int(11) DEFAULT NULL,
  KEY `item_id` (`item_id`),
  KEY `user_id` (`user_id`)
) ENGINE=InnoDB DEFAULT CHARSET=latin1;

--
-- Dumping data for table `LikedItem`
--

INSERT INTO `LikedItem` (`item_id`, `user_id`) VALUES
(2, 1),
(2, 1),
(3, 1),
(3, 1),
(3, 1),
(12, 2),
(4, 2),
(12, 2),
(4, 2),
(12, 2),
(12, 2),
(7, 1),
(6, 2),
(1, 2);

-- --------------------------------------------------------

--
-- Table structure for table `NavigationLog`
--

CREATE TABLE IF NOT EXISTS `NavigationLog` (
  `id` int(11) NOT NULL AUTO_INCREMENT,
  `user_id` int(11) DEFAULT NULL,
  `date` datetime DEFAULT NULL,
  `distance` double DEFAULT NULL,
  `business_id` int(11) DEFAULT NULL,
  PRIMARY KEY (`id`),
  KEY `user_id` (`user_id`),
  KEY `business_id` (`business_id`)
) ENGINE=InnoDB DEFAULT CHARSET=utf8 COLLATE=utf8_unicode_ci AUTO_INCREMENT=1 ;

-- --------------------------------------------------------

--
-- Table structure for table `NearbyLog`
--

CREATE TABLE IF NOT EXISTS `NearbyLog` (
  `id` int(11) NOT NULL AUTO_INCREMENT,
  `user_id` int(11) DEFAULT NULL,
  `distance` double DEFAULT NULL,
  `date` datetime DEFAULT NULL,
  `order_id` int(11) DEFAULT NULL,
  `business_id` int(11) DEFAULT NULL,
  PRIMARY KEY (`id`),
  KEY `user_id` (`user_id`),
  KEY `business_id` (`business_id`)
) ENGINE=InnoDB  DEFAULT CHARSET=utf8 COLLATE=utf8_unicode_ci AUTO_INCREMENT=1056 ;

--
-- Dumping data for table `NearbyLog`
--

INSERT INTO `NearbyLog` (`id`, `user_id`, `distance`, `date`, `order_id`, `business_id`) VALUES
(1, 8, 5, '2015-08-11 10:18:00', 0, NULL),
(2, 9, 5, '2015-08-11 10:18:00', 1, NULL),
(3, 10, 5, '2015-08-11 10:18:00', 2, NULL),
(4, 11, 5, '2015-08-11 10:18:00', 3, NULL),
(5, 12, 5, '2015-08-11 10:18:16', 0, NULL),
(6, 13, 5, '2015-08-11 10:18:16', 1, NULL),
(7, 14, 5, '2015-08-11 10:18:18', 0, NULL),
(8, 15, 5, '2015-08-11 10:19:16', 0, NULL),
(9, 16, 5, '2015-08-11 10:19:16', 1, NULL),
(10, 17, 5, '2015-08-11 10:19:16', 2, NULL),
(11, 18, 5, '2015-08-11 10:19:16', 3, NULL),
(12, 19, 5, '2015-08-11 10:31:08', 0, NULL),
(13, 20, 5, '2015-08-11 10:31:08', 1, NULL),
(14, 21, 5, '2015-08-11 10:31:08', 2, NULL),
(15, 22, 5, '2015-08-11 10:31:08', 3, NULL),
(16, 23, 5, '2015-08-11 10:31:44', 0, NULL),
(17, 24, 5, '2015-08-11 10:31:44', 1, NULL),
(18, 25, 5, '2015-08-11 10:31:44', 2, NULL),
(19, 26, 5, '2015-08-11 10:31:45', 3, NULL),
(20, 27, 5, '2015-08-11 10:32:15', 0, NULL),
(21, 28, 5, '2015-08-11 10:32:15', 1, NULL),
(22, 29, 5, '2015-08-11 10:32:15', 2, NULL),
(23, 30, 5, '2015-08-11 10:32:15', 3, NULL),
(24, 31, 5, '2015-08-11 10:35:45', 0, NULL),
(25, 32, 5, '2015-08-11 10:35:45', 1, NULL),
(26, 33, 5, '2015-08-11 10:35:45', 2, NULL),
(27, 34, 5, '2015-08-11 10:35:45', 3, NULL),
(28, 35, 5, '2015-08-11 10:37:10', 0, NULL),
(29, 36, 5, '2015-08-11 10:37:10', 1, NULL),
(30, 37, 5, '2015-08-11 10:37:10', 2, NULL),
(31, 38, 5, '2015-08-11 10:37:10', 3, NULL),
(32, 39, 5, '2015-08-11 10:38:16', 0, NULL),
(33, 40, 5, '2015-08-11 10:38:16', 1, NULL),
(34, 41, 5, '2015-08-11 10:38:16', 2, NULL),
(35, 42, 5, '2015-08-11 10:38:16', 3, NULL),
(36, 43, 5, '2015-08-11 10:44:58', 0, NULL),
(37, 44, 5, '2015-08-11 10:44:58', 1, NULL),
(38, 45, 5, '2015-08-11 10:44:58', 2, NULL),
(39, 46, 5, '2015-08-11 10:44:58', 3, NULL),
(40, 47, 5, '2015-08-11 12:59:53', 0, NULL),
(41, 48, 5, '2015-08-11 12:59:53', 1, NULL),
(42, 49, 5, '2015-08-11 12:59:53', 2, NULL),
(43, 50, 5, '2015-08-11 12:59:53', 3, NULL),
(44, 52, 5, '2015-08-11 13:03:00', 0, NULL),
(45, 53, 5, '2015-08-11 13:03:00', 1, NULL),
(46, 54, 5, '2015-08-11 13:03:00', 2, NULL),
(47, 55, 5, '2015-08-11 13:03:00', 3, NULL),
(48, 56, 5, '2015-08-11 13:04:22', 0, NULL),
(49, 57, 5, '2015-08-11 13:04:22', 1, NULL),
(50, 58, 5, '2015-08-11 13:04:22', 2, NULL),
(51, 59, 5, '2015-08-11 13:04:22', 3, NULL),
(52, 60, 5, '2015-08-11 13:05:58', 0, NULL),
(53, 61, 5, '2015-08-11 13:05:58', 1, NULL),
(54, 62, 5, '2015-08-11 13:05:58', 2, NULL),
(55, 63, 5, '2015-08-11 13:05:58', 3, NULL),
(56, 64, 5, '2015-08-11 13:07:17', 0, NULL),
(57, 65, 5, '2015-08-11 13:07:17', 1, NULL),
(58, 66, 5, '2015-08-11 13:07:17', 2, NULL),
(59, 67, 5, '2015-08-11 13:07:17', 3, NULL),
(60, 68, 5, '2015-08-11 13:10:10', 0, NULL),
(61, 69, 5, '2015-08-11 13:10:10', 1, NULL),
(62, 70, 5, '2015-08-11 13:10:10', 2, NULL),
(63, 71, 5, '2015-08-11 13:10:10', 3, NULL),
(64, 72, 5, '2015-08-11 13:12:45', 0, NULL),
(65, 73, 5, '2015-08-11 13:12:45', 1, NULL),
(66, 74, 5, '2015-08-11 13:12:45', 2, NULL),
(67, 75, 5, '2015-08-11 13:12:45', 3, NULL),
(68, 76, 5, '2015-08-11 13:13:46', 0, NULL),
(69, 77, 5, '2015-08-11 13:13:46', 1, NULL),
(70, 78, 5, '2015-08-11 13:13:46', 2, NULL),
(71, 79, 5, '2015-08-11 13:13:46', 3, NULL),
(72, 80, 5, '2015-08-11 13:14:23', 0, NULL),
(73, 81, 5, '2015-08-11 13:14:23', 1, NULL),
(74, 82, 5, '2015-08-11 13:14:23', 2, NULL),
(75, 83, 5, '2015-08-11 13:14:23', 3, NULL),
(76, 84, 5, '2015-08-11 13:15:33', 0, NULL),
(77, 85, 5, '2015-08-11 13:15:33', 1, NULL),
(78, 86, 5, '2015-08-11 13:15:33', 2, NULL),
(79, 87, 5, '2015-08-11 13:15:33', 3, NULL),
(80, 88, 5, '2015-08-11 13:20:27', 0, NULL),
(81, 89, 5, '2015-08-11 13:20:27', 1, NULL),
(82, 90, 5, '2015-08-11 13:20:27', 2, NULL),
(83, 91, 5, '2015-08-11 13:20:27', 3, NULL),
(84, 92, 5, '2015-08-11 13:20:58', 0, NULL),
(85, 93, 5, '2015-08-11 13:20:58', 1, NULL),
(86, 94, 5, '2015-08-11 13:20:58', 2, NULL),
(87, 95, 5, '2015-08-11 13:20:58', 3, NULL),
(88, 96, 5, '2015-08-11 13:23:39', 0, NULL),
(89, 97, 5, '2015-08-11 13:23:39', 1, NULL),
(90, 98, 5, '2015-08-11 13:23:39', 2, NULL),
(91, 99, 5, '2015-08-11 13:23:39', 3, NULL),
(92, 100, 5, '2015-08-11 13:28:25', 0, NULL),
(93, 101, 5, '2015-08-11 13:28:25', 1, NULL),
(94, 102, 5, '2015-08-11 13:28:25', 2, NULL),
(95, 103, 5, '2015-08-11 13:28:25', 3, NULL),
(96, 104, 5, '2015-08-11 13:30:46', 0, NULL),
(97, 105, 5, '2015-08-11 13:30:46', 1, NULL),
(98, 106, 5, '2015-08-11 13:30:46', 2, NULL),
(99, 107, 5, '2015-08-11 13:30:46', 3, NULL),
(100, 108, 5, '2015-08-11 13:33:27', 0, NULL),
(101, 109, 5, '2015-08-11 13:33:27', 1, NULL),
(102, 110, 5, '2015-08-11 13:33:27', 2, NULL),
(103, 111, 5, '2015-08-11 13:33:27', 3, NULL),
(104, 112, 5, '2015-08-11 13:34:33', 0, NULL),
(105, 113, 5, '2015-08-11 13:34:33', 1, NULL),
(106, 114, 5, '2015-08-11 13:34:33', 2, NULL),
(107, 115, 5, '2015-08-11 13:34:33', 3, NULL),
(108, 116, 5, '2015-08-11 13:37:49', 0, NULL),
(109, 117, 5, '2015-08-11 13:37:49', 1, NULL),
(110, 118, 5, '2015-08-11 13:37:49', 2, NULL),
(111, 119, 5, '2015-08-11 13:37:49', 3, NULL),
(112, 120, 5, '2015-08-11 13:42:17', 0, NULL),
(113, 121, 5, '2015-08-11 13:42:17', 1, NULL),
(114, 122, 5, '2015-08-11 13:42:17', 2, NULL),
(115, 123, 5, '2015-08-11 13:42:17', 3, NULL),
(116, 124, 5, '2015-08-11 13:46:09', 0, NULL),
(117, 125, 5, '2015-08-11 13:46:09', 1, NULL),
(118, 126, 5, '2015-08-11 13:46:09', 2, NULL),
(119, 127, 5, '2015-08-11 13:46:09', 3, NULL),
(120, 128, 5, '2015-08-11 13:49:24', 0, NULL),
(121, 129, 5, '2015-08-11 13:49:25', 1, NULL),
(122, 130, 5, '2015-08-11 13:49:25', 2, NULL),
(123, 131, 5, '2015-08-11 13:49:25', 3, NULL),
(124, 132, 5, '2015-08-11 13:54:00', 0, NULL),
(125, 133, 5, '2015-08-11 13:54:00', 1, NULL),
(126, 134, 5, '2015-08-11 13:54:00', 2, NULL),
(127, 135, 5, '2015-08-11 13:54:00', 3, NULL),
(128, 136, 5, '2015-08-11 13:58:15', 0, NULL),
(129, 137, 5, '2015-08-11 13:58:15', 1, NULL),
(130, 138, 5, '2015-08-11 13:58:15', 2, NULL),
(131, 139, 5, '2015-08-11 13:58:15', 3, NULL),
(132, 140, 5, '2015-08-11 14:00:20', 0, NULL),
(133, 141, 5, '2015-08-11 14:00:20', 1, NULL),
(134, 142, 5, '2015-08-11 14:00:20', 2, NULL),
(135, 143, 5, '2015-08-11 14:00:20', 3, NULL),
(136, 144, 5, '2015-08-11 16:29:59', 0, NULL),
(137, 145, 5, '2015-08-11 16:29:59', 1, NULL),
(138, 146, 5, '2015-08-11 16:29:59', 2, NULL),
(139, 147, 5, '2015-08-11 16:29:59', 3, NULL),
(140, 148, 5, '2015-08-11 16:36:06', 0, NULL),
(141, 149, 5, '2015-08-11 16:36:06', 1, NULL),
(142, 150, 5, '2015-08-11 16:36:06', 2, NULL),
(143, 151, 5, '2015-08-11 16:36:06', 3, NULL),
(144, 152, 5, '2015-08-11 16:36:40', 0, NULL),
(145, 153, 5, '2015-08-11 16:36:40', 1, NULL),
(146, 154, 5, '2015-08-11 16:36:40', 2, NULL),
(147, 155, 5, '2015-08-11 16:36:40', 3, NULL),
(148, 156, 5, '2015-08-11 16:37:06', 0, NULL),
(149, 157, 5, '2015-08-11 16:37:06', 1, NULL),
(150, 158, 5, '2015-08-11 16:37:06', 2, NULL),
(151, 159, 5, '2015-08-11 16:37:06', 3, NULL),
(152, 160, 5, '2015-08-11 16:39:07', 0, NULL),
(153, 161, 5, '2015-08-11 16:39:07', 1, NULL),
(154, 162, 5, '2015-08-11 16:39:07', 2, NULL),
(155, 163, 5, '2015-08-11 16:39:07', 3, NULL),
(156, 164, 5, '2015-08-11 16:39:09', 0, NULL),
(157, 165, 5, '2015-08-11 16:39:09', 1, NULL),
(158, 166, 5, '2015-08-11 16:39:09', 2, NULL),
(159, 167, 5, '2015-08-11 16:39:09', 3, NULL),
(160, 168, 5, '2015-08-11 16:39:16', 0, NULL),
(161, 169, 5, '2015-08-11 16:39:16', 1, NULL),
(162, 170, 5, '2015-08-11 16:39:16', 2, NULL),
(163, 171, 5, '2015-08-11 16:39:16', 3, NULL),
(164, 172, 5, '2015-08-11 16:39:19', 0, NULL),
(165, 173, 5, '2015-08-11 16:39:19', 1, NULL),
(166, 174, 5, '2015-08-11 16:39:19', 2, NULL),
(167, 175, 5, '2015-08-11 16:39:19', 3, NULL),
(168, 176, 5, '2015-08-11 16:40:36', 0, NULL),
(169, 177, 5, '2015-08-11 16:40:36', 1, NULL),
(170, 178, 5, '2015-08-11 16:40:36', 2, NULL),
(171, 179, 5, '2015-08-11 16:40:36', 3, NULL),
(172, 180, 5, '2015-08-11 16:40:46', 0, NULL),
(173, 181, 5, '2015-08-11 16:40:46', 1, NULL),
(174, 182, 5, '2015-08-11 16:40:46', 2, NULL),
(175, 183, 5, '2015-08-11 16:40:46', 3, NULL),
(176, 184, 5, '2015-08-11 16:40:48', 0, NULL),
(177, 185, 5, '2015-08-11 16:40:48', 1, NULL),
(178, 186, 5, '2015-08-11 16:40:48', 2, NULL),
(179, 187, 5, '2015-08-11 16:40:48', 3, NULL),
(180, 188, 5, '2015-08-11 16:41:01', 0, NULL),
(181, 189, 5, '2015-08-11 16:41:01', 1, NULL),
(182, 190, 5, '2015-08-11 16:41:01', 2, NULL),
(183, 191, 5, '2015-08-11 16:41:01', 3, NULL),
(184, 192, 5, '2015-08-11 16:43:35', 0, NULL),
(185, 193, 5, '2015-08-11 16:43:35', 1, NULL),
(186, 194, 5, '2015-08-11 16:43:35', 2, NULL),
(187, 195, 5, '2015-08-11 16:43:35', 3, NULL),
(188, 196, 5, '2015-08-11 16:44:34', 0, NULL),
(189, 197, 5, '2015-08-11 16:44:34', 1, NULL),
(190, 198, 5, '2015-08-11 16:44:34', 2, NULL),
(191, 199, 5, '2015-08-11 16:44:34', 3, NULL),
(192, 200, 5, '2015-08-11 16:45:01', 0, NULL),
(193, 201, 5, '2015-08-11 16:45:01', 1, NULL),
(194, 202, 5, '2015-08-11 16:45:01', 2, NULL),
(195, 203, 5, '2015-08-11 16:45:01', 3, NULL),
(196, 204, 5, '2015-08-11 16:46:04', 0, NULL),
(197, 205, 5, '2015-08-11 16:46:04', 1, NULL),
(198, 206, 5, '2015-08-11 16:46:04', 2, NULL),
(199, 207, 5, '2015-08-11 16:46:04', 3, NULL),
(200, 208, 5, '2015-08-11 16:46:17', 0, NULL),
(201, 209, 5, '2015-08-11 16:46:20', 0, NULL),
(202, 210, 5, '2015-08-11 16:46:20', 1, NULL),
(203, 211, 5, '2015-08-11 16:46:21', 0, NULL),
(204, 212, 5, '2015-08-11 16:49:15', 0, NULL),
(205, 213, 5, '2015-08-11 16:49:15', 1, NULL),
(206, 214, 5, '2015-08-11 16:49:15', 2, NULL),
(207, 215, 5, '2015-08-11 16:49:15', 3, NULL),
(208, 216, 5, '2015-08-11 16:54:12', 0, NULL),
(209, 217, 5, '2015-08-11 16:54:12', 1, NULL),
(210, 218, 5, '2015-08-11 16:54:12', 2, NULL),
(211, 219, 5, '2015-08-11 16:54:12', 3, NULL),
(212, 220, 5, '2015-08-11 17:04:58', 0, NULL),
(213, 221, 5, '2015-08-11 17:04:58', 1, NULL),
(214, 222, 5, '2015-08-11 17:04:58', 2, NULL),
(215, 223, 5, '2015-08-11 17:04:58', 3, NULL),
(216, 224, 5, '2015-08-11 17:07:28', 0, NULL),
(217, 225, 5, '2015-08-11 17:07:28', 1, NULL),
(218, 226, 5, '2015-08-11 17:07:28', 2, NULL),
(219, 227, 5, '2015-08-11 17:07:28', 3, NULL),
(220, 228, 5, '2015-08-11 17:12:11', 0, NULL),
(221, 229, 5, '2015-08-11 17:12:11', 1, NULL),
(222, 230, 5, '2015-08-11 17:12:11', 2, NULL),
(223, 231, 5, '2015-08-11 17:12:11', 3, NULL),
(224, 232, 5, '2015-08-11 17:12:57', 0, NULL),
(225, 233, 5, '2015-08-11 17:12:57', 1, NULL),
(226, 234, 5, '2015-08-11 17:12:57', 2, NULL),
(227, 235, 5, '2015-08-11 17:12:57', 3, NULL),
(228, 236, 5, '2015-08-11 17:15:41', 0, NULL),
(229, 237, 5, '2015-08-11 17:15:43', 0, NULL),
(230, 238, 5, '2015-08-11 17:15:43', 1, NULL),
(231, 239, 5, '2015-08-11 17:15:44', 0, NULL),
(232, 240, 5, '2015-08-11 17:16:15', 0, NULL),
(233, 241, 5, '2015-08-11 17:16:15', 1, NULL),
(234, 242, 5, '2015-08-11 17:16:15', 2, NULL),
(235, 243, 5, '2015-08-11 17:16:15', 3, NULL),
(236, 244, 5, '2015-08-11 17:17:28', 0, NULL),
(237, 245, 5, '2015-08-11 17:17:28', 1, NULL),
(238, 246, 5, '2015-08-11 17:17:28', 2, NULL),
(239, 247, 5, '2015-08-11 17:17:28', 3, NULL),
(240, 248, 5, '2015-08-11 17:17:48', 0, NULL),
(241, 249, 5, '2015-08-11 17:17:50', 0, NULL),
(242, 250, 5, '2015-08-11 17:17:50', 1, NULL),
(243, 251, 5, '2015-08-11 17:17:51', 0, NULL),
(244, 252, 5, '2015-08-11 17:17:51', 1, NULL),
(245, 253, 5, '2015-08-11 17:19:06', 0, NULL),
(246, 254, 5, '2015-08-11 17:19:06', 1, NULL),
(247, 255, 5, '2015-08-11 17:19:06', 2, NULL),
(248, 256, 5, '2015-08-11 17:19:06', 3, NULL),
(249, 257, 5, '2015-08-12 07:15:32', 0, NULL),
(250, 258, 5, '2015-08-12 07:15:32', 1, NULL),
(251, 259, 5, '2015-08-12 07:15:32', 2, NULL),
(252, 260, 5, '2015-08-12 07:15:32', 3, NULL),
(253, 261, 5, '2015-08-12 07:20:22', 0, NULL),
(254, 262, 5, '2015-08-12 07:20:22', 1, NULL),
(255, 263, 5, '2015-08-12 07:20:22', 2, NULL),
(256, 264, 5, '2015-08-12 07:20:22', 3, NULL),
(257, 265, 5, '2015-08-12 07:51:16', 0, NULL),
(258, 266, 5, '2015-08-12 07:51:16', 1, NULL),
(259, 267, 5, '2015-08-12 07:51:16', 2, NULL),
(260, 268, 5, '2015-08-12 07:51:16', 3, NULL),
(261, 269, 5, '2015-08-12 07:59:00', 0, NULL),
(262, 270, 5, '2015-08-12 07:59:00', 1, NULL),
(263, 271, 5, '2015-08-12 07:59:00', 2, NULL),
(264, 272, 5, '2015-08-12 07:59:00', 3, NULL),
(265, 273, 5, '2015-08-12 07:59:35', 0, NULL),
(266, 274, 5, '2015-08-12 07:59:35', 1, NULL),
(267, 275, 5, '2015-08-12 07:59:35', 2, NULL),
(268, 276, 5, '2015-08-12 07:59:35', 3, NULL),
(269, 277, 5, '2015-08-12 08:03:04', 0, NULL),
(270, 278, 5, '2015-08-12 08:03:04', 1, NULL),
(271, 279, 5, '2015-08-12 08:03:04', 2, NULL),
(272, 280, 5, '2015-08-12 08:03:04', 3, NULL),
(273, 281, 5, '2015-08-12 08:04:32', 0, NULL),
(274, 282, 5, '2015-08-12 08:04:32', 1, NULL),
(275, 283, 5, '2015-08-12 08:04:32', 2, NULL),
(276, 284, 5, '2015-08-12 08:04:32', 3, NULL),
(277, 285, 5, '2015-08-12 08:08:49', 0, NULL),
(278, 286, 5, '2015-08-12 08:08:49', 1, NULL),
(279, 287, 5, '2015-08-12 08:08:49', 2, NULL),
(280, 288, 5, '2015-08-12 08:08:49', 3, NULL),
(281, 289, 5, '2015-08-12 08:12:38', 0, NULL),
(282, 290, 5, '2015-08-12 08:12:38', 1, NULL),
(283, 291, 5, '2015-08-12 08:12:38', 2, NULL),
(284, 292, 5, '2015-08-12 08:12:38', 3, NULL),
(285, 293, 5, '2015-08-12 08:12:50', 0, NULL),
(286, 294, 5, '2015-08-12 08:12:50', 1, NULL),
(287, 295, 5, '2015-08-12 08:12:50', 2, NULL),
(288, 296, 5, '2015-08-12 08:12:50', 3, NULL),
(289, 297, 5, '2015-08-12 08:14:29', 0, NULL),
(290, 298, 5, '2015-08-12 08:14:29', 1, NULL),
(291, 299, 5, '2015-08-12 08:14:29', 2, NULL),
(292, 300, 5, '2015-08-12 08:14:29', 3, NULL),
(293, 301, 5, '2015-08-12 08:14:33', 0, NULL),
(294, 302, 5, '2015-08-12 08:14:33', 1, NULL),
(295, 303, 5, '2015-08-12 08:14:33', 2, NULL),
(296, 304, 5, '2015-08-12 08:14:33', 3, NULL),
(297, 305, 5, '2015-08-12 08:14:38', 0, NULL),
(298, 306, 5, '2015-08-12 08:14:38', 1, NULL),
(299, 307, 5, '2015-08-12 08:14:38', 2, NULL),
(300, 308, 5, '2015-08-12 08:14:38', 3, NULL),
(301, 309, 5, '2015-08-12 08:14:44', 0, NULL),
(302, 310, 5, '2015-08-12 08:14:44', 1, NULL),
(303, 311, 5, '2015-08-12 08:14:44', 2, NULL),
(304, 312, 5, '2015-08-12 08:14:44', 3, NULL),
(305, 313, 5, '2015-08-12 08:16:42', 0, NULL),
(306, 314, 5, '2015-08-12 08:16:42', 1, NULL),
(307, 315, 5, '2015-08-12 08:16:42', 2, NULL),
(308, 316, 5, '2015-08-12 08:16:42', 3, NULL),
(309, 317, 5, '2015-08-12 08:19:51', 0, NULL),
(310, 318, 5, '2015-08-12 08:19:51', 1, NULL),
(311, 319, 5, '2015-08-12 08:19:51', 2, NULL),
(312, 320, 5, '2015-08-12 08:19:52', 3, NULL),
(313, 321, 5, '2015-08-12 10:30:48', 0, NULL),
(314, 322, 5, '2015-08-12 10:30:48', 1, NULL),
(315, 323, 5, '2015-08-12 10:30:48', 2, NULL),
(316, 324, 5, '2015-08-12 10:30:48', 3, NULL),
(317, 325, 5, '2015-08-12 10:31:04', 0, NULL),
(318, 326, 5, '2015-08-12 10:31:04', 1, NULL),
(319, 327, 5, '2015-08-12 10:31:04', 2, NULL),
(320, 328, 5, '2015-08-12 10:31:04', 3, NULL),
(321, 329, 5, '2015-08-12 10:33:28', 0, NULL),
(322, 330, 5, '2015-08-12 10:33:28', 1, NULL),
(323, 331, 5, '2015-08-12 10:33:28', 2, NULL),
(324, 332, 5, '2015-08-12 10:33:28', 3, NULL),
(325, 333, 5, '2015-08-12 10:33:32', 0, NULL),
(326, 334, 5, '2015-08-12 10:33:32', 1, NULL),
(327, 335, 5, '2015-08-12 10:33:32', 2, NULL),
(328, 336, 5, '2015-08-12 10:33:32', 3, NULL),
(329, 337, 5, '2015-08-12 10:35:50', 0, NULL),
(330, 338, 5, '2015-08-12 10:35:50', 1, NULL),
(331, 339, 5, '2015-08-12 10:35:50', 2, NULL),
(332, 340, 5, '2015-08-12 10:35:50', 3, NULL),
(333, 341, 5, '2015-08-12 10:35:56', 0, NULL),
(334, 342, 5, '2015-08-12 10:35:56', 1, NULL),
(335, 343, 5, '2015-08-12 10:35:56', 2, NULL),
(336, 344, 5, '2015-08-12 10:35:56', 3, NULL),
(337, 345, 5, '2015-08-12 10:35:59', 0, NULL),
(338, 346, 5, '2015-08-12 10:35:59', 1, NULL),
(339, 347, 5, '2015-08-12 10:35:59', 2, NULL),
(340, 348, 5, '2015-08-12 10:35:59', 3, NULL),
(341, 349, 5, '2015-08-12 10:36:03', 0, NULL),
(342, 350, 5, '2015-08-12 10:36:03', 1, NULL),
(343, 351, 5, '2015-08-12 10:36:28', 0, NULL),
(344, 352, 5, '2015-08-12 10:36:28', 1, NULL),
(345, 353, 5, '2015-08-12 10:36:28', 2, NULL),
(346, 354, 5, '2015-08-12 10:36:28', 3, NULL),
(347, 355, 5, '2015-08-12 10:37:29', 0, NULL),
(348, 356, 5, '2015-08-12 10:37:29', 1, NULL),
(349, 357, 5, '2015-08-12 10:37:29', 2, NULL),
(350, 358, 5, '2015-08-12 10:37:29', 3, NULL),
(351, 359, 5, '2015-08-12 10:39:50', 0, NULL),
(352, 360, 5, '2015-08-12 10:39:50', 1, NULL),
(353, 361, 5, '2015-08-12 10:39:50', 2, NULL),
(354, 362, 5, '2015-08-12 10:39:50', 3, NULL),
(355, 363, 5, '2015-08-12 10:39:56', 0, NULL),
(356, 364, 5, '2015-08-12 10:39:56', 1, NULL),
(357, 365, 5, '2015-08-12 10:39:56', 2, NULL),
(358, 366, 5, '2015-08-12 10:39:56', 3, NULL),
(359, 367, 5, '2015-08-12 10:49:34', 0, NULL),
(360, 368, 5, '2015-08-12 10:49:34', 1, NULL),
(361, 369, 5, '2015-08-12 10:49:34', 2, NULL),
(362, 370, 5, '2015-08-12 10:49:34', 3, NULL),
(363, 371, 5, '2015-08-12 10:54:21', 0, NULL),
(364, 372, 5, '2015-08-12 10:54:21', 1, NULL),
(365, 373, 5, '2015-08-12 10:54:21', 2, NULL),
(366, 374, 5, '2015-08-12 10:54:21', 3, NULL),
(367, 375, 5, '2015-08-12 10:54:27', 0, NULL),
(368, 376, 5, '2015-08-12 10:54:27', 1, NULL),
(369, 377, 5, '2015-08-12 10:54:27', 2, NULL),
(370, 378, 5, '2015-08-12 10:54:27', 3, NULL),
(371, 379, 5, '2015-08-12 10:54:32', 0, NULL),
(372, 380, 5, '2015-08-12 10:54:32', 1, NULL),
(373, 381, 5, '2015-08-12 10:54:32', 2, NULL),
(374, 382, 5, '2015-08-12 10:54:32', 3, NULL),
(375, 383, 5, '2015-08-12 10:54:39', 0, NULL),
(376, 384, 5, '2015-08-12 10:54:39', 1, NULL),
(377, 385, 5, '2015-08-12 10:54:39', 2, NULL),
(378, 386, 5, '2015-08-12 10:54:39', 3, NULL),
(379, 387, 5, '2015-08-12 10:55:36', 0, NULL),
(380, 388, 5, '2015-08-12 10:55:36', 1, NULL),
(381, 389, 5, '2015-08-12 10:55:36', 2, NULL),
(382, 390, 5, '2015-08-12 10:55:36', 3, NULL),
(383, 391, 5, '2015-08-12 11:01:16', 0, NULL),
(384, 392, 5, '2015-08-12 11:01:16', 1, NULL),
(385, 393, 5, '2015-08-12 11:01:16', 2, NULL),
(386, 394, 5, '2015-08-12 11:01:16', 3, NULL),
(387, 395, 5, '2015-08-12 11:02:48', 0, NULL),
(388, 396, 5, '2015-08-12 11:02:48', 1, NULL),
(389, 397, 5, '2015-08-12 11:02:48', 2, NULL),
(390, 398, 5, '2015-08-12 11:02:48', 3, NULL),
(391, 399, 5, '2015-08-12 11:04:22', 0, NULL),
(392, 400, 5, '2015-08-12 11:04:22', 1, NULL),
(393, 401, 5, '2015-08-12 11:04:22', 2, NULL),
(394, 402, 5, '2015-08-12 11:04:22', 3, NULL),
(395, 403, 5, '2015-08-12 11:27:10', 0, NULL),
(396, 404, 5, '2015-08-12 11:27:10', 1, NULL),
(397, 405, 5, '2015-08-12 11:27:10', 2, NULL),
(398, 406, 5, '2015-08-12 11:27:10', 3, NULL),
(399, 407, 5, '2015-08-12 11:30:01', 0, NULL),
(400, 408, 5, '2015-08-12 11:30:01', 1, NULL),
(401, 409, 5, '2015-08-12 11:30:01', 2, NULL),
(402, 410, 5, '2015-08-12 11:30:01', 3, NULL),
(403, 411, 5, '2015-08-12 11:36:43', 0, NULL),
(404, 412, 5, '2015-08-12 11:36:43', 1, NULL),
(405, 413, 5, '2015-08-12 11:36:43', 2, NULL),
(406, 414, 5, '2015-08-12 11:36:43', 3, NULL),
(407, 415, 5, '2015-08-12 11:37:20', 0, NULL),
(408, 416, 5, '2015-08-12 11:37:20', 1, NULL),
(409, 417, 5, '2015-08-12 11:37:20', 2, NULL),
(410, 418, 5, '2015-08-12 11:37:20', 3, NULL),
(411, 419, 5, '2015-08-12 11:38:22', 0, NULL),
(412, 420, 5, '2015-08-12 11:38:22', 1, NULL),
(413, 421, 5, '2015-08-12 11:38:22', 2, NULL),
(414, 422, 5, '2015-08-12 11:38:22', 3, NULL),
(415, 423, 5, '2015-08-12 11:39:42', 0, NULL),
(416, 424, 5, '2015-08-12 11:39:42', 1, NULL),
(417, 425, 5, '2015-08-12 11:39:42', 2, NULL),
(418, 426, 5, '2015-08-12 11:39:42', 3, NULL),
(419, 427, 5, '2015-08-12 11:40:48', 0, NULL),
(420, 428, 5, '2015-08-12 11:40:48', 1, NULL),
(421, 429, 5, '2015-08-12 11:40:48', 2, NULL),
(422, 430, 5, '2015-08-12 11:40:48', 3, NULL),
(423, 431, 5, '2015-08-12 11:42:11', 0, NULL),
(424, 432, 5, '2015-08-12 11:42:11', 1, NULL),
(425, 433, 5, '2015-08-12 11:42:11', 2, NULL),
(426, 434, 5, '2015-08-12 11:42:11', 3, NULL),
(427, 435, 5, '2015-08-12 11:45:14', 0, NULL),
(428, 436, 5, '2015-08-12 11:45:14', 1, NULL),
(429, 437, 5, '2015-08-12 11:45:14', 2, NULL),
(430, 438, 5, '2015-08-12 11:45:14', 3, NULL),
(431, 439, 5, '2015-08-12 11:46:39', 0, NULL),
(432, 440, 5, '2015-08-12 11:46:39', 1, NULL),
(433, 441, 5, '2015-08-12 11:46:39', 2, NULL),
(434, 442, 5, '2015-08-12 11:46:39', 3, NULL),
(435, 443, 5, '2015-08-12 12:54:46', 0, NULL),
(436, 444, 5, '2015-08-12 12:54:46', 1, NULL),
(437, 445, 5, '2015-08-12 12:54:46', 2, NULL),
(438, 446, 5, '2015-08-12 12:54:46', 3, NULL),
(439, 447, 5, '2015-08-12 12:57:51', 0, NULL),
(440, 448, 5, '2015-08-12 12:57:51', 1, NULL),
(441, 449, 5, '2015-08-12 12:57:51', 2, NULL),
(442, 450, 5, '2015-08-12 12:57:51', 3, NULL),
(443, 451, 5, '2015-08-12 13:02:08', 0, NULL),
(444, 452, 5, '2015-08-12 13:02:08', 1, NULL),
(445, 453, 5, '2015-08-12 13:02:08', 2, NULL),
(446, 454, 5, '2015-08-12 13:02:08', 3, NULL),
(447, 455, 5, '2015-08-12 13:05:27', 0, NULL),
(448, 456, 5, '2015-08-12 13:05:27', 1, NULL),
(449, 457, 5, '2015-08-12 13:05:27', 2, NULL),
(450, 458, 5, '2015-08-12 13:05:27', 3, NULL),
(451, 459, 5, '2015-08-12 13:07:56', 0, NULL),
(452, 460, 5, '2015-08-12 13:07:56', 1, NULL),
(453, 461, 5, '2015-08-12 13:07:56', 2, NULL),
(454, 462, 5, '2015-08-12 13:07:56', 3, NULL),
(455, 463, 5, '2015-08-12 13:08:17', 0, NULL),
(456, 464, 5, '2015-08-12 13:08:17', 1, NULL),
(457, 465, 5, '2015-08-12 13:08:17', 2, NULL),
(458, 466, 5, '2015-08-12 13:08:17', 3, NULL),
(459, 467, 5, '2015-08-12 13:18:19', 0, NULL),
(460, 468, 5, '2015-08-12 13:18:19', 1, NULL),
(461, 469, 5, '2015-08-12 13:18:19', 2, NULL),
(462, 470, 5, '2015-08-12 13:18:19', 3, NULL),
(463, 471, 5, '2015-08-12 13:25:08', 0, NULL),
(464, 472, 5, '2015-08-12 13:25:08', 1, NULL),
(465, 473, 5, '2015-08-12 13:25:08', 2, NULL),
(466, 474, 5, '2015-08-12 13:25:08', 3, NULL),
(467, 475, 5, '2015-08-12 13:26:58', 0, NULL),
(468, 476, 5, '2015-08-12 13:26:58', 1, NULL),
(469, 477, 5, '2015-08-12 13:26:58', 2, NULL),
(470, 478, 5, '2015-08-12 13:26:58', 3, NULL),
(471, 480, 5, '2015-08-12 13:34:34', 0, 2),
(472, 481, 5, '2015-08-12 13:34:34', 1, 1),
(473, 482, 5, '2015-08-12 13:34:34', 2, 3),
(474, 483, 5, '2015-08-12 13:34:34', 3, 4),
(475, 484, 5, '2015-08-12 13:35:49', 0, 2),
(476, 485, 5, '2015-08-12 13:35:49', 1, 1),
(477, 486, 5, '2015-08-12 13:35:49', 2, 3),
(478, 487, 5, '2015-08-12 13:35:49', 3, 4),
(479, 488, 5, '2015-08-12 13:37:00', 0, 2),
(480, 489, 5, '2015-08-12 13:37:00', 1, 1),
(481, 490, 5, '2015-08-12 13:37:00', 2, 3),
(482, 491, 5, '2015-08-12 13:37:00', 3, 4),
(483, 492, 5, '2015-08-12 16:19:45', 0, 1),
(484, 493, 5, '2015-08-12 16:19:46', 1, 2),
(485, 494, 5, '2015-08-12 16:19:46', 2, 3),
(486, 495, 5, '2015-08-12 16:19:46', 3, 4),
(487, 496, 5, '2015-08-12 16:38:17', 0, 1),
(488, 497, 5, '2015-08-12 16:38:17', 1, 2),
(489, 498, 5, '2015-08-12 16:38:17', 2, 3),
(490, 499, 5, '2015-08-12 16:38:17', 3, 4),
(491, 500, 5, '2015-08-12 16:39:11', 0, 1),
(492, 501, 5, '2015-08-12 16:39:11', 1, 2),
(493, 502, 5, '2015-08-12 16:39:11', 2, 3),
(494, 503, 5, '2015-08-12 16:39:11', 3, 4),
(495, 504, 5, '2015-08-12 16:42:07', 0, 1),
(496, 505, 5, '2015-08-12 16:42:07', 1, 2),
(497, 506, 5, '2015-08-12 16:42:07', 2, 3),
(498, 507, 5, '2015-08-12 16:42:07', 3, 4),
(499, 508, 5, '2015-08-12 16:46:30', 0, 1),
(500, 509, 5, '2015-08-12 16:46:30', 1, 2),
(501, 510, 5, '2015-08-12 16:46:30', 2, 3),
(502, 511, 5, '2015-08-12 16:46:30', 3, 4),
(503, 512, 5, '2015-08-12 16:48:59', 0, 1),
(504, 513, 5, '2015-08-12 16:48:59', 1, 2),
(505, 514, 5, '2015-08-12 16:48:59', 2, 3),
(506, 515, 5, '2015-08-12 16:48:59', 3, 4),
(507, 516, 5, '2015-08-12 16:49:01', 0, 1),
(508, 517, 5, '2015-08-12 16:49:01', 1, 2),
(509, 518, 5, '2015-08-12 16:49:01', 2, 3),
(510, 519, 5, '2015-08-12 16:49:01', 3, 4),
(511, 520, 5, '2015-08-12 16:57:31', 0, 1),
(512, 521, 5, '2015-08-12 16:57:31', 1, 2),
(513, 522, 5, '2015-08-12 16:57:31', 2, 3),
(514, 523, 5, '2015-08-12 16:57:31', 3, 4),
(515, 524, 5, '2015-08-12 17:02:08', 0, 1),
(516, 525, 5, '2015-08-12 17:02:08', 1, 2),
(517, 526, 5, '2015-08-12 17:02:08', 2, 3),
(518, 527, 5, '2015-08-12 17:02:08', 3, 4),
(519, 528, 5, '2015-08-12 17:02:35', 0, 1),
(520, 529, 5, '2015-08-12 17:02:35', 1, 2),
(521, 530, 5, '2015-08-12 17:02:35', 2, 3),
(522, 531, 5, '2015-08-12 17:02:35', 3, 4),
(523, 532, 5, '2015-08-12 17:02:49', 0, 1),
(524, 533, 5, '2015-08-12 17:02:49', 1, 2),
(525, 534, 5, '2015-08-12 17:02:49', 2, 3),
(526, 535, 5, '2015-08-12 17:02:49', 3, 4),
(527, 536, 5, '2015-08-12 17:06:32', 0, 1),
(528, 537, 5, '2015-08-12 17:06:32', 1, 2),
(529, 538, 5, '2015-08-12 17:06:32', 2, 3),
(530, 539, 5, '2015-08-12 17:06:32', 3, 4),
(531, 540, 5, '2015-08-12 17:07:12', 0, 1),
(532, 541, 5, '2015-08-12 17:07:12', 1, 2),
(533, 542, 5, '2015-08-12 17:07:12', 2, 3),
(534, 543, 5, '2015-08-12 17:07:12', 3, 4),
(535, 544, 5, '2015-08-12 17:13:06', 0, 2),
(536, 545, 5, '2015-08-12 17:13:39', 0, 2),
(537, 546, 5, '2015-08-12 17:13:45', 0, 2),
(538, 547, 5, '2015-08-12 17:17:43', 0, 1),
(539, 548, 5, '2015-08-12 17:17:43', 1, 2),
(540, 549, 5, '2015-08-12 17:17:43', 2, 3),
(541, 550, 5, '2015-08-12 17:17:43', 3, 4),
(542, 551, 5, '2015-08-12 17:18:38', 0, 1),
(543, 552, 5, '2015-08-12 17:18:38', 1, 2),
(544, 553, 5, '2015-08-12 17:18:38', 2, 3),
(545, 554, 5, '2015-08-12 17:18:38', 3, 4),
(546, 556, 5, '2015-08-12 17:23:36', 0, 1),
(547, 557, 5, '2015-08-12 17:23:36', 1, 2),
(548, 558, 5, '2015-08-12 17:23:36', 2, 3),
(549, 559, 5, '2015-08-12 17:23:36', 3, 4),
(550, 560, 5, '2015-08-12 17:25:38', 0, 1),
(551, 561, 5, '2015-08-12 17:25:38', 1, 2),
(552, 562, 5, '2015-08-12 17:25:38', 2, 3),
(553, 563, 5, '2015-08-12 17:25:38', 3, 4),
(554, 564, 5, '2015-08-12 17:25:56', 0, 3),
(555, 565, 5, '2015-08-12 17:25:56', 1, 4),
(556, 566, 5, '2015-08-12 17:26:05', 0, 2),
(557, 567, 5, '2015-08-12 17:26:09', 0, 3),
(558, 568, 5, '2015-08-12 17:26:09', 1, 4),
(559, 569, 5, '2015-08-12 17:26:12', 0, 2),
(560, 570, 5, '2015-08-12 17:27:32', 0, 1),
(561, 571, 5, '2015-08-12 17:27:32', 1, 2),
(562, 572, 5, '2015-08-12 17:27:32', 2, 3),
(563, 573, 5, '2015-08-12 17:27:32', 3, 4),
(564, 574, 5, '2015-08-12 17:27:33', 0, 1),
(565, 575, 5, '2015-08-12 17:27:33', 1, 2),
(566, 576, 5, '2015-08-12 17:27:33', 2, 3),
(567, 577, 5, '2015-08-12 17:27:33', 3, 4),
(568, 578, 5, '2015-08-12 17:27:54', 0, 1),
(569, 579, 5, '2015-08-12 17:27:54', 1, 2),
(570, 580, 5, '2015-08-12 17:27:54', 2, 3),
(571, 581, 5, '2015-08-12 17:27:54', 3, 4),
(572, 582, 5, '2015-08-12 17:30:58', 0, 1),
(573, 583, 5, '2015-08-12 17:30:58', 1, 2),
(574, 584, 5, '2015-08-12 17:30:58', 2, 3),
(575, 585, 5, '2015-08-12 17:30:58', 3, 4),
(576, 586, 5, '2015-08-13 12:46:35', 0, 1),
(577, 587, 5, '2015-08-13 12:46:35', 1, 2),
(578, 588, 5, '2015-08-13 12:46:35', 2, 5),
(579, 589, 5, '2015-08-13 12:46:35', 3, 3),
(580, 590, 5, '2015-08-13 12:46:36', 4, 4),
(581, 591, 5, '2015-08-13 13:02:05', 0, 2),
(582, 592, 5, '2015-08-13 13:02:05', 1, 1),
(583, 593, 5, '2015-08-13 13:02:05', 2, 5),
(584, 594, 5, '2015-08-13 13:02:05', 3, 3),
(585, 595, 5, '2015-08-13 13:02:05', 4, 4),
(586, 596, 5, '2015-08-13 13:32:16', 0, 2),
(587, 597, 5, '2015-08-13 13:32:16', 1, 1),
(588, 598, 5, '2015-08-13 13:32:16', 2, 5),
(589, 599, 5, '2015-08-13 13:32:16', 3, 3),
(590, 600, 5, '2015-08-13 13:32:16', 4, 4),
(591, 601, 5, '2015-08-13 13:35:17', 0, 2),
(592, 602, 5, '2015-08-13 13:35:17', 1, 1),
(593, 603, 5, '2015-08-13 13:35:17', 2, 5),
(594, 604, 5, '2015-08-13 13:35:17', 3, 3),
(595, 605, 5, '2015-08-13 13:35:17', 4, 4),
(596, 606, 5, '2015-08-13 13:35:27', 0, 2),
(597, 607, 5, '2015-08-13 13:35:27', 1, 1),
(598, 608, 5, '2015-08-13 13:35:27', 2, 5),
(599, 609, 5, '2015-08-13 13:35:27', 3, 3),
(600, 610, 5, '2015-08-13 13:35:27', 4, 4),
(601, 611, 5, '2015-08-13 13:46:42', 0, 1),
(602, 612, 5, '2015-08-13 13:46:42', 1, 2),
(603, 613, 5, '2015-08-13 13:46:42', 2, 5),
(604, 614, 5, '2015-08-13 13:46:42', 3, 3),
(605, 615, 5, '2015-08-13 13:46:43', 4, 4),
(606, 616, 5, '2015-08-13 13:47:01', 0, 1),
(607, 617, 5, '2015-08-13 13:47:01', 1, 2),
(608, 618, 5, '2015-08-13 13:47:01', 2, 5),
(609, 619, 5, '2015-08-13 13:47:01', 3, 3),
(610, 620, 5, '2015-08-13 13:47:01', 4, 4),
(611, 621, 5, '2015-08-13 13:47:08', 0, 1),
(612, 622, 5, '2015-08-13 13:47:08', 1, 2),
(613, 623, 5, '2015-08-13 13:47:08', 2, 5),
(614, 624, 5, '2015-08-13 13:47:08', 3, 3),
(615, 625, 5, '2015-08-13 13:47:08', 4, 4),
(616, 626, 5, '2015-08-13 13:47:25', 0, 1),
(617, 627, 5, '2015-08-13 13:47:25', 1, 2),
(618, 628, 5, '2015-08-13 13:47:25', 2, 5),
(619, 629, 5, '2015-08-13 13:47:25', 3, 3),
(620, 630, 5, '2015-08-13 13:47:25', 4, 4),
(621, 631, 5, '2015-08-13 13:48:26', 0, 2),
(622, 632, 5, '2015-08-13 13:48:26', 1, 1),
(623, 633, 5, '2015-08-13 13:48:26', 2, 5),
(624, 634, 5, '2015-08-13 13:48:26', 3, 3),
(625, 635, 5, '2015-08-13 13:48:26', 4, 4),
(626, 636, 5, '2015-08-13 14:02:56', 0, 1),
(627, 637, 5, '2015-08-13 14:02:56', 1, 2),
(628, 638, 5, '2015-08-13 14:02:56', 2, 5),
(629, 639, 5, '2015-08-13 14:02:56', 3, 3),
(630, 640, 5, '2015-08-13 14:02:56', 4, 4),
(631, 641, 5, '2015-08-13 14:10:57', 0, 5),
(632, 642, 5, '2015-08-13 14:10:57', 1, 1),
(633, 643, 5, '2015-08-13 14:10:57', 2, 2),
(634, 644, 5, '2015-08-13 14:10:57', 3, 3),
(635, 645, 5, '2015-08-13 14:10:57', 4, 4),
(636, 646, 5, '2015-08-13 14:13:22', 0, 5),
(637, 647, 5, '2015-08-13 14:13:22', 1, 1),
(638, 648, 5, '2015-08-13 14:13:22', 2, 2),
(639, 649, 5, '2015-08-13 14:13:22', 3, 3),
(640, 650, 5, '2015-08-13 14:13:22', 4, 4),
(641, 651, 5, '2015-08-13 14:14:30', 0, 5),
(642, 652, 5, '2015-08-13 14:14:30', 1, 1),
(643, 653, 5, '2015-08-13 14:14:30', 2, 2),
(644, 654, 5, '2015-08-13 14:14:30', 3, 3),
(645, 655, 5, '2015-08-13 14:14:30', 4, 4),
(646, 656, 5, '2015-08-13 14:20:49', 0, 5),
(647, 657, 5, '2015-08-13 14:20:49', 1, 1),
(648, 658, 5, '2015-08-13 14:20:49', 2, 2),
(649, 659, 5, '2015-08-13 14:20:49', 3, 3),
(650, 660, 5, '2015-08-13 14:20:49', 4, 4),
(651, 661, 5, '2015-08-13 14:28:26', 0, 1),
(652, 662, 5, '2015-08-13 14:28:26', 1, 2),
(653, 663, 5, '2015-08-13 14:28:26', 2, 5),
(654, 664, 5, '2015-08-13 14:28:26', 3, 3),
(655, 665, 5, '2015-08-13 14:28:26', 4, 4),
(656, 666, 5, '2015-08-13 14:31:27', 0, 1),
(657, 667, 5, '2015-08-13 14:31:27', 1, 2),
(658, 668, 5, '2015-08-13 14:31:27', 2, 5),
(659, 669, 5, '2015-08-13 14:31:27', 3, 3),
(660, 670, 5, '2015-08-13 14:31:27', 4, 4),
(661, 671, 5, '2015-08-13 14:32:51', 0, 2),
(662, 672, 5, '2015-08-13 14:32:51', 1, 1),
(663, 673, 5, '2015-08-13 14:32:51', 2, 5),
(664, 674, 5, '2015-08-13 14:32:51', 3, 3),
(665, 675, 5, '2015-08-13 14:32:51', 4, 4),
(666, 676, 5, '2015-08-13 14:33:38', 0, 2),
(667, 677, 5, '2015-08-13 14:33:38', 1, 1),
(668, 678, 5, '2015-08-13 14:33:38', 2, 5),
(669, 679, 5, '2015-08-13 14:33:38', 3, 3),
(670, 680, 5, '2015-08-13 14:33:38', 4, 4),
(671, 681, 5, '2015-08-13 14:36:32', 0, 2),
(672, 682, 5, '2015-08-13 14:36:32', 1, 1),
(673, 683, 5, '2015-08-13 14:36:32', 2, 5),
(674, 684, 5, '2015-08-13 14:36:32', 3, 3),
(675, 685, 5, '2015-08-13 14:36:32', 4, 4),
(676, 686, 5, '2015-08-13 16:05:53', 0, 1),
(677, 687, 5, '2015-08-13 16:05:53', 1, 2),
(678, 688, 5, '2015-08-13 16:05:53', 2, 5),
(679, 689, 5, '2015-08-13 16:05:53', 3, 3),
(680, 690, 5, '2015-08-13 16:05:53', 4, 4),
(681, 691, 5, '2015-08-13 16:06:49', 0, 1),
(682, 692, 5, '2015-08-13 16:06:49', 1, 2),
(683, 693, 5, '2015-08-13 16:06:49', 2, 5),
(684, 694, 5, '2015-08-13 16:06:49', 3, 3),
(685, 695, 5, '2015-08-13 16:06:49', 4, 4),
(686, 696, 5, '2015-08-13 16:14:10', 0, 1),
(687, 697, 5, '2015-08-13 16:14:10', 1, 2),
(688, 698, 5, '2015-08-13 16:14:10', 2, 5),
(689, 699, 5, '2015-08-13 16:14:10', 3, 3),
(690, 700, 5, '2015-08-13 16:14:10', 4, 4),
(691, 701, 5, '2015-08-13 16:17:30', 0, 1),
(692, 702, 5, '2015-08-13 16:17:30', 1, 2),
(693, 703, 5, '2015-08-13 16:17:30', 2, 5),
(694, 704, 5, '2015-08-13 16:17:30', 3, 3),
(695, 705, 5, '2015-08-13 16:17:30', 4, 4),
(696, 706, 5, '2015-08-13 16:19:58', 0, 1),
(697, 707, 5, '2015-08-13 16:19:58', 1, 2),
(698, 708, 5, '2015-08-13 16:19:59', 2, 5),
(699, 709, 5, '2015-08-13 16:19:59', 3, 3),
(700, 710, 5, '2015-08-13 16:19:59', 4, 4),
(701, 711, 5, '2015-08-13 16:21:40', 0, 1),
(702, 712, 5, '2015-08-13 16:21:40', 1, 2),
(703, 713, 5, '2015-08-13 16:21:40', 2, 5),
(704, 714, 5, '2015-08-13 16:21:40', 3, 3),
(705, 715, 5, '2015-08-13 16:21:40', 4, 4),
(706, 716, 5, '2015-08-13 16:23:05', 0, 1),
(707, 717, 5, '2015-08-13 16:23:05', 1, 2),
(708, 718, 5, '2015-08-13 16:23:05', 2, 5),
(709, 719, 5, '2015-08-13 16:23:05', 3, 3),
(710, 720, 5, '2015-08-13 16:23:05', 4, 4),
(711, 721, 5, '2015-08-13 16:23:27', 0, 1),
(712, 722, 5, '2015-08-13 16:23:27', 1, 2),
(713, 723, 5, '2015-08-13 16:23:27', 2, 5),
(714, 724, 5, '2015-08-13 16:23:27', 3, 3),
(715, 725, 5, '2015-08-13 16:23:27', 4, 4),
(716, 726, 5, '2015-08-13 16:26:15', 0, 1),
(717, 727, 5, '2015-08-13 16:26:15', 1, 2),
(718, 728, 5, '2015-08-13 16:26:15', 2, 5),
(719, 729, 5, '2015-08-13 16:26:15', 3, 3),
(720, 730, 5, '2015-08-13 16:26:15', 4, 4),
(721, 731, 5, '2015-08-13 16:27:33', 0, 1),
(722, 732, 5, '2015-08-13 16:27:33', 1, 2),
(723, 733, 5, '2015-08-13 16:27:33', 2, 5),
(724, 734, 5, '2015-08-13 16:27:33', 3, 3),
(725, 735, 5, '2015-08-13 16:27:33', 4, 4),
(726, 736, 5, '2015-08-13 16:28:53', 0, 1),
(727, 737, 5, '2015-08-13 16:28:53', 1, 2),
(728, 738, 5, '2015-08-13 16:28:53', 2, 5),
(729, 739, 5, '2015-08-13 16:28:53', 3, 3),
(730, 740, 5, '2015-08-13 16:28:53', 4, 4),
(731, 741, 5, '2015-08-13 16:35:20', 0, 1),
(732, 742, 5, '2015-08-13 16:35:20', 1, 2),
(733, 743, 5, '2015-08-13 16:35:20', 2, 5),
(734, 744, 5, '2015-08-13 16:35:20', 3, 3),
(735, 745, 5, '2015-08-13 16:35:20', 4, 4),
(736, 746, 5, '2015-08-13 16:36:55', 0, 1),
(737, 747, 5, '2015-08-13 16:36:55', 1, 2),
(738, 748, 5, '2015-08-13 16:36:55', 2, 5),
(739, 749, 5, '2015-08-13 16:36:55', 3, 3),
(740, 750, 5, '2015-08-13 16:36:55', 4, 4),
(741, 751, 5, '2015-08-13 16:38:18', 0, 1),
(742, 752, 5, '2015-08-13 16:38:18', 1, 2),
(743, 753, 5, '2015-08-13 16:38:18', 2, 5),
(744, 754, 5, '2015-08-13 16:38:18', 3, 3),
(745, 755, 5, '2015-08-13 16:38:18', 4, 4),
(746, 756, 5, '2015-08-13 16:41:34', 0, 1),
(747, 757, 5, '2015-08-13 16:41:34', 1, 2),
(748, 758, 5, '2015-08-13 16:41:34', 2, 5),
(749, 759, 5, '2015-08-13 16:41:34', 3, 3),
(750, 760, 5, '2015-08-13 16:41:34', 4, 4),
(751, 761, 5, '2015-08-13 16:42:28', 0, 1),
(752, 762, 5, '2015-08-13 16:42:28', 1, 2),
(753, 763, 5, '2015-08-13 16:42:28', 2, 5),
(754, 764, 5, '2015-08-13 16:42:28', 3, 3),
(755, 765, 5, '2015-08-13 16:42:28', 4, 4),
(756, 766, 5, '2015-08-13 16:42:51', 0, 1),
(757, 767, 5, '2015-08-13 16:42:51', 1, 2),
(758, 768, 5, '2015-08-13 16:42:51', 2, 5),
(759, 769, 5, '2015-08-13 16:42:51', 3, 3),
(760, 770, 5, '2015-08-13 16:42:51', 4, 4),
(761, 771, 5, '2015-08-13 16:42:58', 0, 1),
(762, 772, 5, '2015-08-13 16:42:58', 1, 2),
(763, 773, 5, '2015-08-13 16:42:58', 2, 5),
(764, 774, 5, '2015-08-13 16:42:58', 3, 3),
(765, 775, 5, '2015-08-13 16:42:58', 4, 4),
(766, 776, 5, '2015-08-13 16:44:46', 0, 1),
(767, 777, 5, '2015-08-13 16:44:46', 1, 2),
(768, 778, 5, '2015-08-13 16:44:46', 2, 5),
(769, 779, 5, '2015-08-13 16:44:46', 3, 3),
(770, 780, 5, '2015-08-13 16:44:46', 4, 4),
(771, 781, 5, '2015-08-14 10:00:14', 0, 5),
(772, 782, 5, '2015-08-14 10:00:14', 1, 2),
(773, 783, 5, '2015-08-14 10:00:14', 2, 1),
(774, 784, 5, '2015-08-14 10:00:14', 3, 4),
(775, 785, 5, '2015-08-14 10:00:14', 4, 3),
(776, 786, 5, '2015-08-14 10:00:18', 0, 5),
(777, 787, 5, '2015-08-14 10:00:18', 1, 2),
(778, 788, 5, '2015-08-14 10:00:18', 2, 1),
(779, 789, 5, '2015-08-14 10:00:18', 3, 4),
(780, 790, 5, '2015-08-14 10:00:18', 4, 3),
(781, 791, 5, '2015-08-14 10:00:43', 0, 5),
(782, 792, 5, '2015-08-14 10:00:43', 1, 2),
(783, 793, 5, '2015-08-14 10:00:43', 2, 1),
(784, 794, 5, '2015-08-14 10:00:43', 3, 4),
(785, 795, 5, '2015-08-14 10:00:43', 4, 3),
(786, 796, 5, '2015-08-14 10:08:22', 0, 1),
(787, 797, 5, '2015-08-14 10:08:22', 1, 2),
(788, 798, 5, '2015-08-14 10:08:22', 2, 5),
(789, 799, 5, '2015-08-14 10:08:22', 3, 3),
(790, 800, 5, '2015-08-14 10:08:22', 4, 4),
(791, 801, 5, '2015-08-14 10:50:03', 0, 1),
(792, 802, 5, '2015-08-14 10:50:03', 1, 2),
(793, 803, 5, '2015-08-14 10:50:03', 2, 5),
(794, 804, 5, '2015-08-14 10:50:03', 3, 3),
(795, 805, 5, '2015-08-14 10:50:03', 4, 4),
(796, 806, 5, '2015-08-14 10:56:55', 0, 1),
(797, 807, 5, '2015-08-14 10:56:55', 1, 2),
(798, 808, 5, '2015-08-14 10:56:55', 2, 5),
(799, 809, 5, '2015-08-14 10:56:55', 3, 3),
(800, 810, 5, '2015-08-14 10:56:55', 4, 4),
(801, 811, 5, '2015-08-14 11:05:17', 0, 1),
(802, 812, 5, '2015-08-14 11:05:17', 1, 2),
(803, 813, 5, '2015-08-14 11:05:17', 2, 5),
(804, 814, 5, '2015-08-14 11:05:17', 3, 3),
(805, 815, 5, '2015-08-14 11:05:17', 4, 4),
(806, 816, 5, '2015-08-14 11:10:58', 0, 1),
(807, 817, 5, '2015-08-14 11:10:58', 1, 2),
(808, 818, 5, '2015-08-14 11:10:58', 2, 5),
(809, 819, 5, '2015-08-14 11:10:58', 3, 3),
(810, 820, 5, '2015-08-14 11:10:58', 4, 4),
(811, 821, 5, '2015-08-14 11:21:08', 0, 1),
(812, 822, 5, '2015-08-14 11:21:08', 1, 2),
(813, 823, 5, '2015-08-14 11:21:08', 2, 5),
(814, 824, 5, '2015-08-14 11:21:08', 3, 3),
(815, 825, 5, '2015-08-14 11:21:08', 4, 4),
(816, 826, 5, '2015-08-14 11:24:44', 0, 1),
(817, 827, 5, '2015-08-14 11:24:44', 1, 2),
(818, 828, 5, '2015-08-14 11:24:44', 2, 5),
(819, 829, 5, '2015-08-14 11:24:44', 3, 3),
(820, 830, 5, '2015-08-14 11:24:44', 4, 4),
(821, 831, 5, '2015-08-14 11:33:18', 0, 1),
(822, 832, 5, '2015-08-14 11:33:18', 1, 2),
(823, 833, 5, '2015-08-14 11:33:18', 2, 5),
(824, 834, 5, '2015-08-14 11:33:18', 3, 3),
(825, 835, 5, '2015-08-14 11:33:18', 4, 4),
(826, 836, 5, '2015-08-14 11:34:56', 0, 1),
(827, 837, 5, '2015-08-14 11:34:56', 1, 2),
(828, 838, 5, '2015-08-14 11:34:56', 2, 5),
(829, 839, 5, '2015-08-14 11:34:56', 3, 3),
(830, 840, 5, '2015-08-14 11:34:56', 4, 4),
(831, 841, 5, '2015-08-14 14:10:46', 0, 1),
(832, 842, 5, '2015-08-14 14:10:46', 1, 2),
(833, 843, 5, '2015-08-14 14:10:46', 2, 5),
(834, 844, 5, '2015-08-14 14:10:46', 3, 3),
(835, 845, 5, '2015-08-14 14:10:46', 4, 4),
(836, 846, 5, '2015-08-14 14:19:29', 0, 1),
(837, 847, 5, '2015-08-14 14:19:29', 1, 2),
(838, 848, 5, '2015-08-14 14:19:29', 2, 5),
(839, 849, 5, '2015-08-14 14:19:29', 3, 3),
(840, 850, 5, '2015-08-14 14:19:29', 4, 4),
(841, 851, 5, '2015-08-14 14:26:54', 0, 1),
(842, 852, 5, '2015-08-14 14:26:54', 1, 2),
(843, 853, 5, '2015-08-14 14:26:54', 2, 5),
(844, 854, 5, '2015-08-14 14:26:54', 3, 3),
(845, 855, 5, '2015-08-14 14:26:54', 4, 4),
(846, 856, 5, '2015-08-14 14:27:03', 0, 1),
(847, 857, 5, '2015-08-14 14:27:03', 1, 2),
(848, 858, 5, '2015-08-14 14:27:03', 2, 5),
(849, 859, 5, '2015-08-14 14:27:03', 3, 3),
(850, 860, 5, '2015-08-14 14:27:03', 4, 4),
(851, 861, 5, '2015-08-14 14:27:26', 0, 1),
(852, 862, 5, '2015-08-14 14:27:26', 1, 2),
(853, 863, 5, '2015-08-14 14:27:26', 2, 5),
(854, 864, 5, '2015-08-14 14:27:26', 3, 3),
(855, 865, 5, '2015-08-14 14:27:26', 4, 4),
(856, 866, 5, '2015-08-14 14:28:12', 0, 1),
(857, 867, 5, '2015-08-14 14:28:12', 1, 2),
(858, 868, 5, '2015-08-14 14:28:12', 2, 5),
(859, 869, 5, '2015-08-14 14:28:12', 3, 3),
(860, 870, 5, '2015-08-14 14:28:12', 4, 4),
(861, 871, 5, '2015-08-14 14:28:22', 0, 1),
(862, 872, 5, '2015-08-14 14:28:22', 1, 2),
(863, 873, 5, '2015-08-14 14:28:22', 2, 5),
(864, 874, 5, '2015-08-14 14:28:22', 3, 3),
(865, 875, 5, '2015-08-14 14:28:22', 4, 4),
(866, 876, 5, '2015-08-14 14:28:30', 0, 1),
(867, 877, 5, '2015-08-14 14:28:30', 1, 2),
(868, 878, 5, '2015-08-14 14:28:30', 2, 5),
(869, 879, 5, '2015-08-14 14:28:30', 3, 3),
(870, 880, 5, '2015-08-14 14:28:30', 4, 4),
(871, 881, 5, '2015-08-14 14:28:33', 0, 1),
(872, 882, 5, '2015-08-14 14:28:33', 1, 2),
(873, 883, 5, '2015-08-14 14:28:33', 2, 5),
(874, 884, 5, '2015-08-14 14:28:33', 3, 3),
(875, 885, 5, '2015-08-14 14:28:33', 4, 4),
(876, 886, 5, '2015-08-14 14:34:57', 0, 1),
(877, 887, 5, '2015-08-14 14:34:57', 1, 2),
(878, 888, 5, '2015-08-14 14:34:57', 2, 5),
(879, 889, 5, '2015-08-14 14:34:57', 3, 3),
(880, 890, 5, '2015-08-14 14:34:57', 4, 4),
(881, 891, 5, '2015-08-14 14:35:06', 0, 1),
(882, 892, 5, '2015-08-14 14:35:06', 1, 2),
(883, 893, 5, '2015-08-14 14:35:06', 2, 5),
(884, 894, 5, '2015-08-14 14:35:06', 3, 3),
(885, 895, 5, '2015-08-14 14:35:06', 4, 4),
(886, 896, 5, '2015-08-14 14:36:12', 0, 1),
(887, 897, 5, '2015-08-14 14:36:12', 1, 2),
(888, 898, 5, '2015-08-14 14:36:12', 2, 5),
(889, 899, 5, '2015-08-14 14:36:12', 3, 3),
(890, 900, 5, '2015-08-14 14:36:12', 4, 4),
(891, 901, 5, '2015-08-14 14:37:52', 0, 1),
(892, 902, 5, '2015-08-14 14:37:52', 1, 2),
(893, 903, 5, '2015-08-14 14:37:52', 2, 5),
(894, 904, 5, '2015-08-14 14:37:52', 3, 3),
(895, 905, 5, '2015-08-14 14:37:52', 4, 4),
(896, 906, 5, '2015-08-14 14:40:57', 0, 1),
(897, 907, 5, '2015-08-14 14:40:57', 1, 2),
(898, 908, 5, '2015-08-14 14:40:57', 2, 5),
(899, 909, 5, '2015-08-14 14:40:57', 3, 3),
(900, 910, 5, '2015-08-14 14:40:57', 4, 4),
(901, 911, 5, '2015-08-14 14:43:11', 0, 1),
(902, 912, 5, '2015-08-14 14:43:11', 1, 2),
(903, 913, 5, '2015-08-14 14:43:11', 2, 5),
(904, 914, 5, '2015-08-14 14:43:11', 3, 3),
(905, 915, 5, '2015-08-14 14:43:11', 4, 4),
(906, 916, 5, '2015-08-14 14:44:07', 0, 1),
(907, 917, 5, '2015-08-14 14:44:07', 1, 2),
(908, 918, 5, '2015-08-14 14:44:07', 2, 5),
(909, 919, 5, '2015-08-14 14:44:07', 3, 3),
(910, 920, 5, '2015-08-14 14:44:07', 4, 4),
(911, 921, 5, '2015-08-14 14:45:02', 0, 1),
(912, 922, 5, '2015-08-14 14:45:02', 1, 2),
(913, 923, 5, '2015-08-14 14:45:02', 2, 5),
(914, 924, 5, '2015-08-14 14:45:02', 3, 3),
(915, 925, 5, '2015-08-14 14:45:02', 4, 4),
(916, 926, 5, '2015-08-14 14:54:29', 0, 1),
(917, 927, 5, '2015-08-14 14:54:29', 1, 2),
(918, 928, 5, '2015-08-14 14:54:29', 2, 5),
(919, 929, 5, '2015-08-14 14:54:29', 3, 3),
(920, 930, 5, '2015-08-14 14:54:29', 4, 4),
(921, 931, 5, '2015-08-14 15:01:26', 0, 1),
(922, 932, 5, '2015-08-14 15:01:26', 1, 2),
(923, 933, 5, '2015-08-14 15:01:26', 2, 5),
(924, 934, 5, '2015-08-14 15:01:26', 3, 3),
(925, 935, 5, '2015-08-14 15:01:26', 4, 4),
(926, 936, 5, '2015-08-14 15:03:13', 0, 1),
(927, 937, 5, '2015-08-14 15:03:13', 1, 2),
(928, 938, 5, '2015-08-14 15:03:14', 2, 5),
(929, 939, 5, '2015-08-14 15:03:14', 3, 3),
(930, 940, 5, '2015-08-14 15:03:14', 4, 4),
(931, 941, 5, '2015-08-14 15:04:05', 0, 1),
(932, 942, 5, '2015-08-14 15:04:05', 1, 2),
(933, 943, 5, '2015-08-14 15:04:05', 2, 5),
(934, 944, 5, '2015-08-14 15:04:05', 3, 3),
(935, 945, 5, '2015-08-14 15:04:05', 4, 4),
(936, 946, 5, '2015-08-14 16:32:14', 0, 1),
(937, 947, 5, '2015-08-14 16:32:14', 1, 2),
(938, 948, 5, '2015-08-14 16:32:14', 2, 5),
(939, 949, 5, '2015-08-14 16:32:14', 3, 3),
(940, 950, 5, '2015-08-14 16:32:14', 4, 4),
(941, 951, 5, '2015-08-14 16:32:35', 0, 1),
(942, 952, 5, '2015-08-14 16:32:35', 1, 2),
(943, 953, 5, '2015-08-14 16:32:35', 2, 5),
(944, 954, 5, '2015-08-14 16:32:35', 3, 3),
(945, 955, 5, '2015-08-14 16:32:35', 4, 4),
(946, 956, 5, '2015-08-14 16:32:54', 0, 1),
(947, 957, 5, '2015-08-14 16:32:54', 1, 2),
(948, 958, 5, '2015-08-14 16:32:54', 2, 5),
(949, 959, 5, '2015-08-14 16:32:54', 3, 3),
(950, 960, 5, '2015-08-14 16:32:54', 4, 4),
(951, 961, 5, '2015-08-14 16:40:39', 0, 1),
(952, 962, 5, '2015-08-14 16:40:39', 1, 2),
(953, 963, 5, '2015-08-14 16:40:39', 2, 5),
(954, 964, 5, '2015-08-14 16:40:39', 3, 3),
(955, 965, 5, '2015-08-14 16:40:39', 4, 4),
(956, 966, 5, '2015-08-14 16:41:34', 0, 1),
(957, 967, 5, '2015-08-14 16:41:34', 1, 2),
(958, 968, 5, '2015-08-14 16:41:34', 2, 5),
(959, 969, 5, '2015-08-14 16:41:34', 3, 3),
(960, 970, 5, '2015-08-14 16:41:34', 4, 4),
(961, 971, 5, '2015-08-14 16:42:17', 0, 1),
(962, 972, 5, '2015-08-14 16:42:17', 1, 2),
(963, 973, 5, '2015-08-14 16:42:17', 2, 5),
(964, 974, 5, '2015-08-14 16:42:17', 3, 3),
(965, 975, 5, '2015-08-14 16:42:17', 4, 4),
(966, 976, 5, '2015-08-14 16:43:44', 0, 1),
(967, 977, 5, '2015-08-14 16:43:44', 1, 2),
(968, 978, 5, '2015-08-14 16:43:44', 2, 5),
(969, 979, 5, '2015-08-14 16:43:44', 3, 3),
(970, 980, 5, '2015-08-14 16:43:44', 4, 4),
(971, 981, 5, '2015-08-14 16:45:05', 0, 1),
(972, 982, 5, '2015-08-14 16:45:05', 1, 2),
(973, 983, 5, '2015-08-14 16:45:05', 2, 5),
(974, 984, 5, '2015-08-14 16:45:05', 3, 3),
(975, 985, 5, '2015-08-14 16:45:05', 4, 4),
(976, 986, 5, '2015-08-14 16:45:15', 0, 1),
(977, 987, 5, '2015-08-14 16:45:15', 1, 2),
(978, 988, 5, '2015-08-14 16:45:15', 2, 5),
(979, 989, 5, '2015-08-14 16:45:15', 3, 3),
(980, 990, 5, '2015-08-14 16:45:15', 4, 4),
(981, 991, 5, '2015-08-14 16:47:57', 0, 1),
(982, 992, 5, '2015-08-14 16:47:57', 1, 2),
(983, 993, 5, '2015-08-14 16:47:57', 2, 5),
(984, 994, 5, '2015-08-14 16:47:57', 3, 3),
(985, 995, 5, '2015-08-14 16:47:57', 4, 4),
(986, 996, 5, '2015-08-14 16:51:23', 0, 1),
(987, 997, 5, '2015-08-14 16:51:23', 1, 2),
(988, 998, 5, '2015-08-14 16:51:23', 2, 5),
(989, 999, 5, '2015-08-14 16:51:23', 3, 3),
(990, 1000, 5, '2015-08-14 16:51:23', 4, 4),
(991, 1001, 5, '2015-08-14 16:51:37', 0, 1),
(992, 1002, 5, '2015-08-14 16:51:37', 1, 2),
(993, 1003, 5, '2015-08-14 16:51:37', 2, 5),
(994, 1004, 5, '2015-08-14 16:51:37', 3, 3),
(995, 1005, 5, '2015-08-14 16:51:37', 4, 4),
(996, 1006, 5, '2015-08-14 16:54:59', 0, 1),
(997, 1007, 5, '2015-08-14 16:54:59', 1, 2),
(998, 1008, 5, '2015-08-14 16:54:59', 2, 5),
(999, 1009, 5, '2015-08-14 16:54:59', 3, 3),
(1000, 1010, 5, '2015-08-14 16:54:59', 4, 4),
(1001, 1011, 5, '2015-08-14 16:55:31', 0, 1),
(1002, 1012, 5, '2015-08-14 16:55:31', 1, 2),
(1003, 1013, 5, '2015-08-14 16:55:32', 2, 5),
(1004, 1014, 5, '2015-08-14 16:55:32', 3, 3),
(1005, 1015, 5, '2015-08-14 16:55:32', 4, 4),
(1006, 1016, 5, '2015-08-14 16:55:43', 0, 1),
(1007, 1017, 5, '2015-08-14 16:55:43', 1, 2),
(1008, 1018, 5, '2015-08-14 16:55:43', 2, 5),
(1009, 1019, 5, '2015-08-14 16:55:43', 3, 3),
(1010, 1020, 5, '2015-08-14 16:55:43', 4, 4),
(1011, 1021, 5, '2015-08-14 16:58:11', 0, 1),
(1012, 1022, 5, '2015-08-14 16:58:11', 1, 2),
(1013, 1023, 5, '2015-08-14 16:58:11', 2, 5),
(1014, 1024, 5, '2015-08-14 16:58:11', 3, 3),
(1015, 1025, 5, '2015-08-14 16:58:11', 4, 4),
(1016, 1026, 5, '2015-08-14 17:05:20', 0, 1),
(1017, 1027, 5, '2015-08-14 17:05:20', 1, 2),
(1018, 1028, 5, '2015-08-14 17:05:21', 2, 5),
(1019, 1029, 5, '2015-08-14 17:05:21', 3, 3),
(1020, 1030, 5, '2015-08-14 17:05:21', 4, 4),
(1021, 1031, 5, '2015-08-14 17:19:37', 0, 1),
(1022, 1032, 5, '2015-08-14 17:19:37', 1, 2),
(1023, 1033, 5, '2015-08-14 17:19:37', 2, 5),
(1024, 1034, 5, '2015-08-14 17:19:37', 3, 3),
(1025, 1035, 5, '2015-08-14 17:19:37', 4, 4),
(1026, 1036, 5, '2015-08-14 17:21:48', 0, 1),
(1027, 1037, 5, '2015-08-14 17:21:48', 1, 2),
(1028, 1038, 5, '2015-08-14 17:21:48', 2, 5),
(1029, 1039, 5, '2015-08-14 17:21:48', 3, 3),
(1030, 1040, 5, '2015-08-14 17:21:48', 4, 4),
(1031, 1041, 5, '2015-08-14 17:23:02', 0, 1),
(1032, 1042, 5, '2015-08-14 17:23:02', 1, 2),
(1033, 1043, 5, '2015-08-14 17:23:02', 2, 5),
(1034, 1044, 5, '2015-08-14 17:23:02', 3, 3),
(1035, 1045, 5, '2015-08-14 17:23:02', 4, 4),
(1036, 1046, 5, '2015-08-18 10:04:10', 0, 1),
(1037, 1047, 5, '2015-08-18 10:04:10', 1, 2),
(1038, 1048, 5, '2015-08-18 10:04:10', 2, 5),
(1039, 1049, 5, '2015-08-18 10:04:10', 3, 3),
(1040, 1050, 5, '2015-08-18 10:04:10', 4, 4),
(1041, 1051, 5, '2015-08-18 10:04:29', 0, 1),
(1042, 1052, 5, '2015-08-18 10:04:29', 1, 2),
(1043, 1053, 5, '2015-08-18 10:04:29', 2, 5),
(1044, 1054, 5, '2015-08-18 10:04:29', 3, 3),
(1045, 1055, 5, '2015-08-18 10:04:29', 4, 4),
(1046, 1056, 5, '2015-08-18 10:39:27', 0, 2),
(1047, 1057, 5, '2015-08-18 10:39:27', 1, 1),
(1048, 1058, 5, '2015-08-18 10:39:27', 2, 5),
(1049, 1059, 5, '2015-08-18 10:39:27', 3, 3),
(1050, 1060, 5, '2015-08-18 10:39:27', 4, 4),
(1051, 1061, 5, '2015-08-18 10:40:05', 0, 2),
(1052, 1062, 5, '2015-08-18 10:40:05', 1, 1),
(1053, 1063, 5, '2015-08-18 10:40:05', 2, 5),
(1054, 1064, 5, '2015-08-18 10:40:05', 3, 3),
(1055, 1065, 5, '2015-08-18 10:40:05', 4, 4);

-- --------------------------------------------------------

--
-- Table structure for table `Offering`
--

CREATE TABLE IF NOT EXISTS `Offering` (
  `id` int(11) NOT NULL AUTO_INCREMENT,
  `item_id` int(11) DEFAULT NULL,
  `type` int(11) DEFAULT NULL,
  `message` varchar(255) COLLATE utf8_unicode_ci DEFAULT NULL,
  `start` datetime DEFAULT NULL,
  `end` datetime DEFAULT NULL,
  PRIMARY KEY (`id`),
  KEY `item_id` (`item_id`)
) ENGINE=InnoDB  DEFAULT CHARSET=utf8 COLLATE=utf8_unicode_ci AUTO_INCREMENT=24 ;

--
-- Dumping data for table `Offering`
--

INSERT INTO `Offering` (`id`, `item_id`, `type`, `message`, `start`, `end`) VALUES
(1, 1, 1, 'dsaada', '2015-07-01 00:00:00', '2015-07-31 00:00:00'),
(2, 4, 1, 'promo lebaran.murah..', '2015-07-01 08:47:02', '2015-07-24 00:00:00'),
(15, NULL, 2, 'spesial diskon', '2015-07-19 09:17:21', '2015-07-30 01:56:00'),
(16, NULL, 2, 'diskon lebaran', '2015-07-19 09:22:30', '2015-07-30 06:29:00'),
(17, 10, 2, 'Diskon lebaran hingga 70%', '2015-07-26 16:24:27', '2015-07-29 04:24:00'),
(18, 12, 3, 'Beli 5 dapet 1', '2015-07-26 16:25:11', '2015-08-26 04:28:00'),
(19, 6, 3, 'Kupon dapat ditujarkan 2 CD', '2015-07-30 14:20:47', '2015-07-30 02:20:00'),
(20, 4, 1, 'penawaran spesial', '2015-07-30 14:21:28', '2015-08-03 06:21:00'),
(21, 4, 2, 'yang promo', '2015-08-01 13:38:53', '2015-08-05 05:38:00'),
(22, 6, 1, 'promo', '2015-08-01 16:39:23', '2016-05-13 09:39:00'),
(23, 1, 2, 'Spesial Offer for UGM student', '2015-08-11 17:13:44', '2015-12-11 08:13:00');

-- --------------------------------------------------------

--
-- Table structure for table `Picture`
--

CREATE TABLE IF NOT EXISTS `Picture` (
  `id` int(11) NOT NULL AUTO_INCREMENT,
  `business_id` int(11) DEFAULT NULL,
  `picture` varchar(255) COLLATE utf8_unicode_ci DEFAULT NULL,
  PRIMARY KEY (`id`),
  KEY `business_id` (`business_id`)
) ENGINE=InnoDB  DEFAULT CHARSET=utf8 COLLATE=utf8_unicode_ci AUTO_INCREMENT=17 ;

--
-- Dumping data for table `Picture`
--

INSERT INTO `Picture` (`id`, `business_id`, `picture`) VALUES
(1, 1, '/static/showcase/1436350566004_croped_pic.JPEG'),
(2, 1, '/static/showcase/1436350573682_croped_pic.JPEG'),
(3, 1, '/static/showcase/1436350581640_croped_pic.JPEG'),
(4, 2, '/static/showcase/1436524243171_croped_pic.JPEG'),
(5, 2, '/static/showcase/1436524250497_croped_pic.JPEG'),
(6, 2, '/static/showcase/1436524258817_croped_pic.JPEG'),
(7, 3, '/static/showcase/1437298831376_croped_pic.JPEG'),
(8, 3, '/static/showcase/1437298840836_croped_pic.JPEG'),
(9, 3, '/static/showcase/1437298846242_croped_pic.JPEG'),
(10, 4, '/static/showcase/1437892517344_croped_pic.JPEG'),
(11, 4, '/static/showcase/1437892525768_croped_pic.JPEG'),
(12, 4, '/static/showcase/1437892532509_croped_pic.JPEG'),
(13, 5, '/static/showcase/1439375515310_croped_pic.JPEG'),
(14, 5, '/static/showcase/1439375523158_croped_pic.JPEG'),
(15, 5, '/static/showcase/1439375545654_croped_pic.JPEG'),
(16, 5, '/static/showcase/1439375562967_croped_pic.JPEG');

-- --------------------------------------------------------

--
-- Table structure for table `Review`
--

CREATE TABLE IF NOT EXISTS `Review` (
  `id` int(11) NOT NULL AUTO_INCREMENT,
  `user_id` int(11) DEFAULT NULL,
  `message` varchar(255) COLLATE utf8_unicode_ci DEFAULT NULL,
  `rating` int(11) DEFAULT NULL,
  `time` datetime DEFAULT NULL,
  `business_id` int(11) DEFAULT NULL,
  PRIMARY KEY (`id`),
  KEY `user_id` (`user_id`),
  KEY `business_id` (`business_id`)
) ENGINE=InnoDB  DEFAULT CHARSET=utf8 COLLATE=utf8_unicode_ci AUTO_INCREMENT=17 ;

--
-- Dumping data for table `Review`
--

INSERT INTO `Review` (`id`, `user_id`, `message`, `rating`, `time`, `business_id`) VALUES
(1, 2, 'Bagus. Murah, berkualitas..', 3, '2015-07-11 03:08:04', NULL),
(2, 2, 'Murah, bagus..', 4, '2015-07-11 03:33:01', NULL),
(3, 2, 'Belum tau lokasinya. dimana ya?', 5, '2015-07-11 03:40:12', NULL),
(4, 1, 'Ramai pengunjungnya. Murah, lengkap.', 5, '2015-07-11 03:41:57', NULL),
(5, 1, 'Lengkap dan murah..', 4, '2015-07-11 03:41:57', NULL),
(6, 2, 'Recommended shop (y)', 5, '2015-07-11 03:50:28', NULL),
(7, 3, 'Mahal, tapi berkualitas', 5, '2015-07-11 07:49:44', NULL),
(8, 4, 'sip..', 4, '2015-07-11 22:33:15', NULL),
(9, 4, 'good', 4, '2015-07-11 22:33:15', NULL),
(10, 5, 'Mantap. murah', 3, '2015-07-19 12:31:42', NULL),
(11, 5, 'Bagus', 4, '2015-07-19 12:31:42', NULL),
(12, 7, 'good', 5, '2015-07-26 06:22:42', NULL),
(13, 7, 'good', 2, '2015-07-26 10:10:36', NULL),
(14, 7, 'joss', 4, '2015-07-26 10:10:36', NULL),
(15, 2, 'joss', 4, '2015-08-09 09:27:41', NULL),
(16, 2, 'Awesome', 4, '2015-08-12 04:45:27', NULL);

-- --------------------------------------------------------

--
-- Table structure for table `SearchLog`
--

CREATE TABLE IF NOT EXISTS `SearchLog` (
  `id` int(11) NOT NULL AUTO_INCREMENT,
  `user_id` int(11) DEFAULT NULL,
  `keyword` varchar(255) COLLATE utf8_unicode_ci DEFAULT NULL,
  `distance` double DEFAULT NULL,
  `order_id` int(11) DEFAULT NULL,
  `date` datetime DEFAULT NULL,
  `business_id` int(11) DEFAULT NULL,
  PRIMARY KEY (`id`),
  KEY `user_id` (`user_id`),
  KEY `business_id` (`business_id`)
) ENGINE=InnoDB  DEFAULT CHARSET=utf8 COLLATE=utf8_unicode_ci AUTO_INCREMENT=433 ;

--
-- Dumping data for table `SearchLog`
--

INSERT INTO `SearchLog` (`id`, `user_id`, `keyword`, `distance`, `order_id`, `date`, `business_id`) VALUES
(1, 2, 'a', 5, 0, '2015-07-19 16:03:10', NULL),
(2, 2, 'a', 5, 1, '2015-07-19 16:03:10', NULL),
(3, 2, 'a', 5, 2, '2015-07-19 16:03:10', NULL),
(4, 2, 'a', 5, 3, '2015-07-19 16:03:10', NULL),
(5, 2, 'a', 5, 4, '2015-07-19 16:03:10', NULL),
(6, 2, 'a', 5, 0, '2015-07-19 16:03:19', NULL),
(7, 2, 'a', 5, 1, '2015-07-19 16:03:19', NULL),
(8, 2, 'a', 5, 2, '2015-07-19 16:03:19', NULL),
(9, 2, 'a', 5, 3, '2015-07-19 16:03:19', NULL),
(10, 2, 'a', 5, 4, '2015-07-19 16:03:19', NULL),
(11, 2, 's', 5, 0, '2015-07-19 16:18:42', NULL),
(12, 2, 's', 5, 1, '2015-07-19 16:18:42', NULL),
(13, 2, 's', 5, 0, '2015-07-19 16:20:39', NULL),
(14, 2, 's', 5, 1, '2015-07-19 16:20:39', NULL),
(15, 2, 'a', 5, 0, '2015-07-19 16:21:23', NULL),
(16, 2, 'a', 5, 1, '2015-07-19 16:21:23', NULL),
(17, 2, 'a', 5, 2, '2015-07-19 16:21:23', NULL),
(18, 2, 'a', 5, 3, '2015-07-19 16:21:23', NULL),
(19, 2, 'a', 5, 4, '2015-07-19 16:21:23', NULL),
(20, 2, 'a', 5, 0, '2015-07-19 16:21:32', NULL),
(21, 2, 'a', 5, 1, '2015-07-19 16:21:32', NULL),
(22, 2, 'a', 5, 2, '2015-07-19 16:21:32', NULL),
(23, 2, 'a', 5, 3, '2015-07-19 16:21:32', NULL),
(24, 2, 'a', 5, 4, '2015-07-19 16:21:32', NULL),
(25, 2, 'a', 5, 0, '2015-07-19 16:29:52', NULL),
(26, 2, 'a', 5, 1, '2015-07-19 16:29:52', NULL),
(27, 2, 'a', 5, 2, '2015-07-19 16:29:52', NULL),
(28, 2, 'a', 5, 3, '2015-07-19 16:29:52', NULL),
(29, 2, 'a', 5, 4, '2015-07-19 16:29:52', NULL),
(30, 2, 'a', 5, 0, '2015-07-19 16:30:02', NULL),
(31, 2, 'a', 5, 1, '2015-07-19 16:30:02', NULL),
(32, 2, 'a', 5, 2, '2015-07-19 16:30:02', NULL),
(33, 2, 'a', 5, 3, '2015-07-19 16:30:02', NULL),
(34, 2, 'a', 5, 4, '2015-07-19 16:30:02', NULL),
(35, 5, 'a', 5, 0, '2015-07-19 19:37:12', NULL),
(36, 5, 'a', 5, 1, '2015-07-19 19:37:12', NULL),
(37, 5, 'a', 5, 2, '2015-07-19 19:37:12', NULL),
(38, 5, 'a', 5, 3, '2015-07-19 19:37:12', NULL),
(39, 5, 'a', 5, 4, '2015-07-19 19:37:12', NULL),
(40, 5, 'a', 5, 5, '2015-07-19 19:37:12', NULL),
(41, 5, 'a', 5, 6, '2015-07-19 19:37:12', NULL),
(42, 5, 'a', 5, 0, '2015-07-19 19:47:53', NULL),
(43, 5, 'a', 5, 1, '2015-07-19 19:47:53', NULL),
(44, 5, 'a', 5, 2, '2015-07-19 19:47:53', NULL),
(45, 5, 'a', 5, 3, '2015-07-19 19:47:53', NULL),
(46, 5, 'a', 5, 4, '2015-07-19 19:47:53', NULL),
(47, 5, 'a', 5, 5, '2015-07-19 19:47:53', NULL),
(48, 5, 'a', 5, 6, '2015-07-19 19:47:53', NULL),
(49, 5, 'a', 5, 0, '2015-07-19 19:49:18', NULL),
(50, 5, 'a', 5, 1, '2015-07-19 19:49:18', NULL),
(51, 5, 'a', 5, 2, '2015-07-19 19:49:18', NULL),
(52, 5, 'a', 5, 3, '2015-07-19 19:49:18', NULL),
(53, 5, 'a', 5, 4, '2015-07-19 19:49:18', NULL),
(54, 5, 'a', 5, 5, '2015-07-19 19:49:18', NULL),
(55, 5, 'a', 5, 6, '2015-07-19 19:49:18', NULL),
(56, 5, 'a', 5, 0, '2015-07-19 20:04:14', NULL),
(57, 5, 'a', 5, 1, '2015-07-19 20:04:14', NULL),
(58, 5, 'a', 5, 2, '2015-07-19 20:04:14', NULL),
(59, 5, 'a', 5, 3, '2015-07-19 20:04:14', NULL),
(60, 5, 'a', 5, 4, '2015-07-19 20:04:14', NULL),
(61, 5, 'a', 5, 5, '2015-07-19 20:04:14', NULL),
(62, 5, 'a', 5, 6, '2015-07-19 20:04:14', NULL),
(63, 5, 'a', 5, 0, '2015-07-19 20:11:04', NULL),
(64, 5, 'a', 5, 1, '2015-07-19 20:11:04', NULL),
(65, 5, 'a', 5, 2, '2015-07-19 20:11:04', NULL),
(66, 5, 'a', 5, 3, '2015-07-19 20:11:04', NULL),
(67, 5, 'a', 5, 4, '2015-07-19 20:11:04', NULL),
(68, 5, 'a', 5, 5, '2015-07-19 20:11:04', NULL),
(69, 5, 'a', 5, 6, '2015-07-19 20:11:04', NULL),
(70, 5, 'f', 5, 0, '2015-07-19 22:16:09', NULL),
(71, 5, 'f', 5, 0, '2015-07-19 22:33:27', NULL),
(72, 5, 'f', 5, 0, '2015-07-19 22:41:14', NULL),
(73, 5, 'a', 5, 0, '2015-07-19 22:48:39', NULL),
(74, 5, 'a', 5, 1, '2015-07-19 22:48:39', NULL),
(75, 5, 'a', 5, 2, '2015-07-19 22:48:39', NULL),
(76, 5, 'a', 5, 3, '2015-07-19 22:48:39', NULL),
(77, 5, 'a', 5, 4, '2015-07-19 22:48:39', NULL),
(78, 5, 'a', 5, 5, '2015-07-19 22:48:39', NULL),
(79, 5, 'a', 5, 6, '2015-07-19 22:48:40', NULL),
(80, 5, 's', 5, 0, '2015-07-19 22:49:10', NULL),
(81, 5, 's', 5, 1, '2015-07-19 22:49:10', NULL),
(82, 5, 'a', 5, 0, '2015-07-19 23:05:58', NULL),
(83, 5, 'a', 5, 1, '2015-07-19 23:05:58', NULL),
(84, 5, 'a', 5, 2, '2015-07-19 23:05:58', NULL),
(85, 5, 'a', 5, 3, '2015-07-19 23:05:58', NULL),
(86, 5, 'a', 5, 4, '2015-07-19 23:05:58', NULL),
(87, 5, 'a', 5, 5, '2015-07-19 23:05:58', NULL),
(88, 5, 'a', 5, 6, '2015-07-19 23:05:58', NULL),
(89, 5, 'a', 5, 0, '2015-07-19 23:08:58', NULL),
(90, 5, 'a', 5, 1, '2015-07-19 23:08:58', NULL),
(91, 5, 'a', 5, 2, '2015-07-19 23:08:58', NULL),
(92, 5, 'a', 5, 3, '2015-07-19 23:08:58', NULL),
(93, 5, 'a', 5, 4, '2015-07-19 23:08:58', NULL),
(94, 5, 'a', 5, 5, '2015-07-19 23:08:58', NULL),
(95, 5, 'a', 5, 6, '2015-07-19 23:08:58', NULL),
(96, 5, 'a', 5, 0, '2015-07-19 23:21:15', NULL),
(97, 5, 'a', 5, 1, '2015-07-19 23:21:15', NULL),
(98, 5, 'a', 5, 2, '2015-07-19 23:21:15', NULL),
(99, 5, 'a', 5, 3, '2015-07-19 23:21:15', NULL),
(100, 5, 'a', 5, 4, '2015-07-19 23:21:15', NULL),
(101, 5, 'a', 5, 5, '2015-07-19 23:21:15', NULL),
(102, 5, 'a', 5, 6, '2015-07-19 23:21:15', NULL),
(103, 5, 'a', 5, 0, '2015-07-19 23:22:13', NULL),
(104, 5, 'a', 5, 1, '2015-07-19 23:22:13', NULL),
(105, 5, 'a', 5, 2, '2015-07-19 23:22:13', NULL),
(106, 5, 'a', 5, 3, '2015-07-19 23:22:13', NULL),
(107, 5, 'a', 5, 4, '2015-07-19 23:22:13', NULL),
(108, 5, 'a', 5, 5, '2015-07-19 23:22:13', NULL),
(109, 5, 'a', 5, 6, '2015-07-19 23:22:13', NULL),
(110, 5, 'a', 5, 0, '2015-07-19 23:24:42', NULL),
(111, 5, 'a', 5, 1, '2015-07-19 23:24:42', NULL),
(112, 5, 'a', 5, 2, '2015-07-19 23:24:42', NULL),
(113, 5, 'a', 5, 3, '2015-07-19 23:24:42', NULL),
(114, 5, 'a', 5, 4, '2015-07-19 23:24:42', NULL),
(115, 5, 'a', 5, 5, '2015-07-19 23:24:42', NULL),
(116, 5, 'a', 5, 6, '2015-07-19 23:24:42', NULL),
(117, 5, 'a', 5, 0, '2015-07-19 23:27:30', NULL),
(118, 5, 'a', 5, 1, '2015-07-19 23:27:30', NULL),
(119, 5, 'a', 5, 2, '2015-07-19 23:27:30', NULL),
(120, 5, 'a', 5, 3, '2015-07-19 23:27:30', NULL),
(121, 5, 'a', 5, 4, '2015-07-19 23:27:30', NULL),
(122, 5, 'a', 5, 5, '2015-07-19 23:27:30', NULL),
(123, 5, 'a', 5, 6, '2015-07-19 23:27:30', NULL),
(124, 5, 'a', 5, 0, '2015-07-19 23:32:59', NULL),
(125, 5, 'a', 5, 1, '2015-07-19 23:32:59', NULL),
(126, 5, 'a', 5, 2, '2015-07-19 23:32:59', NULL),
(127, 5, 'a', 5, 3, '2015-07-19 23:32:59', NULL),
(128, 5, 'a', 5, 4, '2015-07-19 23:32:59', NULL),
(129, 5, 'a', 5, 5, '2015-07-19 23:32:59', NULL),
(130, 5, 'a', 5, 6, '2015-07-19 23:32:59', NULL),
(131, 5, 'a', 5, 0, '2015-07-19 23:34:25', NULL),
(132, 5, 'a', 5, 1, '2015-07-19 23:34:25', NULL),
(133, 5, 'a', 5, 2, '2015-07-19 23:34:25', NULL),
(134, 5, 'a', 5, 3, '2015-07-19 23:34:25', NULL),
(135, 5, 'a', 5, 4, '2015-07-19 23:34:25', NULL),
(136, 5, 'a', 5, 5, '2015-07-19 23:34:25', NULL),
(137, 5, 'a', 5, 6, '2015-07-19 23:34:25', NULL),
(138, 5, 'a', 5, 0, '2015-07-19 23:35:40', NULL),
(139, 5, 'a', 5, 1, '2015-07-19 23:35:40', NULL),
(140, 5, 'a', 5, 2, '2015-07-19 23:35:40', NULL),
(141, 5, 'a', 5, 3, '2015-07-19 23:35:40', NULL),
(142, 5, 'a', 5, 4, '2015-07-19 23:35:40', NULL),
(143, 5, 'a', 5, 5, '2015-07-19 23:35:40', NULL),
(144, 5, 'a', 5, 6, '2015-07-19 23:35:40', NULL),
(145, 5, 'a', 5, 0, '2015-07-19 23:36:45', NULL),
(146, 5, 'a', 5, 1, '2015-07-19 23:36:45', NULL),
(147, 5, 'a', 5, 2, '2015-07-19 23:36:45', NULL),
(148, 5, 'a', 5, 3, '2015-07-19 23:36:45', NULL),
(149, 5, 'a', 5, 4, '2015-07-19 23:36:45', NULL),
(150, 5, 'a', 5, 5, '2015-07-19 23:36:45', NULL),
(151, 5, 'a', 5, 6, '2015-07-19 23:36:45', NULL),
(152, 5, 'a', 5, 0, '2015-07-19 23:37:53', NULL),
(153, 5, 'a', 5, 1, '2015-07-19 23:37:53', NULL),
(154, 5, 'a', 5, 2, '2015-07-19 23:37:53', NULL),
(155, 5, 'a', 5, 3, '2015-07-19 23:37:53', NULL),
(156, 5, 'a', 5, 4, '2015-07-19 23:37:53', NULL),
(157, 5, 'a', 5, 5, '2015-07-19 23:37:53', NULL),
(158, 5, 'a', 5, 6, '2015-07-19 23:37:53', NULL),
(159, 2, 'a', 5, 0, '2015-07-19 23:41:01', NULL),
(160, 2, 'a', 5, 1, '2015-07-19 23:41:01', NULL),
(161, 2, 'a', 5, 2, '2015-07-19 23:41:01', NULL),
(162, 2, 'a', 5, 3, '2015-07-19 23:41:01', NULL),
(163, 2, 'a', 5, 4, '2015-07-19 23:41:01', NULL),
(164, 2, 'a', 5, 5, '2015-07-19 23:41:01', NULL),
(165, 2, 'a', 5, 6, '2015-07-19 23:41:01', NULL),
(166, 2, 'a', 5, 0, '2015-07-19 23:43:40', NULL),
(167, 2, 'a', 5, 1, '2015-07-19 23:43:40', NULL),
(168, 2, 'a', 5, 2, '2015-07-19 23:43:40', NULL),
(169, 2, 'a', 5, 3, '2015-07-19 23:43:40', NULL),
(170, 2, 'a', 5, 4, '2015-07-19 23:43:40', NULL),
(171, 2, 'a', 5, 5, '2015-07-19 23:43:40', NULL),
(172, 2, 'a', 5, 6, '2015-07-19 23:43:40', NULL),
(173, 2, 'a', 5, 0, '2015-07-19 23:45:33', NULL),
(174, 2, 'a', 5, 1, '2015-07-19 23:45:33', NULL),
(175, 2, 'a', 5, 2, '2015-07-19 23:45:33', NULL),
(176, 2, 'a', 5, 3, '2015-07-19 23:45:33', NULL),
(177, 2, 'a', 5, 4, '2015-07-19 23:45:33', NULL),
(178, 2, 'a', 5, 5, '2015-07-19 23:45:33', NULL),
(179, 2, 'a', 5, 6, '2015-07-19 23:45:33', NULL),
(180, 2, 'a', 5, 0, '2015-07-25 09:41:31', NULL),
(181, 2, 'a', 5, 1, '2015-07-25 09:41:31', NULL),
(182, 2, 'a', 5, 2, '2015-07-25 09:41:31', NULL),
(183, 2, 'a', 5, 3, '2015-07-25 09:41:31', NULL),
(184, 2, 'a', 5, 4, '2015-07-25 09:41:31', NULL),
(185, 2, 'a', 5, 5, '2015-07-25 09:41:31', NULL),
(186, 2, 'a', 5, 6, '2015-07-25 09:41:31', NULL),
(187, 2, 'a', 5, 0, '2015-07-25 09:45:42', NULL),
(188, 2, 'a', 5, 1, '2015-07-25 09:45:42', NULL),
(189, 2, 'a', 5, 2, '2015-07-25 09:45:42', NULL),
(190, 2, 'a', 5, 3, '2015-07-25 09:45:42', NULL),
(191, 2, 'a', 5, 4, '2015-07-25 09:45:42', NULL),
(192, 2, 'a', 5, 5, '2015-07-25 09:45:42', NULL),
(193, 2, 'a', 5, 6, '2015-07-25 09:45:42', NULL),
(194, 2, 'a', 5, 0, '2015-07-25 09:57:09', NULL),
(195, 2, 'a', 5, 1, '2015-07-25 09:57:09', NULL),
(196, 2, 'a', 5, 2, '2015-07-25 09:57:09', NULL),
(197, 2, 'a', 5, 3, '2015-07-25 09:57:09', NULL),
(198, 2, 'a', 5, 4, '2015-07-25 09:57:09', NULL),
(199, 2, 'a', 5, 0, '2015-07-25 13:49:37', NULL),
(200, 2, 'a', 5, 1, '2015-07-25 13:49:37', NULL),
(201, 2, 'a', 5, 2, '2015-07-25 13:49:37', NULL),
(202, 2, 'a', 5, 3, '2015-07-25 13:49:37', NULL),
(203, 2, 'a', 5, 4, '2015-07-25 13:49:37', NULL),
(204, 2, 'a', 5, 0, '2015-07-25 13:52:08', NULL),
(205, 2, 'a', 5, 1, '2015-07-25 13:52:08', NULL),
(206, 2, 'a', 5, 2, '2015-07-25 13:52:08', NULL),
(207, 2, 'a', 5, 3, '2015-07-25 13:52:08', NULL),
(208, 2, 'a', 5, 4, '2015-07-25 13:52:08', NULL),
(209, 2, 'a', 5, 0, '2015-07-25 13:53:17', NULL),
(210, 2, 'a', 5, 1, '2015-07-25 13:53:17', NULL),
(211, 2, 'a', 5, 2, '2015-07-25 13:53:17', NULL),
(212, 2, 'a', 5, 3, '2015-07-25 13:53:17', NULL),
(213, 2, 'a', 5, 4, '2015-07-25 13:53:17', NULL),
(214, 2, 'a', 5, 0, '2015-07-25 13:54:37', NULL),
(215, 2, 'a', 5, 1, '2015-07-25 13:54:37', NULL),
(216, 2, 'a', 5, 2, '2015-07-25 13:54:37', NULL),
(217, 2, 'a', 5, 3, '2015-07-25 13:54:37', NULL),
(218, 2, 'a', 5, 4, '2015-07-25 13:54:37', NULL),
(219, 2, 'a', 5, 0, '2015-07-25 13:55:48', NULL),
(220, 2, 'a', 5, 1, '2015-07-25 13:55:48', NULL),
(221, 2, 'a', 5, 2, '2015-07-25 13:55:48', NULL),
(222, 2, 'a', 5, 3, '2015-07-25 13:55:48', NULL),
(223, 2, 'a', 5, 4, '2015-07-25 13:55:48', NULL),
(224, 2, 'a', 5, 0, '2015-07-25 13:57:25', NULL),
(225, 2, 'a', 5, 1, '2015-07-25 13:57:25', NULL),
(226, 2, 'a', 5, 2, '2015-07-25 13:57:25', NULL),
(227, 2, 'a', 5, 3, '2015-07-25 13:57:25', NULL),
(228, 2, 'a', 5, 4, '2015-07-25 13:57:25', NULL),
(229, 2, 'a', 5, 0, '2015-07-25 14:01:49', NULL),
(230, 2, 'a', 5, 1, '2015-07-25 14:01:49', NULL),
(231, 2, 'a', 5, 2, '2015-07-25 14:01:49', NULL),
(232, 2, 'a', 5, 3, '2015-07-25 14:01:49', NULL),
(233, 2, 'a', 5, 4, '2015-07-25 14:01:49', NULL),
(234, 2, 'a', 5, 0, '2015-07-25 14:05:04', NULL),
(235, 2, 'a', 5, 1, '2015-07-25 14:05:04', NULL),
(236, 2, 'a', 5, 2, '2015-07-25 14:05:04', NULL),
(237, 2, 'a', 5, 3, '2015-07-25 14:05:04', NULL),
(238, 2, 'a', 5, 4, '2015-07-25 14:05:04', NULL),
(239, 2, 'a', 5, 0, '2015-07-25 14:06:00', NULL),
(240, 2, 'a', 5, 1, '2015-07-25 14:06:00', NULL),
(241, 2, 'a', 5, 2, '2015-07-25 14:06:00', NULL),
(242, 2, 'a', 5, 3, '2015-07-25 14:06:00', NULL),
(243, 2, 'a', 5, 4, '2015-07-25 14:06:00', NULL),
(244, 2, 'a', 5, 0, '2015-07-25 14:06:17', NULL),
(245, 2, 'a', 5, 1, '2015-07-25 14:06:17', NULL),
(246, 2, 'a', 5, 2, '2015-07-25 14:06:17', NULL),
(247, 2, 'a', 5, 3, '2015-07-25 14:06:17', NULL),
(248, 2, 'a', 5, 4, '2015-07-25 14:06:17', NULL),
(249, 2, 'a', 5, 0, '2015-07-25 14:07:39', NULL),
(250, 2, 'a', 5, 1, '2015-07-25 14:07:39', NULL),
(251, 2, 'a', 5, 2, '2015-07-25 14:07:39', NULL),
(252, 2, 'a', 5, 3, '2015-07-25 14:07:39', NULL),
(253, 2, 'a', 5, 4, '2015-07-25 14:07:39', NULL),
(254, 2, 'a', 5, 0, '2015-07-25 14:12:47', NULL),
(255, 2, 'a', 5, 1, '2015-07-25 14:12:47', NULL),
(256, 2, 'a', 5, 2, '2015-07-25 14:12:47', NULL),
(257, 2, 'a', 5, 3, '2015-07-25 14:12:47', NULL),
(258, 2, 'a', 5, 4, '2015-07-25 14:12:47', NULL),
(259, 2, 'a', 5, 0, '2015-07-25 14:13:35', NULL),
(260, 2, 'a', 5, 1, '2015-07-25 14:13:35', NULL),
(261, 2, 'a', 5, 2, '2015-07-25 14:13:35', NULL),
(262, 2, 'a', 5, 3, '2015-07-25 14:13:35', NULL),
(263, 2, 'a', 5, 4, '2015-07-25 14:13:35', NULL),
(264, 2, 's', 5, 0, '2015-07-25 14:20:22', NULL),
(265, 2, 's', 5, 1, '2015-07-25 14:20:22', NULL),
(266, 2, 'a', 5, 0, '2015-07-25 14:21:26', NULL),
(267, 2, 'a', 5, 1, '2015-07-25 14:21:26', NULL),
(268, 2, 'a', 5, 2, '2015-07-25 14:21:26', NULL),
(269, 2, 'a', 5, 3, '2015-07-25 14:21:26', NULL),
(270, 2, 'a', 5, 4, '2015-07-25 14:21:26', NULL),
(271, 2, 'a', 5, 0, '2015-07-25 14:22:30', NULL),
(272, 2, 'a', 5, 1, '2015-07-25 14:22:30', NULL),
(273, 2, 'a', 5, 2, '2015-07-25 14:22:30', NULL),
(274, 2, 'a', 5, 3, '2015-07-25 14:22:30', NULL),
(275, 2, 'a', 5, 4, '2015-07-25 14:22:30', NULL),
(276, 2, 'a', 5, 0, '2015-07-25 14:25:31', NULL),
(277, 2, 'a', 5, 1, '2015-07-25 14:25:31', NULL),
(278, 2, 'a', 5, 2, '2015-07-25 14:25:31', NULL),
(279, 2, 'a', 5, 3, '2015-07-25 14:25:31', NULL),
(280, 2, 'a', 5, 4, '2015-07-25 14:25:31', NULL),
(281, 2, 'a', 5, 0, '2015-07-25 14:37:16', NULL),
(282, 2, 'a', 5, 1, '2015-07-25 14:37:16', NULL),
(283, 2, 'a', 5, 2, '2015-07-25 14:37:16', NULL),
(284, 2, 'a', 5, 3, '2015-07-25 14:37:16', NULL),
(285, 2, 'a', 5, 4, '2015-07-25 14:37:16', NULL),
(286, 2, 'a', 5, 0, '2015-07-25 14:47:56', NULL),
(287, 2, 'a', 5, 1, '2015-07-25 14:47:56', NULL),
(288, 2, 'a', 5, 2, '2015-07-25 14:47:56', NULL),
(289, 2, 'a', 5, 3, '2015-07-25 14:47:56', NULL),
(290, 2, 'a', 5, 4, '2015-07-25 14:47:56', NULL),
(291, 2, 'a', 5, 0, '2015-07-25 14:54:32', NULL),
(292, 2, 'a', 5, 1, '2015-07-25 14:54:32', NULL),
(293, 2, 'a', 5, 2, '2015-07-25 14:54:32', NULL),
(294, 2, 'a', 5, 3, '2015-07-25 14:54:32', NULL),
(295, 2, 'a', 5, 4, '2015-07-25 14:54:32', NULL),
(296, 2, 'a', 5, 0, '2015-07-25 14:57:34', NULL),
(297, 2, 'a', 5, 1, '2015-07-25 14:57:34', NULL),
(298, 2, 'a', 5, 2, '2015-07-25 14:57:34', NULL),
(299, 2, 'a', 5, 3, '2015-07-25 14:57:34', NULL),
(300, 2, 'a', 5, 4, '2015-07-25 14:57:34', NULL),
(301, 2, 'a', 5, 0, '2015-07-25 15:02:50', NULL),
(302, 2, 'a', 5, 1, '2015-07-25 15:02:50', NULL),
(303, 2, 'a', 5, 2, '2015-07-25 15:02:50', NULL),
(304, 2, 'a', 5, 3, '2015-07-25 15:02:50', NULL),
(305, 2, 'a', 5, 4, '2015-07-25 15:02:50', NULL),
(306, 7, 'a', 5, 0, '2015-07-26 13:40:51', NULL),
(307, 7, 'a', 5, 1, '2015-07-26 13:40:51', NULL),
(308, 7, 'a', 5, 2, '2015-07-26 13:40:51', NULL),
(309, 7, 'a', 5, 3, '2015-07-26 13:40:51', NULL),
(310, 7, 'a', 5, 4, '2015-07-26 13:40:51', NULL),
(311, 7, 'a', 5, 5, '2015-07-26 13:40:51', NULL),
(312, 7, 'a', 5, 6, '2015-07-26 13:40:51', NULL),
(313, 7, 'a', 5, 0, '2015-07-26 16:20:16', NULL),
(314, 7, 'a', 5, 1, '2015-07-26 16:20:16', NULL),
(315, 7, 'a', 5, 2, '2015-07-26 16:20:16', NULL),
(316, 7, 'a', 5, 3, '2015-07-26 16:20:16', NULL),
(317, 7, 'a', 5, 4, '2015-07-26 16:20:16', NULL),
(318, 7, 'a', 5, 5, '2015-07-26 16:20:16', NULL),
(319, 7, 'a', 5, 6, '2015-07-26 16:20:16', NULL),
(320, 7, 'fik', 5, 0, '2015-07-26 16:20:23', NULL),
(321, 7, 'a', 5, 0, '2015-07-26 16:22:44', NULL),
(322, 7, 'a', 5, 1, '2015-07-26 16:22:44', NULL),
(323, 7, 'a', 5, 2, '2015-07-26 16:22:44', NULL),
(324, 7, 'a', 5, 3, '2015-07-26 16:22:44', NULL),
(325, 7, 'a', 5, 4, '2015-07-26 16:22:44', NULL),
(326, 7, 'a', 5, 5, '2015-07-26 16:22:44', NULL),
(327, 7, 'a', 5, 6, '2015-07-26 16:22:44', NULL),
(328, 7, 'fi', 5, 0, '2015-07-26 16:22:48', NULL),
(329, 7, 'fikih', 5, 0, '2015-07-26 16:22:53', NULL),
(330, 7, 'fikih', 5, 0, '2015-07-26 16:23:02', NULL),
(331, 7, 'fikih', 5, 0, '2015-07-26 16:23:06', NULL),
(332, 7, 'a', 5, 0, '2015-07-26 16:27:34', NULL),
(333, 7, 'a', 5, 1, '2015-07-26 16:27:34', NULL),
(334, 7, 'a', 5, 2, '2015-07-26 16:27:34', NULL),
(335, 7, 'a', 5, 3, '2015-07-26 16:27:34', NULL),
(336, 7, 'a', 5, 4, '2015-07-26 16:27:34', NULL),
(337, 7, 'a', 5, 5, '2015-07-26 16:27:34', NULL),
(338, 7, 'a', 5, 6, '2015-07-26 16:27:34', NULL),
(339, 7, 'fik', 5, 0, '2015-07-26 16:27:37', NULL),
(340, 7, 'fikih', 5, 0, '2015-07-26 16:40:28', NULL),
(341, 2, 'a', 5, 0, '2015-07-29 11:08:57', NULL),
(342, 2, 'a', 5, 1, '2015-07-29 11:08:57', NULL),
(343, 2, 'a', 5, 2, '2015-07-29 11:08:57', NULL),
(344, 2, 'a', 5, 3, '2015-07-29 11:08:57', NULL),
(345, 2, 'a', 5, 4, '2015-07-29 11:08:57', NULL),
(346, 2, 'a', 5, 5, '2015-07-29 11:08:57', NULL),
(347, 2, 'a', 5, 6, '2015-07-29 11:08:57', NULL),
(348, 2, 'a', 5, 7, '2015-07-29 11:08:57', NULL),
(349, 2, 'a', 5, 8, '2015-07-29 11:08:57', NULL),
(350, 2, 'a', 5, 0, '2015-07-30 14:19:22', NULL),
(351, 2, 'a', 5, 1, '2015-07-30 14:19:22', NULL),
(352, 2, 'a', 5, 2, '2015-07-30 14:19:22', NULL),
(353, 2, 'a', 5, 3, '2015-07-30 14:19:22', NULL),
(354, 2, 'a', 5, 4, '2015-07-30 14:19:22', NULL),
(355, 2, 'a', 5, 5, '2015-07-30 14:19:22', NULL),
(356, 2, 'a', 5, 6, '2015-07-30 14:19:22', NULL),
(357, 2, 'a', 5, 7, '2015-07-30 14:19:22', NULL),
(358, 2, 'a', 5, 8, '2015-07-30 14:19:22', NULL),
(359, 2, 'a', 5, 0, '2015-07-30 14:19:36', NULL),
(360, 2, 'a', 5, 1, '2015-07-30 14:19:36', NULL),
(361, 2, 'a', 5, 2, '2015-07-30 14:19:36', NULL),
(362, 2, 'a', 5, 3, '2015-07-30 14:19:36', NULL),
(363, 2, 'a', 5, 4, '2015-07-30 14:19:36', NULL),
(364, 2, 'a', 5, 5, '2015-07-30 14:19:36', NULL),
(365, 2, 'a', 5, 6, '2015-07-30 14:19:36', NULL),
(366, 2, 'a', 5, 7, '2015-07-30 14:19:36', NULL),
(367, 2, 'a', 5, 8, '2015-07-30 14:19:36', NULL),
(368, 2, 'a', 5, 0, '2015-08-01 14:13:56', NULL),
(369, 2, 'a', 5, 1, '2015-08-01 14:13:56', NULL),
(370, 2, 'a', 5, 2, '2015-08-01 14:13:56', NULL),
(371, 2, 'a', 5, 3, '2015-08-01 14:13:56', NULL),
(372, 2, 'a', 5, 4, '2015-08-01 14:13:56', NULL),
(373, 2, 'a', 5, 5, '2015-08-01 14:13:56', NULL),
(374, 2, 'a', 5, 6, '2015-08-01 14:13:56', NULL),
(375, 2, 'a', 5, 7, '2015-08-01 14:13:56', NULL),
(376, 2, 'a', 5, 8, '2015-08-01 14:13:56', NULL),
(377, 2, 'a', 5, 0, '2015-08-01 15:47:44', NULL),
(378, 2, 'a', 5, 1, '2015-08-01 15:47:44', NULL),
(379, 2, 'a', 5, 2, '2015-08-01 15:47:44', NULL),
(380, 2, 'a', 5, 3, '2015-08-01 15:47:44', NULL),
(381, 2, 'a', 5, 4, '2015-08-01 15:47:44', NULL),
(382, 2, 'a', 5, 5, '2015-08-01 15:47:44', NULL),
(383, 2, 'a', 5, 6, '2015-08-01 15:47:44', NULL),
(384, 2, 'a', 5, 7, '2015-08-01 15:47:44', NULL),
(385, 2, 'a', 5, 8, '2015-08-01 15:47:44', NULL),
(386, 2, 'a', 5, 0, '2015-08-01 15:48:11', NULL),
(387, 2, 'a', 5, 1, '2015-08-01 15:48:11', NULL),
(388, 2, 'a', 5, 2, '2015-08-01 15:48:11', NULL),
(389, 2, 'a', 5, 3, '2015-08-01 15:48:11', NULL),
(390, 2, 'a', 5, 4, '2015-08-01 15:48:11', NULL),
(391, 2, 'a', 5, 5, '2015-08-01 15:48:11', NULL),
(392, 2, 'a', 5, 6, '2015-08-01 15:48:11', NULL),
(393, 2, 'a', 5, 7, '2015-08-01 15:48:11', NULL),
(394, 2, 'a', 5, 8, '2015-08-01 15:48:11', NULL),
(395, 2, 's', 5, 0, '2015-08-04 11:29:59', NULL),
(396, 2, 's', 5, 1, '2015-08-04 11:29:59', NULL),
(397, 2, 's', 5, 2, '2015-08-04 11:29:59', NULL),
(398, 2, 'a', 5, 0, '2015-08-09 16:47:51', NULL),
(399, 2, 'a', 5, 1, '2015-08-09 16:47:51', NULL),
(400, 2, 'a', 5, 2, '2015-08-09 16:47:51', NULL),
(401, 2, 'a', 5, 3, '2015-08-09 16:47:52', NULL),
(402, 2, 'a', 5, 4, '2015-08-09 16:47:52', NULL),
(403, 2, 'a', 5, 5, '2015-08-09 16:47:52', NULL),
(404, 2, 'a', 5, 6, '2015-08-09 16:47:52', NULL),
(405, 2, 'a', 5, 7, '2015-08-09 16:47:52', NULL),
(406, 2, 'a', 5, 8, '2015-08-09 16:47:52', NULL),
(407, 2, 'a', 5, 0, '2015-08-09 17:02:56', NULL),
(408, 2, 'a', 5, 1, '2015-08-09 17:02:56', NULL),
(409, 2, 'a', 5, 2, '2015-08-09 17:02:56', NULL),
(410, 2, 'a', 5, 3, '2015-08-09 17:02:56', NULL),
(411, 2, 'a', 5, 4, '2015-08-09 17:02:56', NULL),
(412, 2, 'a', 5, 5, '2015-08-09 17:02:56', NULL),
(413, 2, 'a', 5, 6, '2015-08-09 17:02:56', NULL),
(414, 2, 'a', 5, 7, '2015-08-09 17:02:56', NULL),
(415, 2, 'a', 5, 8, '2015-08-09 17:02:56', NULL),
(416, 2, 'g', 5, 0, '2015-08-09 17:26:59', NULL),
(417, 2, 'a', 5, 0, '2015-08-09 20:12:03', NULL),
(418, 2, 'a', 5, 1, '2015-08-09 20:12:03', NULL),
(419, 2, 'a', 5, 2, '2015-08-09 20:12:03', NULL),
(420, 2, 'a', 5, 3, '2015-08-09 20:12:03', NULL),
(421, 2, 'a', 5, 4, '2015-08-09 20:12:03', NULL),
(422, 2, 'a', 5, 5, '2015-08-09 20:12:03', NULL),
(423, 2, 'a', 5, 6, '2015-08-09 20:12:03', NULL),
(424, 2, 'a', 5, 7, '2015-08-09 20:12:03', NULL),
(425, 2, 'a', 5, 8, '2015-08-09 20:12:03', NULL),
(426, 1, 'a', 5, 0, '2015-08-11 17:16:33', NULL),
(427, 1, 'a', 5, 1, '2015-08-11 17:16:33', NULL),
(428, 1, 'a', 5, 2, '2015-08-11 17:16:33', NULL),
(429, 1, 'a', 5, 3, '2015-08-11 17:16:34', NULL),
(430, 1, 'a', 5, 4, '2015-08-11 17:16:34', NULL),
(431, 1, 'a', 5, 5, '2015-08-11 17:16:34', NULL),
(432, 1, 'a', 5, 6, '2015-08-11 17:16:34', NULL);

-- --------------------------------------------------------

--
-- Table structure for table `Type`
--

CREATE TABLE IF NOT EXISTS `Type` (
  `id` int(11) NOT NULL AUTO_INCREMENT,
  `name` varchar(255) DEFAULT NULL,
  `type_id` varchar(255) DEFAULT NULL,
  PRIMARY KEY (`id`)
) ENGINE=InnoDB  DEFAULT CHARSET=latin1 AUTO_INCREMENT=4 ;

--
-- Dumping data for table `Type`
--

INSERT INTO `Type` (`id`, `name`, `type_id`) VALUES
(1, 'Barang', NULL),
(2, 'Jasa', NULL),
(3, 'Sewa', NULL);

-- --------------------------------------------------------

--
-- Table structure for table `User`
--

CREATE TABLE IF NOT EXISTS `User` (
  `id` int(11) NOT NULL AUTO_INCREMENT,
  `api_key` varchar(255) COLLATE utf8_unicode_ci DEFAULT NULL,
  `username` varchar(255) COLLATE utf8_unicode_ci DEFAULT NULL,
  `first_name` varchar(255) COLLATE utf8_unicode_ci DEFAULT NULL,
  `last_name` varchar(255) COLLATE utf8_unicode_ci DEFAULT NULL,
  `password` varchar(255) COLLATE utf8_unicode_ci DEFAULT NULL,
  `email` varchar(255) COLLATE utf8_unicode_ci DEFAULT NULL,
  `fb_id` varchar(255) COLLATE utf8_unicode_ci DEFAULT NULL,
  `twitter_id` varchar(255) COLLATE utf8_unicode_ci DEFAULT NULL,
  `address` varchar(255) COLLATE utf8_unicode_ci DEFAULT NULL,
  `avatar` varchar(255) COLLATE utf8_unicode_ci DEFAULT NULL,
  `phone` varchar(255) COLLATE utf8_unicode_ci DEFAULT NULL,
  `balances` int(11) DEFAULT NULL,
  `fb_token` varchar(255) COLLATE utf8_unicode_ci DEFAULT NULL,
  `twitter_token` varchar(255) COLLATE utf8_unicode_ci DEFAULT NULL,
  `push_id` varchar(255) COLLATE utf8_unicode_ci DEFAULT NULL,
  `postal_code` varchar(255) COLLATE utf8_unicode_ci DEFAULT NULL,
  `create_date` datetime DEFAULT NULL,
  `gender` varchar(1) COLLATE utf8_unicode_ci DEFAULT NULL,
  `birthday` varchar(255) COLLATE utf8_unicode_ci DEFAULT NULL,
  `profession` varchar(255) COLLATE utf8_unicode_ci DEFAULT NULL,
  `twitter_secret` varchar(255) COLLATE utf8_unicode_ci DEFAULT NULL,
  `is_active` int(11) DEFAULT NULL,
  `first_use` int(11) DEFAULT NULL,
  `city` varchar(255) COLLATE utf8_unicode_ci DEFAULT NULL,
  PRIMARY KEY (`id`)
) ENGINE=InnoDB  DEFAULT CHARSET=utf8 COLLATE=utf8_unicode_ci AUTO_INCREMENT=1066 ;

--
-- Dumping data for table `User`
--

INSERT INTO `User` (`id`, `api_key`, `username`, `first_name`, `last_name`, `password`, `email`, `fb_id`, `twitter_id`, `address`, `avatar`, `phone`, `balances`, `fb_token`, `twitter_token`, `push_id`, `postal_code`, `create_date`, `gender`, `birthday`, `profession`, `twitter_secret`, `is_active`, `first_use`, `city`) VALUES
(1, '1538540f0b564ce20b27ce75750d7c1f6d4d3fc9e70cabe10f9d583b', 'Ahmad', 'Ahmad', 'Fauzi', 'e172dd95f4feb21412a692e73929961e', 'ahmad@gmail.com', NULL, NULL, 'Jalan Magelang 56', '/static/avatar/1436350528510_croped_pic.JPEG', '0875487077', NULL, NULL, NULL, '', '67576', '2015-07-08 10:15:06', NULL, '13-05-1992', 'Developer', NULL, 0, 1, 'Sleman'),
(2, '9ef1ebebfdd4ed8874c43b95a4b5075d0c6b3b5e11b1874e2e27a988', 'ikhsan', 'ikhsanudin', 'Hakim', 'f2ee0636898ad07a06287fcb99dc2394', 'ikhsanudinhakim@gmail.com', NULL, NULL, 'Jl Kaliurang', '/static/avatar/1436524186430_croped_pic.JPEG', '085742870457', NULL, NULL, NULL, '', '55756', '2015-07-10 10:21:29', NULL, '12-08-1998', 'Student', NULL, 0, 1, 'Pekalongan'),
(3, 'f505d5ffba26ada6aeb7bfd39e5ec4b644bb64921d02efe52772d1a8', 'Yunus', 'Yunus', 'Ali Muhammad', 'e172dd95f4feb21412a692e73929961e', 'yunusali@gmail.com', NULL, NULL, NULL, '/static/avatar/1436601758277_croped_pic.JPEG', NULL, NULL, NULL, NULL, '', NULL, '2015-07-11 07:49:44', NULL, NULL, NULL, NULL, 0, 1, NULL),
(4, 'a7a794a9dffd1c2b01b85808a19c6a443ceabd7f49fdcb6c9886ef85', 'faishal', 'Faishal', 'Muhammad', 'e172dd95f4feb21412a692e73929961e', 'faishal@gmail.com', NULL, NULL, NULL, '/static/avatar/1436654116678_croped_pic.JPEG', NULL, NULL, NULL, NULL, '', NULL, '2015-07-11 22:33:15', NULL, NULL, NULL, NULL, 0, 1, NULL),
(5, 'b28d50aead79725bc2ce82f4f3e7a8f9d1ba469941f4275ea9affe69', 'avia', 'Avia', 'Cake', 'e172dd95f4feb21412a692e73929961e', 'aviacake@gmail.com', NULL, NULL, NULL, '/static/avatar/1437298748877_croped_pic.JPEG', NULL, NULL, NULL, NULL, '', NULL, '2015-07-19 09:38:03', NULL, NULL, NULL, NULL, 0, 1, NULL),
(6, 'eeb08abb4ad42d5e1a00ef2c657072d054125e155476a4c460df4ab8', 'AdiVilla', 'AdiVilla', 'Residence', 'e172dd95f4feb21412a692e73929961e', 'adivilla@gmail.com', NULL, NULL, NULL, '/static/avatar/1437811407191_croped_pic.JPEG', NULL, NULL, NULL, NULL, '', NULL, '2015-07-25 07:29:41', NULL, NULL, NULL, NULL, 0, 1, NULL),
(7, '7f20b659276b3e4f552a3b1447bc65ea1e42545a671799bc6244232a', 'anekaroti', 'Aneka', 'Roti', 'e172dd95f4feb21412a692e73929961e', 'anekaroti@gmail.com', NULL, NULL, NULL, '/static/avatar/1437891865385_croped_pic.JPEG', NULL, NULL, NULL, NULL, '', NULL, '2015-07-26 06:22:42', NULL, NULL, NULL, NULL, 0, 1, NULL),
(8, '6c4ddeb0f9e044088c99bbc441e36657', NULL, NULL, NULL, NULL, NULL, NULL, NULL, NULL, NULL, NULL, NULL, NULL, NULL, NULL, NULL, '2015-08-11 03:13:21', NULL, NULL, NULL, NULL, NULL, NULL, NULL),
(9, '9bb6c5dfe35c4678a57524e2ad72b66e', NULL, NULL, NULL, NULL, NULL, NULL, NULL, NULL, NULL, NULL, NULL, NULL, NULL, NULL, NULL, '2015-08-11 03:13:21', NULL, NULL, NULL, NULL, NULL, NULL, NULL),
(10, '746b66c3552b42719edba4bae8cc6b01', NULL, NULL, NULL, NULL, NULL, NULL, NULL, NULL, NULL, NULL, NULL, NULL, NULL, NULL, NULL, '2015-08-11 03:13:21', NULL, NULL, NULL, NULL, NULL, NULL, NULL),
(11, '8c615df57ab14f7cafe573d0a4de4a18', NULL, NULL, NULL, NULL, NULL, NULL, NULL, NULL, NULL, NULL, NULL, NULL, NULL, NULL, NULL, '2015-08-11 03:13:21', NULL, NULL, NULL, NULL, NULL, NULL, NULL),
(12, '187b1586b3fd4569a68b30ffaec1029e', NULL, NULL, NULL, NULL, NULL, NULL, NULL, NULL, NULL, NULL, NULL, NULL, NULL, NULL, NULL, '2015-08-11 03:13:21', NULL, NULL, NULL, NULL, NULL, NULL, NULL),
(13, 'b38d65c53fdf4bf5bccfb97f663efc5f', NULL, NULL, NULL, NULL, NULL, NULL, NULL, NULL, NULL, NULL, NULL, NULL, NULL, NULL, NULL, '2015-08-11 03:13:21', NULL, NULL, NULL, NULL, NULL, NULL, NULL),
(14, 'db4a8a04e20d448fac86f88b8c64a806', NULL, NULL, NULL, NULL, NULL, NULL, NULL, NULL, NULL, NULL, NULL, NULL, NULL, NULL, NULL, '2015-08-11 03:13:21', NULL, NULL, NULL, NULL, NULL, NULL, NULL),
(15, '2ccb5ad1b4654e3daf5f5718fe410adf', NULL, NULL, NULL, NULL, NULL, NULL, NULL, NULL, NULL, NULL, NULL, NULL, NULL, NULL, NULL, '2015-08-11 03:13:21', NULL, NULL, NULL, NULL, NULL, NULL, NULL),
(16, '21bbe922a07a4c5d9dbbeea95631fe44', NULL, NULL, NULL, NULL, NULL, NULL, NULL, NULL, NULL, NULL, NULL, NULL, NULL, NULL, NULL, '2015-08-11 03:13:21', NULL, NULL, NULL, NULL, NULL, NULL, NULL),
(17, '37aae22e97b84c0baf292d760952a761', NULL, NULL, NULL, NULL, NULL, NULL, NULL, NULL, NULL, NULL, NULL, NULL, NULL, NULL, NULL, '2015-08-11 03:13:21', NULL, NULL, NULL, NULL, NULL, NULL, NULL),
(18, '1b501b564cb7487e828976510d35d738', NULL, NULL, NULL, NULL, NULL, NULL, NULL, NULL, NULL, NULL, NULL, NULL, NULL, NULL, NULL, '2015-08-11 03:13:21', NULL, NULL, NULL, NULL, NULL, NULL, NULL),
(19, 'b983d3820c704d5191cb851dfb082a94', NULL, NULL, NULL, NULL, NULL, NULL, NULL, NULL, NULL, NULL, NULL, NULL, NULL, NULL, NULL, '2015-08-11 03:13:21', NULL, NULL, NULL, NULL, NULL, NULL, NULL),
(20, '296333b4eee0447c9b4737b3d3e1fd1d', NULL, NULL, NULL, NULL, NULL, NULL, NULL, NULL, NULL, NULL, NULL, NULL, NULL, NULL, NULL, '2015-08-11 03:13:21', NULL, NULL, NULL, NULL, NULL, NULL, NULL),
(21, '1c3bbfbba24b4a15b07b151ac058e940', NULL, NULL, NULL, NULL, NULL, NULL, NULL, NULL, NULL, NULL, NULL, NULL, NULL, NULL, NULL, '2015-08-11 03:13:21', NULL, NULL, NULL, NULL, NULL, NULL, NULL),
(22, 'c671904a6f094af8940e36b33f743da0', NULL, NULL, NULL, NULL, NULL, NULL, NULL, NULL, NULL, NULL, NULL, NULL, NULL, NULL, NULL, '2015-08-11 03:13:21', NULL, NULL, NULL, NULL, NULL, NULL, NULL),
(23, '34694ab0c9914dc7b4a104af6c37f4ed', NULL, NULL, NULL, NULL, NULL, NULL, NULL, NULL, NULL, NULL, NULL, NULL, NULL, NULL, NULL, '2015-08-11 03:13:21', NULL, NULL, NULL, NULL, NULL, NULL, NULL),
(24, 'f8e8a2172a6c4871a892a458c3ab2503', NULL, NULL, NULL, NULL, NULL, NULL, NULL, NULL, NULL, NULL, NULL, NULL, NULL, NULL, NULL, '2015-08-11 03:13:21', NULL, NULL, NULL, NULL, NULL, NULL, NULL),
(25, '1158da04673348c886cd9408b3d3be18', NULL, NULL, NULL, NULL, NULL, NULL, NULL, NULL, NULL, NULL, NULL, NULL, NULL, NULL, NULL, '2015-08-11 03:13:21', NULL, NULL, NULL, NULL, NULL, NULL, NULL),
(26, '957690c32be44e9ba93a8c01b323da36', NULL, NULL, NULL, NULL, NULL, NULL, NULL, NULL, NULL, NULL, NULL, NULL, NULL, NULL, NULL, '2015-08-11 03:13:21', NULL, NULL, NULL, NULL, NULL, NULL, NULL),
(27, 'c301e8a943f2441da31555956dd2f764', NULL, NULL, NULL, NULL, NULL, NULL, NULL, NULL, NULL, NULL, NULL, NULL, NULL, NULL, NULL, '2015-08-11 03:13:21', NULL, NULL, NULL, NULL, NULL, NULL, NULL),
(28, '249227b4e946434fbf9b60d41d51ccfe', NULL, NULL, NULL, NULL, NULL, NULL, NULL, NULL, NULL, NULL, NULL, NULL, NULL, NULL, NULL, '2015-08-11 03:13:21', NULL, NULL, NULL, NULL, NULL, NULL, NULL),
(29, '5581cfab80ad4d88bdd7e91ca7158f6f', NULL, NULL, NULL, NULL, NULL, NULL, NULL, NULL, NULL, NULL, NULL, NULL, NULL, NULL, NULL, '2015-08-11 03:13:21', NULL, NULL, NULL, NULL, NULL, NULL, NULL),
(30, 'eff2047c2e7842d6a1128db284419f63', NULL, NULL, NULL, NULL, NULL, NULL, NULL, NULL, NULL, NULL, NULL, NULL, NULL, NULL, NULL, '2015-08-11 03:13:21', NULL, NULL, NULL, NULL, NULL, NULL, NULL),
(31, 'f38679f1408347f5bf7d56f5deb4d02e', NULL, NULL, NULL, NULL, NULL, NULL, NULL, NULL, NULL, NULL, NULL, NULL, NULL, NULL, NULL, '2015-08-11 03:13:21', NULL, NULL, NULL, NULL, NULL, NULL, NULL),
(32, 'e9fdc3e7c9d4451c849133c4cdc8857c', NULL, NULL, NULL, NULL, NULL, NULL, NULL, NULL, NULL, NULL, NULL, NULL, NULL, NULL, NULL, '2015-08-11 03:13:21', NULL, NULL, NULL, NULL, NULL, NULL, NULL),
(33, '55849d2286fc4aff92f30cf114c0cc41', NULL, NULL, NULL, NULL, NULL, NULL, NULL, NULL, NULL, NULL, NULL, NULL, NULL, NULL, NULL, '2015-08-11 03:13:21', NULL, NULL, NULL, NULL, NULL, NULL, NULL),
(34, '8112505a132945868719c446ffa33bdf', NULL, NULL, NULL, NULL, NULL, NULL, NULL, NULL, NULL, NULL, NULL, NULL, NULL, NULL, NULL, '2015-08-11 03:13:21', NULL, NULL, NULL, NULL, NULL, NULL, NULL),
(35, 'a998fa0b4fd14542b0df0abb1211e227', NULL, NULL, NULL, NULL, NULL, NULL, NULL, NULL, NULL, NULL, NULL, NULL, NULL, NULL, NULL, '2015-08-11 03:13:21', NULL, NULL, NULL, NULL, NULL, NULL, NULL),
(36, '5ac2547559384a888243f6af058874c6', NULL, NULL, NULL, NULL, NULL, NULL, NULL, NULL, NULL, NULL, NULL, NULL, NULL, NULL, NULL, '2015-08-11 03:13:21', NULL, NULL, NULL, NULL, NULL, NULL, NULL),
(37, '6c909c81b37a4376a561ecc4f048d0d7', NULL, NULL, NULL, NULL, NULL, NULL, NULL, NULL, NULL, NULL, NULL, NULL, NULL, NULL, NULL, '2015-08-11 03:13:21', NULL, NULL, NULL, NULL, NULL, NULL, NULL),
(38, '343b4a18fdd549679ee910526597c86d', NULL, NULL, NULL, NULL, NULL, NULL, NULL, NULL, NULL, NULL, NULL, NULL, NULL, NULL, NULL, '2015-08-11 03:13:21', NULL, NULL, NULL, NULL, NULL, NULL, NULL),
(39, 'c5156fd968a846458a9fc9dda5e6ac6c', NULL, NULL, NULL, NULL, NULL, NULL, NULL, NULL, NULL, NULL, NULL, NULL, NULL, NULL, NULL, '2015-08-11 03:13:21', NULL, NULL, NULL, NULL, NULL, NULL, NULL),
(40, 'fac06754d2274fb4b4a516c29e94303b', NULL, NULL, NULL, NULL, NULL, NULL, NULL, NULL, NULL, NULL, NULL, NULL, NULL, NULL, NULL, '2015-08-11 03:13:21', NULL, NULL, NULL, NULL, NULL, NULL, NULL),
(41, '811d6b21126243c2ad691b866985101c', NULL, NULL, NULL, NULL, NULL, NULL, NULL, NULL, NULL, NULL, NULL, NULL, NULL, NULL, NULL, '2015-08-11 03:13:21', NULL, NULL, NULL, NULL, NULL, NULL, NULL),
(42, '6f19e0ae665d4598b5de1e2b235f7e20', NULL, NULL, NULL, NULL, NULL, NULL, NULL, NULL, NULL, NULL, NULL, NULL, NULL, NULL, NULL, '2015-08-11 03:13:21', NULL, NULL, NULL, NULL, NULL, NULL, NULL),
(43, '72367356a9684a2abded1373191e0a9b', NULL, NULL, NULL, NULL, NULL, NULL, NULL, NULL, NULL, NULL, NULL, NULL, NULL, NULL, NULL, '2015-08-11 03:13:21', NULL, NULL, NULL, NULL, NULL, NULL, NULL),
(44, '5ff1b37882284a78af3d8f4b53aebf51', NULL, NULL, NULL, NULL, NULL, NULL, NULL, NULL, NULL, NULL, NULL, NULL, NULL, NULL, NULL, '2015-08-11 03:13:21', NULL, NULL, NULL, NULL, NULL, NULL, NULL),
(45, 'e83a903038464bd7af5864407a033dbe', NULL, NULL, NULL, NULL, NULL, NULL, NULL, NULL, NULL, NULL, NULL, NULL, NULL, NULL, NULL, '2015-08-11 03:13:21', NULL, NULL, NULL, NULL, NULL, NULL, NULL),
(46, 'b031df6179174a3d9741ea7cb4c3431d', NULL, NULL, NULL, NULL, NULL, NULL, NULL, NULL, NULL, NULL, NULL, NULL, NULL, NULL, NULL, '2015-08-11 03:13:21', NULL, NULL, NULL, NULL, NULL, NULL, NULL),
(47, 'c7df38fa41ba445aa95c3706d211ee4d', NULL, NULL, NULL, NULL, NULL, NULL, NULL, NULL, NULL, NULL, NULL, NULL, NULL, NULL, NULL, '2015-08-11 05:59:31', NULL, NULL, NULL, NULL, NULL, NULL, NULL),
(48, '90f8f904aabe4f30bb3b195c6356066d', NULL, NULL, NULL, NULL, NULL, NULL, NULL, NULL, NULL, NULL, NULL, NULL, NULL, NULL, NULL, '2015-08-11 05:59:31', NULL, NULL, NULL, NULL, NULL, NULL, NULL),
(49, '8997dd6720c84af792b733ce481ecc14', NULL, NULL, NULL, NULL, NULL, NULL, NULL, NULL, NULL, NULL, NULL, NULL, NULL, NULL, NULL, '2015-08-11 05:59:31', NULL, NULL, NULL, NULL, NULL, NULL, NULL),
(50, 'ed7feed9afd4452a92728d9ea2460212', NULL, NULL, NULL, NULL, NULL, NULL, NULL, NULL, NULL, NULL, NULL, NULL, NULL, NULL, NULL, '2015-08-11 05:59:31', NULL, NULL, NULL, NULL, NULL, NULL, NULL),
(51, '4b7bb2eacfb2fbc0f895e8d5e2be30080c1154ba8d5f3d6d24dc82cd', 'Fahmi', 'Fahmi', 'Muhammad', 'e172dd95f4feb21412a692e73929961e', 'fahmimuhammad@gmail.com', NULL, NULL, 'Jalan Imogiri Timur 34 ', '/static/avatar/1439272937815_croped_pic.JPEG', '085742075840', NULL, NULL, NULL, 'Bandung', '55684', '2015-08-11 05:59:31', NULL, '13-10-1990', 'Programmer', NULL, 0, 1, 'Bandung'),
(52, '257faa8989dd48d8b9fc541b19a4173d', NULL, NULL, NULL, NULL, NULL, NULL, NULL, NULL, NULL, NULL, NULL, NULL, NULL, NULL, NULL, '2015-08-11 05:59:31', NULL, NULL, NULL, NULL, NULL, NULL, NULL),
(53, '50908c66812b4f6d934e72f505a5ffe7', NULL, NULL, NULL, NULL, NULL, NULL, NULL, NULL, NULL, NULL, NULL, NULL, NULL, NULL, NULL, '2015-08-11 05:59:31', NULL, NULL, NULL, NULL, NULL, NULL, NULL),
(54, 'e9a0d21612e349a9a56c0ab6f23c452e', NULL, NULL, NULL, NULL, NULL, NULL, NULL, NULL, NULL, NULL, NULL, NULL, NULL, NULL, NULL, '2015-08-11 05:59:31', NULL, NULL, NULL, NULL, NULL, NULL, NULL),
(55, 'dc56943b14f74a19859c2695dbe8e1f3', NULL, NULL, NULL, NULL, NULL, NULL, NULL, NULL, NULL, NULL, NULL, NULL, NULL, NULL, NULL, '2015-08-11 05:59:31', NULL, NULL, NULL, NULL, NULL, NULL, NULL),
(56, 'af5040bf82a54f40b9c7f6b5f1300fd9', NULL, NULL, NULL, NULL, NULL, NULL, NULL, NULL, NULL, NULL, NULL, NULL, NULL, NULL, NULL, '2015-08-11 05:59:31', NULL, NULL, NULL, NULL, NULL, NULL, NULL),
(57, '5724da597cdd4fe2acd57c8067347088', NULL, NULL, NULL, NULL, NULL, NULL, NULL, NULL, NULL, NULL, NULL, NULL, NULL, NULL, NULL, '2015-08-11 05:59:31', NULL, NULL, NULL, NULL, NULL, NULL, NULL),
(58, 'c12d94e968d6472b9eb7f163e49e5692', NULL, NULL, NULL, NULL, NULL, NULL, NULL, NULL, NULL, NULL, NULL, NULL, NULL, NULL, NULL, '2015-08-11 05:59:31', NULL, NULL, NULL, NULL, NULL, NULL, NULL),
(59, '7e3a6e4377fe49b98430f9ae5f1191f9', NULL, NULL, NULL, NULL, NULL, NULL, NULL, NULL, NULL, NULL, NULL, NULL, NULL, NULL, NULL, '2015-08-11 05:59:31', NULL, NULL, NULL, NULL, NULL, NULL, NULL),
(60, '0cc176b099654667bfc393add86ae055', NULL, NULL, NULL, NULL, NULL, NULL, NULL, NULL, NULL, NULL, NULL, NULL, NULL, NULL, NULL, '2015-08-11 05:59:31', NULL, NULL, NULL, NULL, NULL, NULL, NULL),
(61, '33992a27f0454c02b53c595659fd84fb', NULL, NULL, NULL, NULL, NULL, NULL, NULL, NULL, NULL, NULL, NULL, NULL, NULL, NULL, NULL, '2015-08-11 05:59:31', NULL, NULL, NULL, NULL, NULL, NULL, NULL),
(62, '3e3f01ae27ec4e9ab195fe46389e4850', NULL, NULL, NULL, NULL, NULL, NULL, NULL, NULL, NULL, NULL, NULL, NULL, NULL, NULL, NULL, '2015-08-11 05:59:31', NULL, NULL, NULL, NULL, NULL, NULL, NULL),
(63, '94d5741ade144a8e8039eb8ebd5fb210', NULL, NULL, NULL, NULL, NULL, NULL, NULL, NULL, NULL, NULL, NULL, NULL, NULL, NULL, NULL, '2015-08-11 05:59:31', NULL, NULL, NULL, NULL, NULL, NULL, NULL),
(64, '5890238d7bc1465ab76030129ae81866', NULL, NULL, NULL, NULL, NULL, NULL, NULL, NULL, NULL, NULL, NULL, NULL, NULL, NULL, NULL, '2015-08-11 05:59:31', NULL, NULL, NULL, NULL, NULL, NULL, NULL),
(65, '08ea6e347afb40bb84fc74720e6662c0', NULL, NULL, NULL, NULL, NULL, NULL, NULL, NULL, NULL, NULL, NULL, NULL, NULL, NULL, NULL, '2015-08-11 05:59:31', NULL, NULL, NULL, NULL, NULL, NULL, NULL),
(66, '7efc68febfbc4b69a854beb8e5661545', NULL, NULL, NULL, NULL, NULL, NULL, NULL, NULL, NULL, NULL, NULL, NULL, NULL, NULL, NULL, '2015-08-11 05:59:31', NULL, NULL, NULL, NULL, NULL, NULL, NULL),
(67, '1b54ea0ec6724f91983838845908a75e', NULL, NULL, NULL, NULL, NULL, NULL, NULL, NULL, NULL, NULL, NULL, NULL, NULL, NULL, NULL, '2015-08-11 05:59:31', NULL, NULL, NULL, NULL, NULL, NULL, NULL),
(68, 'ad517750e15041159ffa6e1c97b74c76', NULL, NULL, NULL, NULL, NULL, NULL, NULL, NULL, NULL, NULL, NULL, NULL, NULL, NULL, NULL, '2015-08-11 05:59:31', NULL, NULL, NULL, NULL, NULL, NULL, NULL),
(69, 'c1f7099f4a6945fbaedfeed82d1f1b1b', NULL, NULL, NULL, NULL, NULL, NULL, NULL, NULL, NULL, NULL, NULL, NULL, NULL, NULL, NULL, '2015-08-11 05:59:31', NULL, NULL, NULL, NULL, NULL, NULL, NULL),
(70, 'fc70eafd469a485d9f2db7daaa7f9699', NULL, NULL, NULL, NULL, NULL, NULL, NULL, NULL, NULL, NULL, NULL, NULL, NULL, NULL, NULL, '2015-08-11 05:59:31', NULL, NULL, NULL, NULL, NULL, NULL, NULL),
(71, '06c4078060b2490fa0b14eb2ff827b7a', NULL, NULL, NULL, NULL, NULL, NULL, NULL, NULL, NULL, NULL, NULL, NULL, NULL, NULL, NULL, '2015-08-11 05:59:31', NULL, NULL, NULL, NULL, NULL, NULL, NULL),
(72, '42823011802f4dff91c8370fdbd288b6', NULL, NULL, NULL, NULL, NULL, NULL, NULL, NULL, NULL, NULL, NULL, NULL, NULL, NULL, NULL, '2015-08-11 06:10:33', NULL, NULL, NULL, NULL, NULL, NULL, NULL),
(73, 'ae1579ee04ac4a4aa147da5edb8fba82', NULL, NULL, NULL, NULL, NULL, NULL, NULL, NULL, NULL, NULL, NULL, NULL, NULL, NULL, NULL, '2015-08-11 06:10:33', NULL, NULL, NULL, NULL, NULL, NULL, NULL),
(74, '8937c74618454ec2af1259cb874339e9', NULL, NULL, NULL, NULL, NULL, NULL, NULL, NULL, NULL, NULL, NULL, NULL, NULL, NULL, NULL, '2015-08-11 06:10:33', NULL, NULL, NULL, NULL, NULL, NULL, NULL),
(75, 'd6b05daf7825439386bd4f52d3b02af9', NULL, NULL, NULL, NULL, NULL, NULL, NULL, NULL, NULL, NULL, NULL, NULL, NULL, NULL, NULL, '2015-08-11 06:10:33', NULL, NULL, NULL, NULL, NULL, NULL, NULL),
(76, '41cab0980ade411b89309bd9a3a395b2', NULL, NULL, NULL, NULL, NULL, NULL, NULL, NULL, NULL, NULL, NULL, NULL, NULL, NULL, NULL, '2015-08-11 06:10:33', NULL, NULL, NULL, NULL, NULL, NULL, NULL),
(77, 'aedb58d5c7954f1ebc2e4b975fc37939', NULL, NULL, NULL, NULL, NULL, NULL, NULL, NULL, NULL, NULL, NULL, NULL, NULL, NULL, NULL, '2015-08-11 06:10:33', NULL, NULL, NULL, NULL, NULL, NULL, NULL),
(78, '0f06fe35b4eb49cc8824ed5669ffde9d', NULL, NULL, NULL, NULL, NULL, NULL, NULL, NULL, NULL, NULL, NULL, NULL, NULL, NULL, NULL, '2015-08-11 06:10:33', NULL, NULL, NULL, NULL, NULL, NULL, NULL),
(79, 'f61f71fdb0834e8f973a439949bf5c09', NULL, NULL, NULL, NULL, NULL, NULL, NULL, NULL, NULL, NULL, NULL, NULL, NULL, NULL, NULL, '2015-08-11 06:10:33', NULL, NULL, NULL, NULL, NULL, NULL, NULL),
(80, 'ba184e02fe94470a9d56841adbc71406', NULL, NULL, NULL, NULL, NULL, NULL, NULL, NULL, NULL, NULL, NULL, NULL, NULL, NULL, NULL, '2015-08-11 06:10:33', NULL, NULL, NULL, NULL, NULL, NULL, NULL),
(81, '04aac147d05a458fa980fe33c02af34c', NULL, NULL, NULL, NULL, NULL, NULL, NULL, NULL, NULL, NULL, NULL, NULL, NULL, NULL, NULL, '2015-08-11 06:10:33', NULL, NULL, NULL, NULL, NULL, NULL, NULL),
(82, '28832e93bc7c4e16ab747c4e15d80946', NULL, NULL, NULL, NULL, NULL, NULL, NULL, NULL, NULL, NULL, NULL, NULL, NULL, NULL, NULL, '2015-08-11 06:10:33', NULL, NULL, NULL, NULL, NULL, NULL, NULL),
(83, '185d9727ead74e70a0add89de5fb9763', NULL, NULL, NULL, NULL, NULL, NULL, NULL, NULL, NULL, NULL, NULL, NULL, NULL, NULL, NULL, '2015-08-11 06:10:33', NULL, NULL, NULL, NULL, NULL, NULL, NULL),
(84, '53120eade79a44539fbefbde9c8daeb1', NULL, NULL, NULL, NULL, NULL, NULL, NULL, NULL, NULL, NULL, NULL, NULL, NULL, NULL, NULL, '2015-08-11 06:10:33', NULL, NULL, NULL, NULL, NULL, NULL, NULL),
(85, '07b7c474f99b4821844194482abd9207', NULL, NULL, NULL, NULL, NULL, NULL, NULL, NULL, NULL, NULL, NULL, NULL, NULL, NULL, NULL, '2015-08-11 06:10:33', NULL, NULL, NULL, NULL, NULL, NULL, NULL),
(86, '9c447a1e3a1d4897a8fe82180022cdb2', NULL, NULL, NULL, NULL, NULL, NULL, NULL, NULL, NULL, NULL, NULL, NULL, NULL, NULL, NULL, '2015-08-11 06:10:33', NULL, NULL, NULL, NULL, NULL, NULL, NULL),
(87, '74e69c9250664e219cab2e54d656cb04', NULL, NULL, NULL, NULL, NULL, NULL, NULL, NULL, NULL, NULL, NULL, NULL, NULL, NULL, NULL, '2015-08-11 06:10:33', NULL, NULL, NULL, NULL, NULL, NULL, NULL),
(88, '44d0a4b76cfa48d9b1166ab903bbdfae', NULL, NULL, NULL, NULL, NULL, NULL, NULL, NULL, NULL, NULL, NULL, NULL, NULL, NULL, NULL, '2015-08-11 06:10:33', NULL, NULL, NULL, NULL, NULL, NULL, NULL),
(89, '0eb9031a83ea4b1cbacce11dde574e7b', NULL, NULL, NULL, NULL, NULL, NULL, NULL, NULL, NULL, NULL, NULL, NULL, NULL, NULL, NULL, '2015-08-11 06:10:33', NULL, NULL, NULL, NULL, NULL, NULL, NULL),
(90, '28e09755f9a04c97b5862ef372691220', NULL, NULL, NULL, NULL, NULL, NULL, NULL, NULL, NULL, NULL, NULL, NULL, NULL, NULL, NULL, '2015-08-11 06:10:33', NULL, NULL, NULL, NULL, NULL, NULL, NULL),
(91, 'fa49208a2521456bb1aea588b231ccba', NULL, NULL, NULL, NULL, NULL, NULL, NULL, NULL, NULL, NULL, NULL, NULL, NULL, NULL, NULL, '2015-08-11 06:10:33', NULL, NULL, NULL, NULL, NULL, NULL, NULL),
(92, '874ac3335d944a8b949b909d059397ce', NULL, NULL, NULL, NULL, NULL, NULL, NULL, NULL, NULL, NULL, NULL, NULL, NULL, NULL, NULL, '2015-08-11 06:10:33', NULL, NULL, NULL, NULL, NULL, NULL, NULL),
(93, '09f6dfad16014cfaa653dcf2f65641ed', NULL, NULL, NULL, NULL, NULL, NULL, NULL, NULL, NULL, NULL, NULL, NULL, NULL, NULL, NULL, '2015-08-11 06:10:33', NULL, NULL, NULL, NULL, NULL, NULL, NULL),
(94, 'c4882104fdcb40cda1b59791ab32e681', NULL, NULL, NULL, NULL, NULL, NULL, NULL, NULL, NULL, NULL, NULL, NULL, NULL, NULL, NULL, '2015-08-11 06:10:33', NULL, NULL, NULL, NULL, NULL, NULL, NULL),
(95, 'b492467ef9144da5a4d940c0af4d9ec3', NULL, NULL, NULL, NULL, NULL, NULL, NULL, NULL, NULL, NULL, NULL, NULL, NULL, NULL, NULL, '2015-08-11 06:10:33', NULL, NULL, NULL, NULL, NULL, NULL, NULL),
(96, 'e9f95c9c044645f7b1d4b0d268e20240', NULL, NULL, NULL, NULL, NULL, NULL, NULL, NULL, NULL, NULL, NULL, NULL, NULL, NULL, NULL, '2015-08-11 06:10:33', NULL, NULL, NULL, NULL, NULL, NULL, NULL),
(97, 'de25b1223dca4ea79643d24005bba22e', NULL, NULL, NULL, NULL, NULL, NULL, NULL, NULL, NULL, NULL, NULL, NULL, NULL, NULL, NULL, '2015-08-11 06:10:33', NULL, NULL, NULL, NULL, NULL, NULL, NULL),
(98, '89fec3a4f8254a75b55be050f5b9cfc4', NULL, NULL, NULL, NULL, NULL, NULL, NULL, NULL, NULL, NULL, NULL, NULL, NULL, NULL, NULL, '2015-08-11 06:10:33', NULL, NULL, NULL, NULL, NULL, NULL, NULL),
(99, 'd330dc23926145a184580b5e16e24fd2', NULL, NULL, NULL, NULL, NULL, NULL, NULL, NULL, NULL, NULL, NULL, NULL, NULL, NULL, NULL, '2015-08-11 06:10:33', NULL, NULL, NULL, NULL, NULL, NULL, NULL),
(100, 'dcbcf8fa9d1b4d9eadbdfb8b092b2be2', NULL, NULL, NULL, NULL, NULL, NULL, NULL, NULL, NULL, NULL, NULL, NULL, NULL, NULL, NULL, '2015-08-11 06:10:33', NULL, NULL, NULL, NULL, NULL, NULL, NULL),
(101, 'c9e7965227c24660bc10597973b3974a', NULL, NULL, NULL, NULL, NULL, NULL, NULL, NULL, NULL, NULL, NULL, NULL, NULL, NULL, NULL, '2015-08-11 06:10:33', NULL, NULL, NULL, NULL, NULL, NULL, NULL),
(102, '9b2f79ee302145b8921c1f36ece7655b', NULL, NULL, NULL, NULL, NULL, NULL, NULL, NULL, NULL, NULL, NULL, NULL, NULL, NULL, NULL, '2015-08-11 06:10:33', NULL, NULL, NULL, NULL, NULL, NULL, NULL),
(103, '58944f6103344f83b295942d37cbc4b9', NULL, NULL, NULL, NULL, NULL, NULL, NULL, NULL, NULL, NULL, NULL, NULL, NULL, NULL, NULL, '2015-08-11 06:10:33', NULL, NULL, NULL, NULL, NULL, NULL, NULL),
(104, 'a1d35bdb989c40c6a4b24ab457c44d6d', NULL, NULL, NULL, NULL, NULL, NULL, NULL, NULL, NULL, NULL, NULL, NULL, NULL, NULL, NULL, '2015-08-11 06:10:33', NULL, NULL, NULL, NULL, NULL, NULL, NULL),
(105, '0f69d7c079bb439fb8cb10c5fd24d653', NULL, NULL, NULL, NULL, NULL, NULL, NULL, NULL, NULL, NULL, NULL, NULL, NULL, NULL, NULL, '2015-08-11 06:10:33', NULL, NULL, NULL, NULL, NULL, NULL, NULL),
(106, '063a13d6ad0c4e67beb59180aaa118b8', NULL, NULL, NULL, NULL, NULL, NULL, NULL, NULL, NULL, NULL, NULL, NULL, NULL, NULL, NULL, '2015-08-11 06:10:33', NULL, NULL, NULL, NULL, NULL, NULL, NULL),
(107, '3f7144d7164e40f49b421eeb26062791', NULL, NULL, NULL, NULL, NULL, NULL, NULL, NULL, NULL, NULL, NULL, NULL, NULL, NULL, NULL, '2015-08-11 06:10:33', NULL, NULL, NULL, NULL, NULL, NULL, NULL),
(108, 'e1eae7740bad4a6a97dc39e2b0ab169f', NULL, NULL, NULL, NULL, NULL, NULL, NULL, NULL, NULL, NULL, NULL, NULL, NULL, NULL, NULL, '2015-08-11 06:10:33', NULL, NULL, NULL, NULL, NULL, NULL, NULL),
(109, '9c5bd8062fab4eaa82896e803380f524', NULL, NULL, NULL, NULL, NULL, NULL, NULL, NULL, NULL, NULL, NULL, NULL, NULL, NULL, NULL, '2015-08-11 06:10:33', NULL, NULL, NULL, NULL, NULL, NULL, NULL),
(110, '38404a15846d47e1999d35f2651f4792', NULL, NULL, NULL, NULL, NULL, NULL, NULL, NULL, NULL, NULL, NULL, NULL, NULL, NULL, NULL, '2015-08-11 06:10:33', NULL, NULL, NULL, NULL, NULL, NULL, NULL),
(111, '4bee4e5184ed4d8698b84b2d6ede8062', NULL, NULL, NULL, NULL, NULL, NULL, NULL, NULL, NULL, NULL, NULL, NULL, NULL, NULL, NULL, '2015-08-11 06:10:33', NULL, NULL, NULL, NULL, NULL, NULL, NULL),
(112, '2f48022ea641472c89ca83c8d02ede86', NULL, NULL, NULL, NULL, NULL, NULL, NULL, NULL, NULL, NULL, NULL, NULL, NULL, NULL, NULL, '2015-08-11 06:10:33', NULL, NULL, NULL, NULL, NULL, NULL, NULL),
(113, 'a6a8d5e3efc942188408e11ebcb76736', NULL, NULL, NULL, NULL, NULL, NULL, NULL, NULL, NULL, NULL, NULL, NULL, NULL, NULL, NULL, '2015-08-11 06:10:33', NULL, NULL, NULL, NULL, NULL, NULL, NULL),
(114, '2abc97ea2f9d4f48913260516b220ad4', NULL, NULL, NULL, NULL, NULL, NULL, NULL, NULL, NULL, NULL, NULL, NULL, NULL, NULL, NULL, '2015-08-11 06:10:33', NULL, NULL, NULL, NULL, NULL, NULL, NULL),
(115, '0018070565c04c36b78bda5e3d45b50d', NULL, NULL, NULL, NULL, NULL, NULL, NULL, NULL, NULL, NULL, NULL, NULL, NULL, NULL, NULL, '2015-08-11 06:10:33', NULL, NULL, NULL, NULL, NULL, NULL, NULL),
(116, 'f3e0e1d1622745af9dc1852b0f0366c9', NULL, NULL, NULL, NULL, NULL, NULL, NULL, NULL, NULL, NULL, NULL, NULL, NULL, NULL, NULL, '2015-08-11 06:10:33', NULL, NULL, NULL, NULL, NULL, NULL, NULL),
(117, '172a2ce891a2487ba4fefe3bbc718f4a', NULL, NULL, NULL, NULL, NULL, NULL, NULL, NULL, NULL, NULL, NULL, NULL, NULL, NULL, NULL, '2015-08-11 06:10:33', NULL, NULL, NULL, NULL, NULL, NULL, NULL),
(118, '6f2d6edb2daf445885096726e5ef8eb6', NULL, NULL, NULL, NULL, NULL, NULL, NULL, NULL, NULL, NULL, NULL, NULL, NULL, NULL, NULL, '2015-08-11 06:10:33', NULL, NULL, NULL, NULL, NULL, NULL, NULL),
(119, 'ae04b7569a324f0194080278e9728878', NULL, NULL, NULL, NULL, NULL, NULL, NULL, NULL, NULL, NULL, NULL, NULL, NULL, NULL, NULL, '2015-08-11 06:10:33', NULL, NULL, NULL, NULL, NULL, NULL, NULL),
(120, '5723f43631064722a8bfc7a71dcb44e8', NULL, NULL, NULL, NULL, NULL, NULL, NULL, NULL, NULL, NULL, NULL, NULL, NULL, NULL, NULL, '2015-08-11 06:10:33', NULL, NULL, NULL, NULL, NULL, NULL, NULL),
(121, '67b626ba903e4813b69e01107c4aaa62', NULL, NULL, NULL, NULL, NULL, NULL, NULL, NULL, NULL, NULL, NULL, NULL, NULL, NULL, NULL, '2015-08-11 06:10:33', NULL, NULL, NULL, NULL, NULL, NULL, NULL),
(122, '7c349f58720544f49487f431050f1842', NULL, NULL, NULL, NULL, NULL, NULL, NULL, NULL, NULL, NULL, NULL, NULL, NULL, NULL, NULL, '2015-08-11 06:10:33', NULL, NULL, NULL, NULL, NULL, NULL, NULL),
(123, '41ad38aa693c49c3854eedafd8c1e478', NULL, NULL, NULL, NULL, NULL, NULL, NULL, NULL, NULL, NULL, NULL, NULL, NULL, NULL, NULL, '2015-08-11 06:10:33', NULL, NULL, NULL, NULL, NULL, NULL, NULL),
(124, '4e2318883a094719b9097941d543a273', NULL, NULL, NULL, NULL, NULL, NULL, NULL, NULL, NULL, NULL, NULL, NULL, NULL, NULL, NULL, '2015-08-11 06:43:58', NULL, NULL, NULL, NULL, NULL, NULL, NULL),
(125, '293dc8bc857548f6be8cc5294e4cb1ae', NULL, NULL, NULL, NULL, NULL, NULL, NULL, NULL, NULL, NULL, NULL, NULL, NULL, NULL, NULL, '2015-08-11 06:43:58', NULL, NULL, NULL, NULL, NULL, NULL, NULL),
(126, '1b12bf5617534ca08b86f66e7dbe389f', NULL, NULL, NULL, NULL, NULL, NULL, NULL, NULL, NULL, NULL, NULL, NULL, NULL, NULL, NULL, '2015-08-11 06:43:58', NULL, NULL, NULL, NULL, NULL, NULL, NULL),
(127, '91cc5635543242589261f015097e19d5', NULL, NULL, NULL, NULL, NULL, NULL, NULL, NULL, NULL, NULL, NULL, NULL, NULL, NULL, NULL, '2015-08-11 06:43:58', NULL, NULL, NULL, NULL, NULL, NULL, NULL),
(128, '282f71357f764e08b130f2684d8ffe76', NULL, NULL, NULL, NULL, NULL, NULL, NULL, NULL, NULL, NULL, NULL, NULL, NULL, NULL, NULL, '2015-08-11 06:49:22', NULL, NULL, NULL, NULL, NULL, NULL, NULL),
(129, '106ef39f4aa14e138d2a20403bfe191c', NULL, NULL, NULL, NULL, NULL, NULL, NULL, NULL, NULL, NULL, NULL, NULL, NULL, NULL, NULL, '2015-08-11 06:49:22', NULL, NULL, NULL, NULL, NULL, NULL, NULL),
(130, '61e308493e11462fa192dea3ee6aeda3', NULL, NULL, NULL, NULL, NULL, NULL, NULL, NULL, NULL, NULL, NULL, NULL, NULL, NULL, NULL, '2015-08-11 06:49:22', NULL, NULL, NULL, NULL, NULL, NULL, NULL),
(131, 'd2f14210aea9447baf50c726cbcac001', NULL, NULL, NULL, NULL, NULL, NULL, NULL, NULL, NULL, NULL, NULL, NULL, NULL, NULL, NULL, '2015-08-11 06:49:22', NULL, NULL, NULL, NULL, NULL, NULL, NULL),
(132, 'b75dac89fc134010a07e55bbf0452fdd', NULL, NULL, NULL, NULL, NULL, NULL, NULL, NULL, NULL, NULL, NULL, NULL, NULL, NULL, NULL, '2015-08-11 06:49:22', NULL, NULL, NULL, NULL, NULL, NULL, NULL),
(133, '9c0731d547e54dacb5f0bf03d4347797', NULL, NULL, NULL, NULL, NULL, NULL, NULL, NULL, NULL, NULL, NULL, NULL, NULL, NULL, NULL, '2015-08-11 06:49:22', NULL, NULL, NULL, NULL, NULL, NULL, NULL),
(134, 'dd5b686d49c5446c8259fcc19968fac0', NULL, NULL, NULL, NULL, NULL, NULL, NULL, NULL, NULL, NULL, NULL, NULL, NULL, NULL, NULL, '2015-08-11 06:49:22', NULL, NULL, NULL, NULL, NULL, NULL, NULL),
(135, 'd303d05d252042778f935d71f1e412ef', NULL, NULL, NULL, NULL, NULL, NULL, NULL, NULL, NULL, NULL, NULL, NULL, NULL, NULL, NULL, '2015-08-11 06:49:22', NULL, NULL, NULL, NULL, NULL, NULL, NULL),
(136, 'ee45425399284e319cac159627dd272d', NULL, NULL, NULL, NULL, NULL, NULL, NULL, NULL, NULL, NULL, NULL, NULL, NULL, NULL, NULL, '2015-08-11 06:49:22', NULL, NULL, NULL, NULL, NULL, NULL, NULL),
(137, '0e5aa84008b145c09b159e5edd3c787e', NULL, NULL, NULL, NULL, NULL, NULL, NULL, NULL, NULL, NULL, NULL, NULL, NULL, NULL, NULL, '2015-08-11 06:49:22', NULL, NULL, NULL, NULL, NULL, NULL, NULL),
(138, '288eccd002ef4997960726e8e96b92d9', NULL, NULL, NULL, NULL, NULL, NULL, NULL, NULL, NULL, NULL, NULL, NULL, NULL, NULL, NULL, '2015-08-11 06:49:22', NULL, NULL, NULL, NULL, NULL, NULL, NULL),
(139, 'a9622e259edb41f483dd0f8efd79e310', NULL, NULL, NULL, NULL, NULL, NULL, NULL, NULL, NULL, NULL, NULL, NULL, NULL, NULL, NULL, '2015-08-11 06:49:22', NULL, NULL, NULL, NULL, NULL, NULL, NULL),
(140, '1a73c57002c14b0fb00b3bda6038f002', NULL, NULL, NULL, NULL, NULL, NULL, NULL, NULL, NULL, NULL, NULL, NULL, NULL, NULL, NULL, '2015-08-11 06:49:22', NULL, NULL, NULL, NULL, NULL, NULL, NULL),
(141, '9e04191f3b2948e39224e209210c8b77', NULL, NULL, NULL, NULL, NULL, NULL, NULL, NULL, NULL, NULL, NULL, NULL, NULL, NULL, NULL, '2015-08-11 06:49:22', NULL, NULL, NULL, NULL, NULL, NULL, NULL),
(142, 'c21b39f3b171421c81e6aeae70c3941a', NULL, NULL, NULL, NULL, NULL, NULL, NULL, NULL, NULL, NULL, NULL, NULL, NULL, NULL, NULL, '2015-08-11 06:49:22', NULL, NULL, NULL, NULL, NULL, NULL, NULL),
(143, '089c75370d0344d5bf91b2f8b94e5705', NULL, NULL, NULL, NULL, NULL, NULL, NULL, NULL, NULL, NULL, NULL, NULL, NULL, NULL, NULL, '2015-08-11 06:49:22', NULL, NULL, NULL, NULL, NULL, NULL, NULL),
(144, 'ad139b96d8bd435fb3a09521740c53c7', NULL, NULL, NULL, NULL, NULL, NULL, NULL, NULL, NULL, NULL, NULL, NULL, NULL, NULL, NULL, '2015-08-11 09:23:34', NULL, NULL, NULL, NULL, NULL, NULL, NULL),
(145, 'a2638be5cc0c4c3a886122840231cb82', NULL, NULL, NULL, NULL, NULL, NULL, NULL, NULL, NULL, NULL, NULL, NULL, NULL, NULL, NULL, '2015-08-11 09:23:34', NULL, NULL, NULL, NULL, NULL, NULL, NULL),
(146, 'eef07f1efa464ed68a6769ea1fb43ba8', NULL, NULL, NULL, NULL, NULL, NULL, NULL, NULL, NULL, NULL, NULL, NULL, NULL, NULL, NULL, '2015-08-11 09:23:34', NULL, NULL, NULL, NULL, NULL, NULL, NULL),
(147, 'f9c1a22bf94a4d90b352957d2bfee121', NULL, NULL, NULL, NULL, NULL, NULL, NULL, NULL, NULL, NULL, NULL, NULL, NULL, NULL, NULL, '2015-08-11 09:23:34', NULL, NULL, NULL, NULL, NULL, NULL, NULL),
(148, '49b63ab7f6614a38a2597090deed0b0b', NULL, NULL, NULL, NULL, NULL, NULL, NULL, NULL, NULL, NULL, NULL, NULL, NULL, NULL, NULL, '2015-08-11 09:23:34', NULL, NULL, NULL, NULL, NULL, NULL, NULL),
(149, '4900ceaf8d6c4c67b4a86bd6f186d5a2', NULL, NULL, NULL, NULL, NULL, NULL, NULL, NULL, NULL, NULL, NULL, NULL, NULL, NULL, NULL, '2015-08-11 09:23:34', NULL, NULL, NULL, NULL, NULL, NULL, NULL),
(150, '81360259376043b98745bf799c4301a9', NULL, NULL, NULL, NULL, NULL, NULL, NULL, NULL, NULL, NULL, NULL, NULL, NULL, NULL, NULL, '2015-08-11 09:23:34', NULL, NULL, NULL, NULL, NULL, NULL, NULL),
(151, 'e94c76bf43c046f9a9da38e1bd218121', NULL, NULL, NULL, NULL, NULL, NULL, NULL, NULL, NULL, NULL, NULL, NULL, NULL, NULL, NULL, '2015-08-11 09:23:34', NULL, NULL, NULL, NULL, NULL, NULL, NULL),
(152, '3915f22588614e46a7c97502e351c31b', NULL, NULL, NULL, NULL, NULL, NULL, NULL, NULL, NULL, NULL, NULL, NULL, NULL, NULL, NULL, '2015-08-11 09:23:34', NULL, NULL, NULL, NULL, NULL, NULL, NULL),
(153, 'ade78b1d11484131996e4ad52fc5c498', NULL, NULL, NULL, NULL, NULL, NULL, NULL, NULL, NULL, NULL, NULL, NULL, NULL, NULL, NULL, '2015-08-11 09:23:34', NULL, NULL, NULL, NULL, NULL, NULL, NULL),
(154, '8dbb9e1d97274c9c970cb57657aa0d09', NULL, NULL, NULL, NULL, NULL, NULL, NULL, NULL, NULL, NULL, NULL, NULL, NULL, NULL, NULL, '2015-08-11 09:23:34', NULL, NULL, NULL, NULL, NULL, NULL, NULL),
(155, '5e87819054eb4930a1a870529e953106', NULL, NULL, NULL, NULL, NULL, NULL, NULL, NULL, NULL, NULL, NULL, NULL, NULL, NULL, NULL, '2015-08-11 09:23:34', NULL, NULL, NULL, NULL, NULL, NULL, NULL),
(156, '5dca11d09d924e6fb964211b01c3df68', NULL, NULL, NULL, NULL, NULL, NULL, NULL, NULL, NULL, NULL, NULL, NULL, NULL, NULL, NULL, '2015-08-11 09:23:34', NULL, NULL, NULL, NULL, NULL, NULL, NULL),
(157, '0c59fc5e476f41ad8b995ea0463c6f1b', NULL, NULL, NULL, NULL, NULL, NULL, NULL, NULL, NULL, NULL, NULL, NULL, NULL, NULL, NULL, '2015-08-11 09:23:34', NULL, NULL, NULL, NULL, NULL, NULL, NULL),
(158, 'cc83fda5bea441d2a87affc60ba38f0b', NULL, NULL, NULL, NULL, NULL, NULL, NULL, NULL, NULL, NULL, NULL, NULL, NULL, NULL, NULL, '2015-08-11 09:23:34', NULL, NULL, NULL, NULL, NULL, NULL, NULL),
(159, 'fba66bd9bb23428686211ebc0fb5b164', NULL, NULL, NULL, NULL, NULL, NULL, NULL, NULL, NULL, NULL, NULL, NULL, NULL, NULL, NULL, '2015-08-11 09:23:34', NULL, NULL, NULL, NULL, NULL, NULL, NULL),
(160, 'cd3213fbfa2a4abdb02b8593e26e7dae', NULL, NULL, NULL, NULL, NULL, NULL, NULL, NULL, NULL, NULL, NULL, NULL, NULL, NULL, NULL, '2015-08-11 09:23:34', NULL, NULL, NULL, NULL, NULL, NULL, NULL),
(161, '101fe2ed55f0438b968a6847476ec49d', NULL, NULL, NULL, NULL, NULL, NULL, NULL, NULL, NULL, NULL, NULL, NULL, NULL, NULL, NULL, '2015-08-11 09:23:34', NULL, NULL, NULL, NULL, NULL, NULL, NULL),
(162, '92160eac6e724b2b89c31c9136260093', NULL, NULL, NULL, NULL, NULL, NULL, NULL, NULL, NULL, NULL, NULL, NULL, NULL, NULL, NULL, '2015-08-11 09:23:34', NULL, NULL, NULL, NULL, NULL, NULL, NULL),
(163, 'e09c8cd0b70748dfb0e55de0683d8706', NULL, NULL, NULL, NULL, NULL, NULL, NULL, NULL, NULL, NULL, NULL, NULL, NULL, NULL, NULL, '2015-08-11 09:23:34', NULL, NULL, NULL, NULL, NULL, NULL, NULL),
(164, '4150f8fb9cc544be9d54e594538aff80', NULL, NULL, NULL, NULL, NULL, NULL, NULL, NULL, NULL, NULL, NULL, NULL, NULL, NULL, NULL, '2015-08-11 09:23:34', NULL, NULL, NULL, NULL, NULL, NULL, NULL),
(165, 'e08ed565d74b4957b9fb90bb60c90348', NULL, NULL, NULL, NULL, NULL, NULL, NULL, NULL, NULL, NULL, NULL, NULL, NULL, NULL, NULL, '2015-08-11 09:23:34', NULL, NULL, NULL, NULL, NULL, NULL, NULL),
(166, 'a3ba8f0cece34029a1f82637139a33a9', NULL, NULL, NULL, NULL, NULL, NULL, NULL, NULL, NULL, NULL, NULL, NULL, NULL, NULL, NULL, '2015-08-11 09:23:34', NULL, NULL, NULL, NULL, NULL, NULL, NULL),
(167, '7dd8feea111f4a55a1e9818a93566484', NULL, NULL, NULL, NULL, NULL, NULL, NULL, NULL, NULL, NULL, NULL, NULL, NULL, NULL, NULL, '2015-08-11 09:23:34', NULL, NULL, NULL, NULL, NULL, NULL, NULL),
(168, '20ee800f9a7148da9e33994f5a1067dc', NULL, NULL, NULL, NULL, NULL, NULL, NULL, NULL, NULL, NULL, NULL, NULL, NULL, NULL, NULL, '2015-08-11 09:23:34', NULL, NULL, NULL, NULL, NULL, NULL, NULL),
(169, 'e289971744c8427a997274ee60ab4bcc', NULL, NULL, NULL, NULL, NULL, NULL, NULL, NULL, NULL, NULL, NULL, NULL, NULL, NULL, NULL, '2015-08-11 09:23:34', NULL, NULL, NULL, NULL, NULL, NULL, NULL),
(170, '6d7a337ba5b740b7ab4d7f7474d3c076', NULL, NULL, NULL, NULL, NULL, NULL, NULL, NULL, NULL, NULL, NULL, NULL, NULL, NULL, NULL, '2015-08-11 09:23:34', NULL, NULL, NULL, NULL, NULL, NULL, NULL),
(171, 'f825dafcc63b418ba9fd68c75968ce59', NULL, NULL, NULL, NULL, NULL, NULL, NULL, NULL, NULL, NULL, NULL, NULL, NULL, NULL, NULL, '2015-08-11 09:23:34', NULL, NULL, NULL, NULL, NULL, NULL, NULL),
(172, '8eefc8381c2f46b281be285a1b6e8509', NULL, NULL, NULL, NULL, NULL, NULL, NULL, NULL, NULL, NULL, NULL, NULL, NULL, NULL, NULL, '2015-08-11 09:23:34', NULL, NULL, NULL, NULL, NULL, NULL, NULL),
(173, 'c815566b48664ecc9fe555b8ac4d2875', NULL, NULL, NULL, NULL, NULL, NULL, NULL, NULL, NULL, NULL, NULL, NULL, NULL, NULL, NULL, '2015-08-11 09:23:34', NULL, NULL, NULL, NULL, NULL, NULL, NULL),
(174, '782520c4afa54de2b1a1808ba7c7d723', NULL, NULL, NULL, NULL, NULL, NULL, NULL, NULL, NULL, NULL, NULL, NULL, NULL, NULL, NULL, '2015-08-11 09:23:34', NULL, NULL, NULL, NULL, NULL, NULL, NULL),
(175, '58531d0eb305440095abccd50e9af0ab', NULL, NULL, NULL, NULL, NULL, NULL, NULL, NULL, NULL, NULL, NULL, NULL, NULL, NULL, NULL, '2015-08-11 09:23:34', NULL, NULL, NULL, NULL, NULL, NULL, NULL),
(176, '469ac071906a4ce585b3cd196265157f', NULL, NULL, NULL, NULL, NULL, NULL, NULL, NULL, NULL, NULL, NULL, NULL, NULL, NULL, NULL, '2015-08-11 09:23:34', NULL, NULL, NULL, NULL, NULL, NULL, NULL),
(177, '08a53f22b5914f32af826d25af648365', NULL, NULL, NULL, NULL, NULL, NULL, NULL, NULL, NULL, NULL, NULL, NULL, NULL, NULL, NULL, '2015-08-11 09:23:34', NULL, NULL, NULL, NULL, NULL, NULL, NULL),
(178, '815eb2c6d8c04fdda5d11b3cb0bc66fb', NULL, NULL, NULL, NULL, NULL, NULL, NULL, NULL, NULL, NULL, NULL, NULL, NULL, NULL, NULL, '2015-08-11 09:23:34', NULL, NULL, NULL, NULL, NULL, NULL, NULL),
(179, 'dfc3a8973adb49e8af52871f8367fc5c', NULL, NULL, NULL, NULL, NULL, NULL, NULL, NULL, NULL, NULL, NULL, NULL, NULL, NULL, NULL, '2015-08-11 09:23:34', NULL, NULL, NULL, NULL, NULL, NULL, NULL),
(180, '4c78bd3e4d1344198436bf0b9a7fc2e2', NULL, NULL, NULL, NULL, NULL, NULL, NULL, NULL, NULL, NULL, NULL, NULL, NULL, NULL, NULL, '2015-08-11 09:23:34', NULL, NULL, NULL, NULL, NULL, NULL, NULL),
(181, 'cdb281d85cd34c0fb13bb566f128e9e5', NULL, NULL, NULL, NULL, NULL, NULL, NULL, NULL, NULL, NULL, NULL, NULL, NULL, NULL, NULL, '2015-08-11 09:23:34', NULL, NULL, NULL, NULL, NULL, NULL, NULL),
(182, 'de60187efc4348ad84f991cee069eca9', NULL, NULL, NULL, NULL, NULL, NULL, NULL, NULL, NULL, NULL, NULL, NULL, NULL, NULL, NULL, '2015-08-11 09:23:34', NULL, NULL, NULL, NULL, NULL, NULL, NULL),
(183, 'c757c494515543508da82db83d13e8c6', NULL, NULL, NULL, NULL, NULL, NULL, NULL, NULL, NULL, NULL, NULL, NULL, NULL, NULL, NULL, '2015-08-11 09:23:34', NULL, NULL, NULL, NULL, NULL, NULL, NULL),
(184, 'a068bec981d346fc9c795eae2f28f5a2', NULL, NULL, NULL, NULL, NULL, NULL, NULL, NULL, NULL, NULL, NULL, NULL, NULL, NULL, NULL, '2015-08-11 09:23:34', NULL, NULL, NULL, NULL, NULL, NULL, NULL),
(185, 'b89ca07718a24855a66de40ffc01b290', NULL, NULL, NULL, NULL, NULL, NULL, NULL, NULL, NULL, NULL, NULL, NULL, NULL, NULL, NULL, '2015-08-11 09:23:34', NULL, NULL, NULL, NULL, NULL, NULL, NULL),
(186, '10b108b9781347cf8a02fcc4cad0f0b2', NULL, NULL, NULL, NULL, NULL, NULL, NULL, NULL, NULL, NULL, NULL, NULL, NULL, NULL, NULL, '2015-08-11 09:23:34', NULL, NULL, NULL, NULL, NULL, NULL, NULL),
(187, '2a45d3d85dbc4770bc973409fab0f2bf', NULL, NULL, NULL, NULL, NULL, NULL, NULL, NULL, NULL, NULL, NULL, NULL, NULL, NULL, NULL, '2015-08-11 09:23:34', NULL, NULL, NULL, NULL, NULL, NULL, NULL),
(188, 'cb6480e599a44ff194b5c9fa982e9e37', NULL, NULL, NULL, NULL, NULL, NULL, NULL, NULL, NULL, NULL, NULL, NULL, NULL, NULL, NULL, '2015-08-11 09:23:34', NULL, NULL, NULL, NULL, NULL, NULL, NULL),
(189, 'f1995339316f47e6b4d9ddf28148f71d', NULL, NULL, NULL, NULL, NULL, NULL, NULL, NULL, NULL, NULL, NULL, NULL, NULL, NULL, NULL, '2015-08-11 09:23:34', NULL, NULL, NULL, NULL, NULL, NULL, NULL),
(190, 'ea3653f8e5b44017aabec8b63ed4b1f2', NULL, NULL, NULL, NULL, NULL, NULL, NULL, NULL, NULL, NULL, NULL, NULL, NULL, NULL, NULL, '2015-08-11 09:23:34', NULL, NULL, NULL, NULL, NULL, NULL, NULL),
(191, '5062d096f27d48238d263e44628f4b52', NULL, NULL, NULL, NULL, NULL, NULL, NULL, NULL, NULL, NULL, NULL, NULL, NULL, NULL, NULL, '2015-08-11 09:23:34', NULL, NULL, NULL, NULL, NULL, NULL, NULL),
(192, '45d2806cb1e64eae9ef6f74d14c4a474', NULL, NULL, NULL, NULL, NULL, NULL, NULL, NULL, NULL, NULL, NULL, NULL, NULL, NULL, NULL, '2015-08-11 09:23:34', NULL, NULL, NULL, NULL, NULL, NULL, NULL),
(193, '1a2f651760c44df691572d373bae9db8', NULL, NULL, NULL, NULL, NULL, NULL, NULL, NULL, NULL, NULL, NULL, NULL, NULL, NULL, NULL, '2015-08-11 09:23:34', NULL, NULL, NULL, NULL, NULL, NULL, NULL),
(194, 'fa53f3a438bb4a138ffe6d2f196dafb4', NULL, NULL, NULL, NULL, NULL, NULL, NULL, NULL, NULL, NULL, NULL, NULL, NULL, NULL, NULL, '2015-08-11 09:23:34', NULL, NULL, NULL, NULL, NULL, NULL, NULL),
(195, 'c3ae0f869e6f485c8d84bdc1488c2360', NULL, NULL, NULL, NULL, NULL, NULL, NULL, NULL, NULL, NULL, NULL, NULL, NULL, NULL, NULL, '2015-08-11 09:23:34', NULL, NULL, NULL, NULL, NULL, NULL, NULL),
(196, 'b010517e33bb4256b948fb1df0cebd21', NULL, NULL, NULL, NULL, NULL, NULL, NULL, NULL, NULL, NULL, NULL, NULL, NULL, NULL, NULL, '2015-08-11 09:23:34', NULL, NULL, NULL, NULL, NULL, NULL, NULL),
(197, 'b5d1e93b5c3e4c9db188be7471881bb7', NULL, NULL, NULL, NULL, NULL, NULL, NULL, NULL, NULL, NULL, NULL, NULL, NULL, NULL, NULL, '2015-08-11 09:23:34', NULL, NULL, NULL, NULL, NULL, NULL, NULL),
(198, '9392c87dd73547869b29dd9f1f154fa1', NULL, NULL, NULL, NULL, NULL, NULL, NULL, NULL, NULL, NULL, NULL, NULL, NULL, NULL, NULL, '2015-08-11 09:23:34', NULL, NULL, NULL, NULL, NULL, NULL, NULL),
(199, 'aa36116d175a48ff9ce3378e8f074f2d', NULL, NULL, NULL, NULL, NULL, NULL, NULL, NULL, NULL, NULL, NULL, NULL, NULL, NULL, NULL, '2015-08-11 09:23:34', NULL, NULL, NULL, NULL, NULL, NULL, NULL),
(200, '02eda52364094f999fc92811c704d056', NULL, NULL, NULL, NULL, NULL, NULL, NULL, NULL, NULL, NULL, NULL, NULL, NULL, NULL, NULL, '2015-08-11 09:23:34', NULL, NULL, NULL, NULL, NULL, NULL, NULL),
(201, '846b62df42514c6286702a01a3c737c3', NULL, NULL, NULL, NULL, NULL, NULL, NULL, NULL, NULL, NULL, NULL, NULL, NULL, NULL, NULL, '2015-08-11 09:23:34', NULL, NULL, NULL, NULL, NULL, NULL, NULL),
(202, '829ae4f421d540288163ae20456a9c65', NULL, NULL, NULL, NULL, NULL, NULL, NULL, NULL, NULL, NULL, NULL, NULL, NULL, NULL, NULL, '2015-08-11 09:23:34', NULL, NULL, NULL, NULL, NULL, NULL, NULL),
(203, '5d573b908a54454d911fc05d4cd25afa', NULL, NULL, NULL, NULL, NULL, NULL, NULL, NULL, NULL, NULL, NULL, NULL, NULL, NULL, NULL, '2015-08-11 09:23:34', NULL, NULL, NULL, NULL, NULL, NULL, NULL),
(204, 'd8c7e306717543de80ef76f9a0d69c7c', NULL, NULL, NULL, NULL, NULL, NULL, NULL, NULL, NULL, NULL, NULL, NULL, NULL, NULL, NULL, '2015-08-11 09:23:34', NULL, NULL, NULL, NULL, NULL, NULL, NULL),
(205, 'e5b812c8ef1c4726af0d35c84028d0ba', NULL, NULL, NULL, NULL, NULL, NULL, NULL, NULL, NULL, NULL, NULL, NULL, NULL, NULL, NULL, '2015-08-11 09:23:34', NULL, NULL, NULL, NULL, NULL, NULL, NULL),
(206, 'e6d5695a5527422380fe3abbebee1cc7', NULL, NULL, NULL, NULL, NULL, NULL, NULL, NULL, NULL, NULL, NULL, NULL, NULL, NULL, NULL, '2015-08-11 09:23:34', NULL, NULL, NULL, NULL, NULL, NULL, NULL),
(207, 'dc780e4a234743318f7d6db02cabd546', NULL, NULL, NULL, NULL, NULL, NULL, NULL, NULL, NULL, NULL, NULL, NULL, NULL, NULL, NULL, '2015-08-11 09:23:34', NULL, NULL, NULL, NULL, NULL, NULL, NULL),
(208, '95b896c6e26948c2a460f87595abc655', NULL, NULL, NULL, NULL, NULL, NULL, NULL, NULL, NULL, NULL, NULL, NULL, NULL, NULL, NULL, '2015-08-11 09:23:34', NULL, NULL, NULL, NULL, NULL, NULL, NULL),
(209, '474297d7e34246b1aea639224cb9aad2', NULL, NULL, NULL, NULL, NULL, NULL, NULL, NULL, NULL, NULL, NULL, NULL, NULL, NULL, NULL, '2015-08-11 09:23:34', NULL, NULL, NULL, NULL, NULL, NULL, NULL),
(210, '11f2f6edf33d41909d11f1bb4e383131', NULL, NULL, NULL, NULL, NULL, NULL, NULL, NULL, NULL, NULL, NULL, NULL, NULL, NULL, NULL, '2015-08-11 09:23:34', NULL, NULL, NULL, NULL, NULL, NULL, NULL),
(211, '846d777d1c4241269a9ba51f699c920b', NULL, NULL, NULL, NULL, NULL, NULL, NULL, NULL, NULL, NULL, NULL, NULL, NULL, NULL, NULL, '2015-08-11 09:23:34', NULL, NULL, NULL, NULL, NULL, NULL, NULL),
(212, '497993e24cd345a8bf377f3ade1127ab', NULL, NULL, NULL, NULL, NULL, NULL, NULL, NULL, NULL, NULL, NULL, NULL, NULL, NULL, NULL, '2015-08-11 09:23:34', NULL, NULL, NULL, NULL, NULL, NULL, NULL),
(213, '7264b1e7a2c34eedb1e500f434cc1879', NULL, NULL, NULL, NULL, NULL, NULL, NULL, NULL, NULL, NULL, NULL, NULL, NULL, NULL, NULL, '2015-08-11 09:23:34', NULL, NULL, NULL, NULL, NULL, NULL, NULL),
(214, 'ac9f77dd0cae4a6f933a578b8e9f1733', NULL, NULL, NULL, NULL, NULL, NULL, NULL, NULL, NULL, NULL, NULL, NULL, NULL, NULL, NULL, '2015-08-11 09:23:34', NULL, NULL, NULL, NULL, NULL, NULL, NULL),
(215, '42eaa0c30418424ca9a520c77f3fa735', NULL, NULL, NULL, NULL, NULL, NULL, NULL, NULL, NULL, NULL, NULL, NULL, NULL, NULL, NULL, '2015-08-11 09:23:34', NULL, NULL, NULL, NULL, NULL, NULL, NULL),
(216, '6008e0eae7b54a19bc41d2b69ddfba5d', NULL, NULL, NULL, NULL, NULL, NULL, NULL, NULL, NULL, NULL, NULL, NULL, NULL, NULL, NULL, '2015-08-11 09:23:34', NULL, NULL, NULL, NULL, NULL, NULL, NULL),
(217, 'cce1e8755eaf4dcab75fbba1a193972a', NULL, NULL, NULL, NULL, NULL, NULL, NULL, NULL, NULL, NULL, NULL, NULL, NULL, NULL, NULL, '2015-08-11 09:23:34', NULL, NULL, NULL, NULL, NULL, NULL, NULL),
(218, 'd262c81b900a476784ba4ac30ddb3401', NULL, NULL, NULL, NULL, NULL, NULL, NULL, NULL, NULL, NULL, NULL, NULL, NULL, NULL, NULL, '2015-08-11 09:23:34', NULL, NULL, NULL, NULL, NULL, NULL, NULL),
(219, '22ad84308d17438cb1105415379e111c', NULL, NULL, NULL, NULL, NULL, NULL, NULL, NULL, NULL, NULL, NULL, NULL, NULL, NULL, NULL, '2015-08-11 09:23:34', NULL, NULL, NULL, NULL, NULL, NULL, NULL),
(220, '96fe7b1b846d4691b847fab07773c672', NULL, NULL, NULL, NULL, NULL, NULL, NULL, NULL, NULL, NULL, NULL, NULL, NULL, NULL, NULL, '2015-08-11 09:23:34', NULL, NULL, NULL, NULL, NULL, NULL, NULL),
(221, '362423f4916b422ab2c60e2f144b3b92', NULL, NULL, NULL, NULL, NULL, NULL, NULL, NULL, NULL, NULL, NULL, NULL, NULL, NULL, NULL, '2015-08-11 09:23:34', NULL, NULL, NULL, NULL, NULL, NULL, NULL),
(222, 'ebc9ef08c5d846c38b521c9460fc4357', NULL, NULL, NULL, NULL, NULL, NULL, NULL, NULL, NULL, NULL, NULL, NULL, NULL, NULL, NULL, '2015-08-11 09:23:34', NULL, NULL, NULL, NULL, NULL, NULL, NULL),
(223, '183a24af11bf4b3884cd5882aeb6e9ec', NULL, NULL, NULL, NULL, NULL, NULL, NULL, NULL, NULL, NULL, NULL, NULL, NULL, NULL, NULL, '2015-08-11 09:23:34', NULL, NULL, NULL, NULL, NULL, NULL, NULL),
(224, '6f1c234388de408bb843ecc7dfcee106', NULL, NULL, NULL, NULL, NULL, NULL, NULL, NULL, NULL, NULL, NULL, NULL, NULL, NULL, NULL, '2015-08-11 09:23:34', NULL, NULL, NULL, NULL, NULL, NULL, NULL),
(225, 'edd8b20bfd0b47da8a6a387cadd225a6', NULL, NULL, NULL, NULL, NULL, NULL, NULL, NULL, NULL, NULL, NULL, NULL, NULL, NULL, NULL, '2015-08-11 09:23:34', NULL, NULL, NULL, NULL, NULL, NULL, NULL),
(226, '16f1fa7efe184cf6b365b0998409c4b7', NULL, NULL, NULL, NULL, NULL, NULL, NULL, NULL, NULL, NULL, NULL, NULL, NULL, NULL, NULL, '2015-08-11 09:23:34', NULL, NULL, NULL, NULL, NULL, NULL, NULL),
(227, '07470d39343142b58059052eaaee1ae1', NULL, NULL, NULL, NULL, NULL, NULL, NULL, NULL, NULL, NULL, NULL, NULL, NULL, NULL, NULL, '2015-08-11 09:23:34', NULL, NULL, NULL, NULL, NULL, NULL, NULL),
(228, 'bf1096fef6ad41528eb6cdee5b2d529d', NULL, NULL, NULL, NULL, NULL, NULL, NULL, NULL, NULL, NULL, NULL, NULL, NULL, NULL, NULL, '2015-08-11 09:23:34', NULL, NULL, NULL, NULL, NULL, NULL, NULL),
(229, '30f568ad0f0c46659a8ad5a55bda4d52', NULL, NULL, NULL, NULL, NULL, NULL, NULL, NULL, NULL, NULL, NULL, NULL, NULL, NULL, NULL, '2015-08-11 09:23:34', NULL, NULL, NULL, NULL, NULL, NULL, NULL),
(230, '89bfe124ca4b4e2784ec3c7f4ef0d066', NULL, NULL, NULL, NULL, NULL, NULL, NULL, NULL, NULL, NULL, NULL, NULL, NULL, NULL, NULL, '2015-08-11 09:23:34', NULL, NULL, NULL, NULL, NULL, NULL, NULL),
(231, '74a885dfa9b84bd8936f4a79d92879a2', NULL, NULL, NULL, NULL, NULL, NULL, NULL, NULL, NULL, NULL, NULL, NULL, NULL, NULL, NULL, '2015-08-11 09:23:34', NULL, NULL, NULL, NULL, NULL, NULL, NULL),
(232, '57c9dc97244f48119c55e6ff8e606398', NULL, NULL, NULL, NULL, NULL, NULL, NULL, NULL, NULL, NULL, NULL, NULL, NULL, NULL, NULL, '2015-08-11 09:23:34', NULL, NULL, NULL, NULL, NULL, NULL, NULL),
(233, '766386f9bd2c4ef0afff77719a5e937b', NULL, NULL, NULL, NULL, NULL, NULL, NULL, NULL, NULL, NULL, NULL, NULL, NULL, NULL, NULL, '2015-08-11 09:23:34', NULL, NULL, NULL, NULL, NULL, NULL, NULL),
(234, 'a6ec6d7197ea49a0bb9233fb8a16defc', NULL, NULL, NULL, NULL, NULL, NULL, NULL, NULL, NULL, NULL, NULL, NULL, NULL, NULL, NULL, '2015-08-11 09:23:34', NULL, NULL, NULL, NULL, NULL, NULL, NULL),
(235, '6e7b9de850e94c8380baa006846e394f', NULL, NULL, NULL, NULL, NULL, NULL, NULL, NULL, NULL, NULL, NULL, NULL, NULL, NULL, NULL, '2015-08-11 09:23:34', NULL, NULL, NULL, NULL, NULL, NULL, NULL),
(236, '82db200dfc954258a575d2f8d8e2f7c3', NULL, NULL, NULL, NULL, NULL, NULL, NULL, NULL, NULL, NULL, NULL, NULL, NULL, NULL, NULL, '2015-08-11 09:23:34', NULL, NULL, NULL, NULL, NULL, NULL, NULL),
(237, 'd2fbc19ad0664ceda149b518184659e8', NULL, NULL, NULL, NULL, NULL, NULL, NULL, NULL, NULL, NULL, NULL, NULL, NULL, NULL, NULL, '2015-08-11 09:23:34', NULL, NULL, NULL, NULL, NULL, NULL, NULL),
(238, 'a9654f3110e840e0b0a670d89d8572aa', NULL, NULL, NULL, NULL, NULL, NULL, NULL, NULL, NULL, NULL, NULL, NULL, NULL, NULL, NULL, '2015-08-11 09:23:34', NULL, NULL, NULL, NULL, NULL, NULL, NULL),
(239, '499bc6366f18489da8b9860c300f51d6', NULL, NULL, NULL, NULL, NULL, NULL, NULL, NULL, NULL, NULL, NULL, NULL, NULL, NULL, NULL, '2015-08-11 09:23:34', NULL, NULL, NULL, NULL, NULL, NULL, NULL),
(240, '556a8e80b33541e5a6bf9bdbb101a311', NULL, NULL, NULL, NULL, NULL, NULL, NULL, NULL, NULL, NULL, NULL, NULL, NULL, NULL, NULL, '2015-08-11 09:23:34', NULL, NULL, NULL, NULL, NULL, NULL, NULL),
(241, '71e45729572b47fe8a51ee9dd41051f7', NULL, NULL, NULL, NULL, NULL, NULL, NULL, NULL, NULL, NULL, NULL, NULL, NULL, NULL, NULL, '2015-08-11 09:23:34', NULL, NULL, NULL, NULL, NULL, NULL, NULL),
(242, 'a30690bb58fa49cbadd2ad5c96f1ab81', NULL, NULL, NULL, NULL, NULL, NULL, NULL, NULL, NULL, NULL, NULL, NULL, NULL, NULL, NULL, '2015-08-11 09:23:34', NULL, NULL, NULL, NULL, NULL, NULL, NULL),
(243, 'dea22d1ba9bf4bf68caf0c99d7be1900', NULL, NULL, NULL, NULL, NULL, NULL, NULL, NULL, NULL, NULL, NULL, NULL, NULL, NULL, NULL, '2015-08-11 09:23:34', NULL, NULL, NULL, NULL, NULL, NULL, NULL),
(244, 'a46dc81b3aae45e4884d93414ba08e19', NULL, NULL, NULL, NULL, NULL, NULL, NULL, NULL, NULL, NULL, NULL, NULL, NULL, NULL, NULL, '2015-08-11 09:23:34', NULL, NULL, NULL, NULL, NULL, NULL, NULL),
(245, '388422cca31d4bfa9d4a4715de68ddb1', NULL, NULL, NULL, NULL, NULL, NULL, NULL, NULL, NULL, NULL, NULL, NULL, NULL, NULL, NULL, '2015-08-11 09:23:34', NULL, NULL, NULL, NULL, NULL, NULL, NULL),
(246, '36b9de0febc34caea77a19c91cf9e940', NULL, NULL, NULL, NULL, NULL, NULL, NULL, NULL, NULL, NULL, NULL, NULL, NULL, NULL, NULL, '2015-08-11 09:23:34', NULL, NULL, NULL, NULL, NULL, NULL, NULL),
(247, '94e31b4887fc4ce4b8ca0431159e85c3', NULL, NULL, NULL, NULL, NULL, NULL, NULL, NULL, NULL, NULL, NULL, NULL, NULL, NULL, NULL, '2015-08-11 09:23:34', NULL, NULL, NULL, NULL, NULL, NULL, NULL),
(248, 'f3b676552b7e4837b7d5fd7354585025', NULL, NULL, NULL, NULL, NULL, NULL, NULL, NULL, NULL, NULL, NULL, NULL, NULL, NULL, NULL, '2015-08-11 09:23:34', NULL, NULL, NULL, NULL, NULL, NULL, NULL);
INSERT INTO `User` (`id`, `api_key`, `username`, `first_name`, `last_name`, `password`, `email`, `fb_id`, `twitter_id`, `address`, `avatar`, `phone`, `balances`, `fb_token`, `twitter_token`, `push_id`, `postal_code`, `create_date`, `gender`, `birthday`, `profession`, `twitter_secret`, `is_active`, `first_use`, `city`) VALUES
(249, '21cb36a75cb441dcb9f05a7251b0335e', NULL, NULL, NULL, NULL, NULL, NULL, NULL, NULL, NULL, NULL, NULL, NULL, NULL, NULL, NULL, '2015-08-11 09:23:34', NULL, NULL, NULL, NULL, NULL, NULL, NULL),
(250, '8f7526896a674200ade35a8684c2e44d', NULL, NULL, NULL, NULL, NULL, NULL, NULL, NULL, NULL, NULL, NULL, NULL, NULL, NULL, NULL, '2015-08-11 09:23:34', NULL, NULL, NULL, NULL, NULL, NULL, NULL),
(251, 'ff330a814eef4087be0fcc8f402df40e', NULL, NULL, NULL, NULL, NULL, NULL, NULL, NULL, NULL, NULL, NULL, NULL, NULL, NULL, NULL, '2015-08-11 09:23:34', NULL, NULL, NULL, NULL, NULL, NULL, NULL),
(252, '8f7a5c0360e24483b165a7834f899cc6', NULL, NULL, NULL, NULL, NULL, NULL, NULL, NULL, NULL, NULL, NULL, NULL, NULL, NULL, NULL, '2015-08-11 09:23:34', NULL, NULL, NULL, NULL, NULL, NULL, NULL),
(253, 'e9749f4e863546f3b7300f69ea289877', NULL, NULL, NULL, NULL, NULL, NULL, NULL, NULL, NULL, NULL, NULL, NULL, NULL, NULL, NULL, '2015-08-11 09:23:34', NULL, NULL, NULL, NULL, NULL, NULL, NULL),
(254, 'c08e584707e84a90b17e2217894feaba', NULL, NULL, NULL, NULL, NULL, NULL, NULL, NULL, NULL, NULL, NULL, NULL, NULL, NULL, NULL, '2015-08-11 09:23:34', NULL, NULL, NULL, NULL, NULL, NULL, NULL),
(255, 'b39aa81bfa9c4323adc708f752e3d792', NULL, NULL, NULL, NULL, NULL, NULL, NULL, NULL, NULL, NULL, NULL, NULL, NULL, NULL, NULL, '2015-08-11 09:23:34', NULL, NULL, NULL, NULL, NULL, NULL, NULL),
(256, 'ac30989de8544f2abe718213da9d0eb3', NULL, NULL, NULL, NULL, NULL, NULL, NULL, NULL, NULL, NULL, NULL, NULL, NULL, NULL, NULL, '2015-08-11 09:23:34', NULL, NULL, NULL, NULL, NULL, NULL, NULL),
(257, 'af355377145544708efa2b0bc83eec14', NULL, NULL, NULL, NULL, NULL, NULL, NULL, NULL, NULL, NULL, NULL, NULL, NULL, NULL, NULL, '2015-08-12 00:12:54', NULL, NULL, NULL, NULL, NULL, NULL, NULL),
(258, 'd1bf0737fd4e44d786a4238b33b49d0e', NULL, NULL, NULL, NULL, NULL, NULL, NULL, NULL, NULL, NULL, NULL, NULL, NULL, NULL, NULL, '2015-08-12 00:12:54', NULL, NULL, NULL, NULL, NULL, NULL, NULL),
(259, 'd941e4da332f4b268aea887c85970599', NULL, NULL, NULL, NULL, NULL, NULL, NULL, NULL, NULL, NULL, NULL, NULL, NULL, NULL, NULL, '2015-08-12 00:12:54', NULL, NULL, NULL, NULL, NULL, NULL, NULL),
(260, 'f1bedeb888524022b1e453732578a02a', NULL, NULL, NULL, NULL, NULL, NULL, NULL, NULL, NULL, NULL, NULL, NULL, NULL, NULL, NULL, '2015-08-12 00:12:54', NULL, NULL, NULL, NULL, NULL, NULL, NULL),
(261, 'd82d078901c14cbbba542ecbb1325e4a', NULL, NULL, NULL, NULL, NULL, NULL, NULL, NULL, NULL, NULL, NULL, NULL, NULL, NULL, NULL, '2015-08-12 00:12:54', NULL, NULL, NULL, NULL, NULL, NULL, NULL),
(262, '1b020832352148feaa9cb1c60b8b1725', NULL, NULL, NULL, NULL, NULL, NULL, NULL, NULL, NULL, NULL, NULL, NULL, NULL, NULL, NULL, '2015-08-12 00:12:54', NULL, NULL, NULL, NULL, NULL, NULL, NULL),
(263, '26d18fb89e3f42dcba2e2a89ac0a8432', NULL, NULL, NULL, NULL, NULL, NULL, NULL, NULL, NULL, NULL, NULL, NULL, NULL, NULL, NULL, '2015-08-12 00:12:54', NULL, NULL, NULL, NULL, NULL, NULL, NULL),
(264, 'b91ed2334c534f3f93125161dc7887f6', NULL, NULL, NULL, NULL, NULL, NULL, NULL, NULL, NULL, NULL, NULL, NULL, NULL, NULL, NULL, '2015-08-12 00:12:54', NULL, NULL, NULL, NULL, NULL, NULL, NULL),
(265, 'bffd1f4f194144dda7d1ebfe2d332700', NULL, NULL, NULL, NULL, NULL, NULL, NULL, NULL, NULL, NULL, NULL, NULL, NULL, NULL, NULL, '2015-08-12 00:12:54', NULL, NULL, NULL, NULL, NULL, NULL, NULL),
(266, '19909872b7bf46cb93dc8217534925a9', NULL, NULL, NULL, NULL, NULL, NULL, NULL, NULL, NULL, NULL, NULL, NULL, NULL, NULL, NULL, '2015-08-12 00:12:54', NULL, NULL, NULL, NULL, NULL, NULL, NULL),
(267, '04dfc151ce3e46cc86b2f89bcd6e0157', NULL, NULL, NULL, NULL, NULL, NULL, NULL, NULL, NULL, NULL, NULL, NULL, NULL, NULL, NULL, '2015-08-12 00:12:54', NULL, NULL, NULL, NULL, NULL, NULL, NULL),
(268, '7ea0fde9a08548968d2ad244bee90788', NULL, NULL, NULL, NULL, NULL, NULL, NULL, NULL, NULL, NULL, NULL, NULL, NULL, NULL, NULL, '2015-08-12 00:12:54', NULL, NULL, NULL, NULL, NULL, NULL, NULL),
(269, 'e7a3308087b847e0b7743c556a65d27c', NULL, NULL, NULL, NULL, NULL, NULL, NULL, NULL, NULL, NULL, NULL, NULL, NULL, NULL, NULL, '2015-08-12 00:12:54', NULL, NULL, NULL, NULL, NULL, NULL, NULL),
(270, '23cabad5bd04477592e314af11f49ba9', NULL, NULL, NULL, NULL, NULL, NULL, NULL, NULL, NULL, NULL, NULL, NULL, NULL, NULL, NULL, '2015-08-12 00:12:54', NULL, NULL, NULL, NULL, NULL, NULL, NULL),
(271, '1c08b513b62148efbfe314268cbcae30', NULL, NULL, NULL, NULL, NULL, NULL, NULL, NULL, NULL, NULL, NULL, NULL, NULL, NULL, NULL, '2015-08-12 00:12:54', NULL, NULL, NULL, NULL, NULL, NULL, NULL),
(272, '424c1878759e4e1a89ab9a5ac3c7efe9', NULL, NULL, NULL, NULL, NULL, NULL, NULL, NULL, NULL, NULL, NULL, NULL, NULL, NULL, NULL, '2015-08-12 00:12:54', NULL, NULL, NULL, NULL, NULL, NULL, NULL),
(273, 'e8c7a2ca191e4aa9bcbc97224443a0ef', NULL, NULL, NULL, NULL, NULL, NULL, NULL, NULL, NULL, NULL, NULL, NULL, NULL, NULL, NULL, '2015-08-12 00:12:54', NULL, NULL, NULL, NULL, NULL, NULL, NULL),
(274, '763d68a8722a46bab72f1bfe17350bb6', NULL, NULL, NULL, NULL, NULL, NULL, NULL, NULL, NULL, NULL, NULL, NULL, NULL, NULL, NULL, '2015-08-12 00:12:54', NULL, NULL, NULL, NULL, NULL, NULL, NULL),
(275, '0efd23214c964c8ca1a9400693490771', NULL, NULL, NULL, NULL, NULL, NULL, NULL, NULL, NULL, NULL, NULL, NULL, NULL, NULL, NULL, '2015-08-12 00:12:54', NULL, NULL, NULL, NULL, NULL, NULL, NULL),
(276, 'db8f076b04db426381668284c959905e', NULL, NULL, NULL, NULL, NULL, NULL, NULL, NULL, NULL, NULL, NULL, NULL, NULL, NULL, NULL, '2015-08-12 00:12:54', NULL, NULL, NULL, NULL, NULL, NULL, NULL),
(277, 'b0d0584dd7ef4e4b994d37ac3481d0a7', NULL, NULL, NULL, NULL, NULL, NULL, NULL, NULL, NULL, NULL, NULL, NULL, NULL, NULL, NULL, '2015-08-12 00:12:54', NULL, NULL, NULL, NULL, NULL, NULL, NULL),
(278, 'cd4793628bcf4d1a8c8a712cb64bd047', NULL, NULL, NULL, NULL, NULL, NULL, NULL, NULL, NULL, NULL, NULL, NULL, NULL, NULL, NULL, '2015-08-12 00:12:54', NULL, NULL, NULL, NULL, NULL, NULL, NULL),
(279, 'e84e6c0161bc48659306e1bade77a59d', NULL, NULL, NULL, NULL, NULL, NULL, NULL, NULL, NULL, NULL, NULL, NULL, NULL, NULL, NULL, '2015-08-12 00:12:54', NULL, NULL, NULL, NULL, NULL, NULL, NULL),
(280, 'c533ef116bfc4797b158d984274bbab2', NULL, NULL, NULL, NULL, NULL, NULL, NULL, NULL, NULL, NULL, NULL, NULL, NULL, NULL, NULL, '2015-08-12 00:12:54', NULL, NULL, NULL, NULL, NULL, NULL, NULL),
(281, 'b4b4244f7f0443cd90b53bcc0bca74ac', NULL, NULL, NULL, NULL, NULL, NULL, NULL, NULL, NULL, NULL, NULL, NULL, NULL, NULL, NULL, '2015-08-12 00:12:54', NULL, NULL, NULL, NULL, NULL, NULL, NULL),
(282, 'bf38715448c4495296d12f21e4bf54a9', NULL, NULL, NULL, NULL, NULL, NULL, NULL, NULL, NULL, NULL, NULL, NULL, NULL, NULL, NULL, '2015-08-12 00:12:54', NULL, NULL, NULL, NULL, NULL, NULL, NULL),
(283, 'b9686cfb46664891b3d1924ad3617a1e', NULL, NULL, NULL, NULL, NULL, NULL, NULL, NULL, NULL, NULL, NULL, NULL, NULL, NULL, NULL, '2015-08-12 00:12:54', NULL, NULL, NULL, NULL, NULL, NULL, NULL),
(284, 'c043bb70a5234e65b0ec6789110c4d57', NULL, NULL, NULL, NULL, NULL, NULL, NULL, NULL, NULL, NULL, NULL, NULL, NULL, NULL, NULL, '2015-08-12 00:12:54', NULL, NULL, NULL, NULL, NULL, NULL, NULL),
(285, 'd7dfab0852e34934a94e9fecbf43e79f', NULL, NULL, NULL, NULL, NULL, NULL, NULL, NULL, NULL, NULL, NULL, NULL, NULL, NULL, NULL, '2015-08-12 00:12:54', NULL, NULL, NULL, NULL, NULL, NULL, NULL),
(286, '7911a83cb0af4774814dffe4f44edf04', NULL, NULL, NULL, NULL, NULL, NULL, NULL, NULL, NULL, NULL, NULL, NULL, NULL, NULL, NULL, '2015-08-12 00:12:54', NULL, NULL, NULL, NULL, NULL, NULL, NULL),
(287, 'b847780d58484dc4bbaa39fcddaa3153', NULL, NULL, NULL, NULL, NULL, NULL, NULL, NULL, NULL, NULL, NULL, NULL, NULL, NULL, NULL, '2015-08-12 00:12:54', NULL, NULL, NULL, NULL, NULL, NULL, NULL),
(288, '49eed994f59e4e0ba1473459b67fddc7', NULL, NULL, NULL, NULL, NULL, NULL, NULL, NULL, NULL, NULL, NULL, NULL, NULL, NULL, NULL, '2015-08-12 00:12:54', NULL, NULL, NULL, NULL, NULL, NULL, NULL),
(289, '4d023fc04b6a4875ac54d02a82ac6c14', NULL, NULL, NULL, NULL, NULL, NULL, NULL, NULL, NULL, NULL, NULL, NULL, NULL, NULL, NULL, '2015-08-12 00:12:54', NULL, NULL, NULL, NULL, NULL, NULL, NULL),
(290, '24f2e1719e1a46789e8ad3eed53f49d9', NULL, NULL, NULL, NULL, NULL, NULL, NULL, NULL, NULL, NULL, NULL, NULL, NULL, NULL, NULL, '2015-08-12 00:12:54', NULL, NULL, NULL, NULL, NULL, NULL, NULL),
(291, 'b4f3a5dbb97f48dea0761215256142d0', NULL, NULL, NULL, NULL, NULL, NULL, NULL, NULL, NULL, NULL, NULL, NULL, NULL, NULL, NULL, '2015-08-12 00:12:54', NULL, NULL, NULL, NULL, NULL, NULL, NULL),
(292, '4c013f9d42fc49fc94e4494397a5a634', NULL, NULL, NULL, NULL, NULL, NULL, NULL, NULL, NULL, NULL, NULL, NULL, NULL, NULL, NULL, '2015-08-12 00:12:54', NULL, NULL, NULL, NULL, NULL, NULL, NULL),
(293, 'd13eca15d8a24591adf1653f97ead6b7', NULL, NULL, NULL, NULL, NULL, NULL, NULL, NULL, NULL, NULL, NULL, NULL, NULL, NULL, NULL, '2015-08-12 00:12:54', NULL, NULL, NULL, NULL, NULL, NULL, NULL),
(294, '9b321e1253814176abe392143fb8a5f5', NULL, NULL, NULL, NULL, NULL, NULL, NULL, NULL, NULL, NULL, NULL, NULL, NULL, NULL, NULL, '2015-08-12 00:12:54', NULL, NULL, NULL, NULL, NULL, NULL, NULL),
(295, 'bf1fb744f03b413ba7047111ee428165', NULL, NULL, NULL, NULL, NULL, NULL, NULL, NULL, NULL, NULL, NULL, NULL, NULL, NULL, NULL, '2015-08-12 00:12:54', NULL, NULL, NULL, NULL, NULL, NULL, NULL),
(296, '0d188b995dc54194a34a3803455aa9ed', NULL, NULL, NULL, NULL, NULL, NULL, NULL, NULL, NULL, NULL, NULL, NULL, NULL, NULL, NULL, '2015-08-12 00:12:54', NULL, NULL, NULL, NULL, NULL, NULL, NULL),
(297, 'e3213d43b6ad4c0bb702ea960b534568', NULL, NULL, NULL, NULL, NULL, NULL, NULL, NULL, NULL, NULL, NULL, NULL, NULL, NULL, NULL, '2015-08-12 00:12:54', NULL, NULL, NULL, NULL, NULL, NULL, NULL),
(298, '041b37730e064c4080fba47522244b87', NULL, NULL, NULL, NULL, NULL, NULL, NULL, NULL, NULL, NULL, NULL, NULL, NULL, NULL, NULL, '2015-08-12 00:12:54', NULL, NULL, NULL, NULL, NULL, NULL, NULL),
(299, '5217d78d96d44d8eb3ba19274c5a86e7', NULL, NULL, NULL, NULL, NULL, NULL, NULL, NULL, NULL, NULL, NULL, NULL, NULL, NULL, NULL, '2015-08-12 00:12:54', NULL, NULL, NULL, NULL, NULL, NULL, NULL),
(300, '059cdb8c41de460c9f767e0470a3da6a', NULL, NULL, NULL, NULL, NULL, NULL, NULL, NULL, NULL, NULL, NULL, NULL, NULL, NULL, NULL, '2015-08-12 00:12:54', NULL, NULL, NULL, NULL, NULL, NULL, NULL),
(301, '4a809bd6b50e4710afd051186b8e525b', NULL, NULL, NULL, NULL, NULL, NULL, NULL, NULL, NULL, NULL, NULL, NULL, NULL, NULL, NULL, '2015-08-12 00:12:54', NULL, NULL, NULL, NULL, NULL, NULL, NULL),
(302, 'd62963adb9234ead8ab9086810adbda6', NULL, NULL, NULL, NULL, NULL, NULL, NULL, NULL, NULL, NULL, NULL, NULL, NULL, NULL, NULL, '2015-08-12 00:12:54', NULL, NULL, NULL, NULL, NULL, NULL, NULL),
(303, '88084cb80c164dbeb13283508ab89e64', NULL, NULL, NULL, NULL, NULL, NULL, NULL, NULL, NULL, NULL, NULL, NULL, NULL, NULL, NULL, '2015-08-12 00:12:54', NULL, NULL, NULL, NULL, NULL, NULL, NULL),
(304, '5e284e0634e042a5adb8bd63c7092b5d', NULL, NULL, NULL, NULL, NULL, NULL, NULL, NULL, NULL, NULL, NULL, NULL, NULL, NULL, NULL, '2015-08-12 00:12:54', NULL, NULL, NULL, NULL, NULL, NULL, NULL),
(305, '439472285f7843f99a652f9d45007050', NULL, NULL, NULL, NULL, NULL, NULL, NULL, NULL, NULL, NULL, NULL, NULL, NULL, NULL, NULL, '2015-08-12 00:12:54', NULL, NULL, NULL, NULL, NULL, NULL, NULL),
(306, '5ddb4114a4d4459abadbee5922df691c', NULL, NULL, NULL, NULL, NULL, NULL, NULL, NULL, NULL, NULL, NULL, NULL, NULL, NULL, NULL, '2015-08-12 00:12:54', NULL, NULL, NULL, NULL, NULL, NULL, NULL),
(307, 'a51d307c2a4245caacc4a1deb7d40960', NULL, NULL, NULL, NULL, NULL, NULL, NULL, NULL, NULL, NULL, NULL, NULL, NULL, NULL, NULL, '2015-08-12 00:12:54', NULL, NULL, NULL, NULL, NULL, NULL, NULL),
(308, 'f436e0eb808848c18963d46282895e44', NULL, NULL, NULL, NULL, NULL, NULL, NULL, NULL, NULL, NULL, NULL, NULL, NULL, NULL, NULL, '2015-08-12 00:12:54', NULL, NULL, NULL, NULL, NULL, NULL, NULL),
(309, '9921bfb6c30f46d6a48ab2d70325a25e', NULL, NULL, NULL, NULL, NULL, NULL, NULL, NULL, NULL, NULL, NULL, NULL, NULL, NULL, NULL, '2015-08-12 00:12:54', NULL, NULL, NULL, NULL, NULL, NULL, NULL),
(310, '97a3b63748214bf798f751105e17cabd', NULL, NULL, NULL, NULL, NULL, NULL, NULL, NULL, NULL, NULL, NULL, NULL, NULL, NULL, NULL, '2015-08-12 00:12:54', NULL, NULL, NULL, NULL, NULL, NULL, NULL),
(311, '91ddd3b08c38411fa2f1d06c91af47c0', NULL, NULL, NULL, NULL, NULL, NULL, NULL, NULL, NULL, NULL, NULL, NULL, NULL, NULL, NULL, '2015-08-12 00:12:54', NULL, NULL, NULL, NULL, NULL, NULL, NULL),
(312, 'da7035b8ab1743b5a361196cbb23e4bb', NULL, NULL, NULL, NULL, NULL, NULL, NULL, NULL, NULL, NULL, NULL, NULL, NULL, NULL, NULL, '2015-08-12 00:12:54', NULL, NULL, NULL, NULL, NULL, NULL, NULL),
(313, 'dd97f9b178e0447785b9b8338acfaca6', NULL, NULL, NULL, NULL, NULL, NULL, NULL, NULL, NULL, NULL, NULL, NULL, NULL, NULL, NULL, '2015-08-12 00:12:54', NULL, NULL, NULL, NULL, NULL, NULL, NULL),
(314, '94973a87a12f468bba75aac032d39fcf', NULL, NULL, NULL, NULL, NULL, NULL, NULL, NULL, NULL, NULL, NULL, NULL, NULL, NULL, NULL, '2015-08-12 00:12:54', NULL, NULL, NULL, NULL, NULL, NULL, NULL),
(315, '19e372d823a4431ea9d8db814120f08c', NULL, NULL, NULL, NULL, NULL, NULL, NULL, NULL, NULL, NULL, NULL, NULL, NULL, NULL, NULL, '2015-08-12 00:12:54', NULL, NULL, NULL, NULL, NULL, NULL, NULL),
(316, '3309e24cbbfb405aac8ae8f5e2796e81', NULL, NULL, NULL, NULL, NULL, NULL, NULL, NULL, NULL, NULL, NULL, NULL, NULL, NULL, NULL, '2015-08-12 00:12:54', NULL, NULL, NULL, NULL, NULL, NULL, NULL),
(317, '6aef1cd7af7f490787748331c2472727', NULL, NULL, NULL, NULL, NULL, NULL, NULL, NULL, NULL, NULL, NULL, NULL, NULL, NULL, NULL, '2015-08-12 00:12:54', NULL, NULL, NULL, NULL, NULL, NULL, NULL),
(318, '8d664aec89f1460b8daa76c06c053072', NULL, NULL, NULL, NULL, NULL, NULL, NULL, NULL, NULL, NULL, NULL, NULL, NULL, NULL, NULL, '2015-08-12 00:12:54', NULL, NULL, NULL, NULL, NULL, NULL, NULL),
(319, '9d22335012a94cb9a864488b66fe340a', NULL, NULL, NULL, NULL, NULL, NULL, NULL, NULL, NULL, NULL, NULL, NULL, NULL, NULL, NULL, '2015-08-12 00:12:54', NULL, NULL, NULL, NULL, NULL, NULL, NULL),
(320, 'f22c024805a74abf9b16be8e4722a5ef', NULL, NULL, NULL, NULL, NULL, NULL, NULL, NULL, NULL, NULL, NULL, NULL, NULL, NULL, NULL, '2015-08-12 00:12:54', NULL, NULL, NULL, NULL, NULL, NULL, NULL),
(321, '9959c17dfcf247aebe7137ba1165c0c8', NULL, NULL, NULL, NULL, NULL, NULL, NULL, NULL, NULL, NULL, NULL, NULL, NULL, NULL, NULL, '2015-08-12 03:28:00', NULL, NULL, NULL, NULL, NULL, NULL, NULL),
(322, 'ede69f12ecaf4b3ab915074936b98355', NULL, NULL, NULL, NULL, NULL, NULL, NULL, NULL, NULL, NULL, NULL, NULL, NULL, NULL, NULL, '2015-08-12 03:28:00', NULL, NULL, NULL, NULL, NULL, NULL, NULL),
(323, '74becadadc7144e0a5fd220a227f8ed7', NULL, NULL, NULL, NULL, NULL, NULL, NULL, NULL, NULL, NULL, NULL, NULL, NULL, NULL, NULL, '2015-08-12 03:28:00', NULL, NULL, NULL, NULL, NULL, NULL, NULL),
(324, '62cd419ea94849f2ba3f63d2f49ec8e1', NULL, NULL, NULL, NULL, NULL, NULL, NULL, NULL, NULL, NULL, NULL, NULL, NULL, NULL, NULL, '2015-08-12 03:28:00', NULL, NULL, NULL, NULL, NULL, NULL, NULL),
(325, 'aa3e4d0a8e9c42f383dab39bf218754c', NULL, NULL, NULL, NULL, NULL, NULL, NULL, NULL, NULL, NULL, NULL, NULL, NULL, NULL, NULL, '2015-08-12 03:28:00', NULL, NULL, NULL, NULL, NULL, NULL, NULL),
(326, 'e864b2ac4f864fb88fdd21199f3aa4f3', NULL, NULL, NULL, NULL, NULL, NULL, NULL, NULL, NULL, NULL, NULL, NULL, NULL, NULL, NULL, '2015-08-12 03:28:00', NULL, NULL, NULL, NULL, NULL, NULL, NULL),
(327, 'b91acb0b56fc49d5adee5b9005bccec9', NULL, NULL, NULL, NULL, NULL, NULL, NULL, NULL, NULL, NULL, NULL, NULL, NULL, NULL, NULL, '2015-08-12 03:28:00', NULL, NULL, NULL, NULL, NULL, NULL, NULL),
(328, '16acc29246b7453181bbd54223017c95', NULL, NULL, NULL, NULL, NULL, NULL, NULL, NULL, NULL, NULL, NULL, NULL, NULL, NULL, NULL, '2015-08-12 03:28:00', NULL, NULL, NULL, NULL, NULL, NULL, NULL),
(329, '398df744e2d748e98f69d0725e0871d4', NULL, NULL, NULL, NULL, NULL, NULL, NULL, NULL, NULL, NULL, NULL, NULL, NULL, NULL, NULL, '2015-08-12 03:28:00', NULL, NULL, NULL, NULL, NULL, NULL, NULL),
(330, '3d612366dec04f938d71a75577b6fc77', NULL, NULL, NULL, NULL, NULL, NULL, NULL, NULL, NULL, NULL, NULL, NULL, NULL, NULL, NULL, '2015-08-12 03:28:00', NULL, NULL, NULL, NULL, NULL, NULL, NULL),
(331, '16a8c8718c444b9c9bae692138400bb7', NULL, NULL, NULL, NULL, NULL, NULL, NULL, NULL, NULL, NULL, NULL, NULL, NULL, NULL, NULL, '2015-08-12 03:28:00', NULL, NULL, NULL, NULL, NULL, NULL, NULL),
(332, '8bf3e3d39195446184126dd030f944ec', NULL, NULL, NULL, NULL, NULL, NULL, NULL, NULL, NULL, NULL, NULL, NULL, NULL, NULL, NULL, '2015-08-12 03:28:00', NULL, NULL, NULL, NULL, NULL, NULL, NULL),
(333, '40770bee0d7e41d6924401d674cb964c', NULL, NULL, NULL, NULL, NULL, NULL, NULL, NULL, NULL, NULL, NULL, NULL, NULL, NULL, NULL, '2015-08-12 03:28:00', NULL, NULL, NULL, NULL, NULL, NULL, NULL),
(334, '1f5bcfe179a14a59b4bf8e53eaef4202', NULL, NULL, NULL, NULL, NULL, NULL, NULL, NULL, NULL, NULL, NULL, NULL, NULL, NULL, NULL, '2015-08-12 03:28:00', NULL, NULL, NULL, NULL, NULL, NULL, NULL),
(335, '02a038d481c1430c9a805707ec98c145', NULL, NULL, NULL, NULL, NULL, NULL, NULL, NULL, NULL, NULL, NULL, NULL, NULL, NULL, NULL, '2015-08-12 03:28:00', NULL, NULL, NULL, NULL, NULL, NULL, NULL),
(336, '11cc81213716422d88f2a6b40c8d1919', NULL, NULL, NULL, NULL, NULL, NULL, NULL, NULL, NULL, NULL, NULL, NULL, NULL, NULL, NULL, '2015-08-12 03:28:00', NULL, NULL, NULL, NULL, NULL, NULL, NULL),
(337, '99d3c28da5db44f09c8e920bc7ae17ca', NULL, NULL, NULL, NULL, NULL, NULL, NULL, NULL, NULL, NULL, NULL, NULL, NULL, NULL, NULL, '2015-08-12 03:28:00', NULL, NULL, NULL, NULL, NULL, NULL, NULL),
(338, 'b5fc2b0de7b04f70a1495ab2ec304b7c', NULL, NULL, NULL, NULL, NULL, NULL, NULL, NULL, NULL, NULL, NULL, NULL, NULL, NULL, NULL, '2015-08-12 03:28:00', NULL, NULL, NULL, NULL, NULL, NULL, NULL),
(339, 'd5f9cea1969346de8450cffce0aa3b3b', NULL, NULL, NULL, NULL, NULL, NULL, NULL, NULL, NULL, NULL, NULL, NULL, NULL, NULL, NULL, '2015-08-12 03:28:00', NULL, NULL, NULL, NULL, NULL, NULL, NULL),
(340, 'b3082896193e4bcba8aeb5b687c169a3', NULL, NULL, NULL, NULL, NULL, NULL, NULL, NULL, NULL, NULL, NULL, NULL, NULL, NULL, NULL, '2015-08-12 03:28:00', NULL, NULL, NULL, NULL, NULL, NULL, NULL),
(341, '37bb5151b613485e813f6b1504c84743', NULL, NULL, NULL, NULL, NULL, NULL, NULL, NULL, NULL, NULL, NULL, NULL, NULL, NULL, NULL, '2015-08-12 03:28:00', NULL, NULL, NULL, NULL, NULL, NULL, NULL),
(342, '35b1b95cb8144855aed6a50b938a9c82', NULL, NULL, NULL, NULL, NULL, NULL, NULL, NULL, NULL, NULL, NULL, NULL, NULL, NULL, NULL, '2015-08-12 03:28:00', NULL, NULL, NULL, NULL, NULL, NULL, NULL),
(343, '2608bc51768e4419b8ec08c1aa6780ea', NULL, NULL, NULL, NULL, NULL, NULL, NULL, NULL, NULL, NULL, NULL, NULL, NULL, NULL, NULL, '2015-08-12 03:28:00', NULL, NULL, NULL, NULL, NULL, NULL, NULL),
(344, '007f3e329ca64f3c92c89f6225bdc699', NULL, NULL, NULL, NULL, NULL, NULL, NULL, NULL, NULL, NULL, NULL, NULL, NULL, NULL, NULL, '2015-08-12 03:28:00', NULL, NULL, NULL, NULL, NULL, NULL, NULL),
(345, '598753500aa040a894a41440c2e62701', NULL, NULL, NULL, NULL, NULL, NULL, NULL, NULL, NULL, NULL, NULL, NULL, NULL, NULL, NULL, '2015-08-12 03:28:00', NULL, NULL, NULL, NULL, NULL, NULL, NULL),
(346, '1c2dce63e5034b89a26cc867a8957345', NULL, NULL, NULL, NULL, NULL, NULL, NULL, NULL, NULL, NULL, NULL, NULL, NULL, NULL, NULL, '2015-08-12 03:28:00', NULL, NULL, NULL, NULL, NULL, NULL, NULL),
(347, 'ac877b737f694a17aeea1a58ef37d0fe', NULL, NULL, NULL, NULL, NULL, NULL, NULL, NULL, NULL, NULL, NULL, NULL, NULL, NULL, NULL, '2015-08-12 03:28:00', NULL, NULL, NULL, NULL, NULL, NULL, NULL),
(348, 'c4565f838cb44e71a30437301c9c2531', NULL, NULL, NULL, NULL, NULL, NULL, NULL, NULL, NULL, NULL, NULL, NULL, NULL, NULL, NULL, '2015-08-12 03:28:00', NULL, NULL, NULL, NULL, NULL, NULL, NULL),
(349, '3dd637954a5947ed99305628db496de4', NULL, NULL, NULL, NULL, NULL, NULL, NULL, NULL, NULL, NULL, NULL, NULL, NULL, NULL, NULL, '2015-08-12 03:28:00', NULL, NULL, NULL, NULL, NULL, NULL, NULL),
(350, '7265206dea714c4f85f46616b91195f2', NULL, NULL, NULL, NULL, NULL, NULL, NULL, NULL, NULL, NULL, NULL, NULL, NULL, NULL, NULL, '2015-08-12 03:28:00', NULL, NULL, NULL, NULL, NULL, NULL, NULL),
(351, '738ebc7acb0447eb906054178739a67d', NULL, NULL, NULL, NULL, NULL, NULL, NULL, NULL, NULL, NULL, NULL, NULL, NULL, NULL, NULL, '2015-08-12 03:28:00', NULL, NULL, NULL, NULL, NULL, NULL, NULL),
(352, '0c2acc6eea7543de8874e8005ab7de12', NULL, NULL, NULL, NULL, NULL, NULL, NULL, NULL, NULL, NULL, NULL, NULL, NULL, NULL, NULL, '2015-08-12 03:28:00', NULL, NULL, NULL, NULL, NULL, NULL, NULL),
(353, '085e68c7c0f648e0a761892f49ec0b96', NULL, NULL, NULL, NULL, NULL, NULL, NULL, NULL, NULL, NULL, NULL, NULL, NULL, NULL, NULL, '2015-08-12 03:28:00', NULL, NULL, NULL, NULL, NULL, NULL, NULL),
(354, '2f96600a4b414b24b0b5a19a0db16551', NULL, NULL, NULL, NULL, NULL, NULL, NULL, NULL, NULL, NULL, NULL, NULL, NULL, NULL, NULL, '2015-08-12 03:28:00', NULL, NULL, NULL, NULL, NULL, NULL, NULL),
(355, 'f3c011cdf0cc457b9a28d9a461f5d332', NULL, NULL, NULL, NULL, NULL, NULL, NULL, NULL, NULL, NULL, NULL, NULL, NULL, NULL, NULL, '2015-08-12 03:28:00', NULL, NULL, NULL, NULL, NULL, NULL, NULL),
(356, 'a0d931e190024af9b5d6df3487bd7007', NULL, NULL, NULL, NULL, NULL, NULL, NULL, NULL, NULL, NULL, NULL, NULL, NULL, NULL, NULL, '2015-08-12 03:28:00', NULL, NULL, NULL, NULL, NULL, NULL, NULL),
(357, '7306d3b16954430586a8ee6df00a3c99', NULL, NULL, NULL, NULL, NULL, NULL, NULL, NULL, NULL, NULL, NULL, NULL, NULL, NULL, NULL, '2015-08-12 03:28:00', NULL, NULL, NULL, NULL, NULL, NULL, NULL),
(358, '182c52cc6b344c8c809b031670e41c98', NULL, NULL, NULL, NULL, NULL, NULL, NULL, NULL, NULL, NULL, NULL, NULL, NULL, NULL, NULL, '2015-08-12 03:28:00', NULL, NULL, NULL, NULL, NULL, NULL, NULL),
(359, '5307e9ba87ee4f5186b05cf0cf429aaf', NULL, NULL, NULL, NULL, NULL, NULL, NULL, NULL, NULL, NULL, NULL, NULL, NULL, NULL, NULL, '2015-08-12 03:28:00', NULL, NULL, NULL, NULL, NULL, NULL, NULL),
(360, '5c7fe2ee9c2d4cff86c9518d611e39e4', NULL, NULL, NULL, NULL, NULL, NULL, NULL, NULL, NULL, NULL, NULL, NULL, NULL, NULL, NULL, '2015-08-12 03:28:00', NULL, NULL, NULL, NULL, NULL, NULL, NULL),
(361, 'd9f727fae3de4097815895e2d857a2af', NULL, NULL, NULL, NULL, NULL, NULL, NULL, NULL, NULL, NULL, NULL, NULL, NULL, NULL, NULL, '2015-08-12 03:28:00', NULL, NULL, NULL, NULL, NULL, NULL, NULL),
(362, '454c282591b0485f9e7bd43db1116bee', NULL, NULL, NULL, NULL, NULL, NULL, NULL, NULL, NULL, NULL, NULL, NULL, NULL, NULL, NULL, '2015-08-12 03:28:00', NULL, NULL, NULL, NULL, NULL, NULL, NULL),
(363, 'cc787f0b7ff545079b496f7a1399892f', NULL, NULL, NULL, NULL, NULL, NULL, NULL, NULL, NULL, NULL, NULL, NULL, NULL, NULL, NULL, '2015-08-12 03:28:00', NULL, NULL, NULL, NULL, NULL, NULL, NULL),
(364, 'ffef33b47c1e45cda81708eb36d430a5', NULL, NULL, NULL, NULL, NULL, NULL, NULL, NULL, NULL, NULL, NULL, NULL, NULL, NULL, NULL, '2015-08-12 03:28:00', NULL, NULL, NULL, NULL, NULL, NULL, NULL),
(365, '9c8094fe40c942cba0f8ecd9d67e7eca', NULL, NULL, NULL, NULL, NULL, NULL, NULL, NULL, NULL, NULL, NULL, NULL, NULL, NULL, NULL, '2015-08-12 03:28:00', NULL, NULL, NULL, NULL, NULL, NULL, NULL),
(366, '4d88f052e9714daa9c5c741cfe9a3fff', NULL, NULL, NULL, NULL, NULL, NULL, NULL, NULL, NULL, NULL, NULL, NULL, NULL, NULL, NULL, '2015-08-12 03:28:00', NULL, NULL, NULL, NULL, NULL, NULL, NULL),
(367, '7c28a0892c084d0fad453e73ba0c9013', NULL, NULL, NULL, NULL, NULL, NULL, NULL, NULL, NULL, NULL, NULL, NULL, NULL, NULL, NULL, '2015-08-12 03:28:00', NULL, NULL, NULL, NULL, NULL, NULL, NULL),
(368, '4cf9f2c5c8df43af88e7456aa8354077', NULL, NULL, NULL, NULL, NULL, NULL, NULL, NULL, NULL, NULL, NULL, NULL, NULL, NULL, NULL, '2015-08-12 03:28:00', NULL, NULL, NULL, NULL, NULL, NULL, NULL),
(369, 'a5a80e6495264903950e154b8c96f428', NULL, NULL, NULL, NULL, NULL, NULL, NULL, NULL, NULL, NULL, NULL, NULL, NULL, NULL, NULL, '2015-08-12 03:28:00', NULL, NULL, NULL, NULL, NULL, NULL, NULL),
(370, 'a8b6860fcf8642b1b5c3183e12b213a1', NULL, NULL, NULL, NULL, NULL, NULL, NULL, NULL, NULL, NULL, NULL, NULL, NULL, NULL, NULL, '2015-08-12 03:28:00', NULL, NULL, NULL, NULL, NULL, NULL, NULL),
(371, 'f4b53c2f82224e0e863e8802789aa925', NULL, NULL, NULL, NULL, NULL, NULL, NULL, NULL, NULL, NULL, NULL, NULL, NULL, NULL, NULL, '2015-08-12 03:28:00', NULL, NULL, NULL, NULL, NULL, NULL, NULL),
(372, 'f585e21690cf4ceaa9b4436af80870ce', NULL, NULL, NULL, NULL, NULL, NULL, NULL, NULL, NULL, NULL, NULL, NULL, NULL, NULL, NULL, '2015-08-12 03:28:00', NULL, NULL, NULL, NULL, NULL, NULL, NULL),
(373, 'f399d94d046745439a06e61e052a3e23', NULL, NULL, NULL, NULL, NULL, NULL, NULL, NULL, NULL, NULL, NULL, NULL, NULL, NULL, NULL, '2015-08-12 03:28:00', NULL, NULL, NULL, NULL, NULL, NULL, NULL),
(374, 'fb3ab131fcd84b8bb1be90ae11ea3765', NULL, NULL, NULL, NULL, NULL, NULL, NULL, NULL, NULL, NULL, NULL, NULL, NULL, NULL, NULL, '2015-08-12 03:28:00', NULL, NULL, NULL, NULL, NULL, NULL, NULL),
(375, 'f0b17a0dd6364614961c7bf71c9081f4', NULL, NULL, NULL, NULL, NULL, NULL, NULL, NULL, NULL, NULL, NULL, NULL, NULL, NULL, NULL, '2015-08-12 03:28:00', NULL, NULL, NULL, NULL, NULL, NULL, NULL),
(376, '4478150bfb5f43dea13c60dc1636bca7', NULL, NULL, NULL, NULL, NULL, NULL, NULL, NULL, NULL, NULL, NULL, NULL, NULL, NULL, NULL, '2015-08-12 03:28:00', NULL, NULL, NULL, NULL, NULL, NULL, NULL),
(377, 'c4e91fbecca34de4be71b00841f663a6', NULL, NULL, NULL, NULL, NULL, NULL, NULL, NULL, NULL, NULL, NULL, NULL, NULL, NULL, NULL, '2015-08-12 03:28:00', NULL, NULL, NULL, NULL, NULL, NULL, NULL),
(378, '5dfde0f8404c4ec494b6df593db81f29', NULL, NULL, NULL, NULL, NULL, NULL, NULL, NULL, NULL, NULL, NULL, NULL, NULL, NULL, NULL, '2015-08-12 03:28:00', NULL, NULL, NULL, NULL, NULL, NULL, NULL),
(379, '0e8d5d6450b0408099a631e8aca47cd1', NULL, NULL, NULL, NULL, NULL, NULL, NULL, NULL, NULL, NULL, NULL, NULL, NULL, NULL, NULL, '2015-08-12 03:28:00', NULL, NULL, NULL, NULL, NULL, NULL, NULL),
(380, '767d1783747844e4b99466464f87c89b', NULL, NULL, NULL, NULL, NULL, NULL, NULL, NULL, NULL, NULL, NULL, NULL, NULL, NULL, NULL, '2015-08-12 03:28:00', NULL, NULL, NULL, NULL, NULL, NULL, NULL),
(381, '7fc74b414f2b45adbcdac156c7c8da59', NULL, NULL, NULL, NULL, NULL, NULL, NULL, NULL, NULL, NULL, NULL, NULL, NULL, NULL, NULL, '2015-08-12 03:28:00', NULL, NULL, NULL, NULL, NULL, NULL, NULL),
(382, '9279c5683c294b6fb15c7b377aab7bc8', NULL, NULL, NULL, NULL, NULL, NULL, NULL, NULL, NULL, NULL, NULL, NULL, NULL, NULL, NULL, '2015-08-12 03:28:00', NULL, NULL, NULL, NULL, NULL, NULL, NULL),
(383, '7230f6d4fd254b048f2f88f5eb0bf6a6', NULL, NULL, NULL, NULL, NULL, NULL, NULL, NULL, NULL, NULL, NULL, NULL, NULL, NULL, NULL, '2015-08-12 03:28:00', NULL, NULL, NULL, NULL, NULL, NULL, NULL),
(384, '0a3dbc9ad2ca4839b3886ce98ab1e8d2', NULL, NULL, NULL, NULL, NULL, NULL, NULL, NULL, NULL, NULL, NULL, NULL, NULL, NULL, NULL, '2015-08-12 03:28:00', NULL, NULL, NULL, NULL, NULL, NULL, NULL),
(385, 'd810fa6714524114b3707d094260e087', NULL, NULL, NULL, NULL, NULL, NULL, NULL, NULL, NULL, NULL, NULL, NULL, NULL, NULL, NULL, '2015-08-12 03:28:00', NULL, NULL, NULL, NULL, NULL, NULL, NULL),
(386, 'a8026963939e46b7afeeebe977a336a7', NULL, NULL, NULL, NULL, NULL, NULL, NULL, NULL, NULL, NULL, NULL, NULL, NULL, NULL, NULL, '2015-08-12 03:28:00', NULL, NULL, NULL, NULL, NULL, NULL, NULL),
(387, '43b4126361a2433bb3e68df51d99e7a6', NULL, NULL, NULL, NULL, NULL, NULL, NULL, NULL, NULL, NULL, NULL, NULL, NULL, NULL, NULL, '2015-08-12 03:28:00', NULL, NULL, NULL, NULL, NULL, NULL, NULL),
(388, '57052ff8fcd848d394e0aaa3454c94d8', NULL, NULL, NULL, NULL, NULL, NULL, NULL, NULL, NULL, NULL, NULL, NULL, NULL, NULL, NULL, '2015-08-12 03:28:00', NULL, NULL, NULL, NULL, NULL, NULL, NULL),
(389, '48b04722481c4cce93cc350152724028', NULL, NULL, NULL, NULL, NULL, NULL, NULL, NULL, NULL, NULL, NULL, NULL, NULL, NULL, NULL, '2015-08-12 03:28:00', NULL, NULL, NULL, NULL, NULL, NULL, NULL),
(390, 'e0009332a536449ea9701eb87f37c3da', NULL, NULL, NULL, NULL, NULL, NULL, NULL, NULL, NULL, NULL, NULL, NULL, NULL, NULL, NULL, '2015-08-12 03:28:00', NULL, NULL, NULL, NULL, NULL, NULL, NULL),
(391, '5c63b563231749ffa5ca3d0268e98fd4', NULL, NULL, NULL, NULL, NULL, NULL, NULL, NULL, NULL, NULL, NULL, NULL, NULL, NULL, NULL, '2015-08-12 03:28:00', NULL, NULL, NULL, NULL, NULL, NULL, NULL),
(392, 'f01594d3f96246fb98e034cddb7aa948', NULL, NULL, NULL, NULL, NULL, NULL, NULL, NULL, NULL, NULL, NULL, NULL, NULL, NULL, NULL, '2015-08-12 03:28:00', NULL, NULL, NULL, NULL, NULL, NULL, NULL),
(393, 'd6b064fd40e64bdb877984c6e3d6da1a', NULL, NULL, NULL, NULL, NULL, NULL, NULL, NULL, NULL, NULL, NULL, NULL, NULL, NULL, NULL, '2015-08-12 03:28:00', NULL, NULL, NULL, NULL, NULL, NULL, NULL),
(394, '231f9e53a151441aa59d9cceafe73dc9', NULL, NULL, NULL, NULL, NULL, NULL, NULL, NULL, NULL, NULL, NULL, NULL, NULL, NULL, NULL, '2015-08-12 03:28:00', NULL, NULL, NULL, NULL, NULL, NULL, NULL),
(395, 'fbe527d91bef4c9a82544c0eeaf7eecc', NULL, NULL, NULL, NULL, NULL, NULL, NULL, NULL, NULL, NULL, NULL, NULL, NULL, NULL, NULL, '2015-08-12 03:28:00', NULL, NULL, NULL, NULL, NULL, NULL, NULL),
(396, 'be5fb0a674d445da8a00c0cf936ebebf', NULL, NULL, NULL, NULL, NULL, NULL, NULL, NULL, NULL, NULL, NULL, NULL, NULL, NULL, NULL, '2015-08-12 03:28:00', NULL, NULL, NULL, NULL, NULL, NULL, NULL),
(397, 'c29837ae3d4f4b30bea92f3586d5cc9a', NULL, NULL, NULL, NULL, NULL, NULL, NULL, NULL, NULL, NULL, NULL, NULL, NULL, NULL, NULL, '2015-08-12 03:28:00', NULL, NULL, NULL, NULL, NULL, NULL, NULL),
(398, '93f8ac35fd744a2dade74685f461bb50', NULL, NULL, NULL, NULL, NULL, NULL, NULL, NULL, NULL, NULL, NULL, NULL, NULL, NULL, NULL, '2015-08-12 03:28:00', NULL, NULL, NULL, NULL, NULL, NULL, NULL),
(399, '88ad5ff603434e4aa3373bd602240512', NULL, NULL, NULL, NULL, NULL, NULL, NULL, NULL, NULL, NULL, NULL, NULL, NULL, NULL, NULL, '2015-08-12 03:28:00', NULL, NULL, NULL, NULL, NULL, NULL, NULL),
(400, '216a3e7802474189bf8d1a78b8dbf22d', NULL, NULL, NULL, NULL, NULL, NULL, NULL, NULL, NULL, NULL, NULL, NULL, NULL, NULL, NULL, '2015-08-12 03:28:00', NULL, NULL, NULL, NULL, NULL, NULL, NULL),
(401, '5242fa26e31842de897dc4f487b7adb2', NULL, NULL, NULL, NULL, NULL, NULL, NULL, NULL, NULL, NULL, NULL, NULL, NULL, NULL, NULL, '2015-08-12 03:28:00', NULL, NULL, NULL, NULL, NULL, NULL, NULL),
(402, '99f3b4ec619044ac85a841dc022387be', NULL, NULL, NULL, NULL, NULL, NULL, NULL, NULL, NULL, NULL, NULL, NULL, NULL, NULL, NULL, '2015-08-12 03:28:00', NULL, NULL, NULL, NULL, NULL, NULL, NULL),
(403, '4c73f9730616481087b82954fe9634d7', NULL, NULL, NULL, NULL, NULL, NULL, NULL, NULL, NULL, NULL, NULL, NULL, NULL, NULL, NULL, '2015-08-12 03:28:00', NULL, NULL, NULL, NULL, NULL, NULL, NULL),
(404, '0584b1304fcb440db59b5346ee88c880', NULL, NULL, NULL, NULL, NULL, NULL, NULL, NULL, NULL, NULL, NULL, NULL, NULL, NULL, NULL, '2015-08-12 03:28:00', NULL, NULL, NULL, NULL, NULL, NULL, NULL),
(405, '19421a4e21a747b88a626da3b2b9bc48', NULL, NULL, NULL, NULL, NULL, NULL, NULL, NULL, NULL, NULL, NULL, NULL, NULL, NULL, NULL, '2015-08-12 03:28:00', NULL, NULL, NULL, NULL, NULL, NULL, NULL),
(406, 'c41c44416b044c27b7eafb5e2af40890', NULL, NULL, NULL, NULL, NULL, NULL, NULL, NULL, NULL, NULL, NULL, NULL, NULL, NULL, NULL, '2015-08-12 03:28:00', NULL, NULL, NULL, NULL, NULL, NULL, NULL),
(407, 'a000e3370128423aa5ab5639277b3acb', NULL, NULL, NULL, NULL, NULL, NULL, NULL, NULL, NULL, NULL, NULL, NULL, NULL, NULL, NULL, '2015-08-12 03:28:00', NULL, NULL, NULL, NULL, NULL, NULL, NULL),
(408, '3465156514094f568d7614d3a0b37e3e', NULL, NULL, NULL, NULL, NULL, NULL, NULL, NULL, NULL, NULL, NULL, NULL, NULL, NULL, NULL, '2015-08-12 03:28:00', NULL, NULL, NULL, NULL, NULL, NULL, NULL),
(409, '81a7280328a74b418c1b570f2c9fec76', NULL, NULL, NULL, NULL, NULL, NULL, NULL, NULL, NULL, NULL, NULL, NULL, NULL, NULL, NULL, '2015-08-12 03:28:00', NULL, NULL, NULL, NULL, NULL, NULL, NULL),
(410, '8401ea5123b5413c90fa73559b61d705', NULL, NULL, NULL, NULL, NULL, NULL, NULL, NULL, NULL, NULL, NULL, NULL, NULL, NULL, NULL, '2015-08-12 03:28:00', NULL, NULL, NULL, NULL, NULL, NULL, NULL),
(411, '70bca89288544b4982fba19c1f2f0600', NULL, NULL, NULL, NULL, NULL, NULL, NULL, NULL, NULL, NULL, NULL, NULL, NULL, NULL, NULL, '2015-08-12 04:35:19', NULL, NULL, NULL, NULL, NULL, NULL, NULL),
(412, '289f8fa264af418bb2d809e733f3cabf', NULL, NULL, NULL, NULL, NULL, NULL, NULL, NULL, NULL, NULL, NULL, NULL, NULL, NULL, NULL, '2015-08-12 04:35:19', NULL, NULL, NULL, NULL, NULL, NULL, NULL),
(413, 'c777506b5a614a5ca8374eb44f490791', NULL, NULL, NULL, NULL, NULL, NULL, NULL, NULL, NULL, NULL, NULL, NULL, NULL, NULL, NULL, '2015-08-12 04:35:19', NULL, NULL, NULL, NULL, NULL, NULL, NULL),
(414, 'a046fc6ed98b4f01b552a137422e442d', NULL, NULL, NULL, NULL, NULL, NULL, NULL, NULL, NULL, NULL, NULL, NULL, NULL, NULL, NULL, '2015-08-12 04:35:19', NULL, NULL, NULL, NULL, NULL, NULL, NULL),
(415, 'ccca5befc7394e8291ff66561fcacc3d', NULL, NULL, NULL, NULL, NULL, NULL, NULL, NULL, NULL, NULL, NULL, NULL, NULL, NULL, NULL, '2015-08-12 04:35:19', NULL, NULL, NULL, NULL, NULL, NULL, NULL),
(416, 'f9cbd9669caa4ec7bf13ffecfbb8b4d9', NULL, NULL, NULL, NULL, NULL, NULL, NULL, NULL, NULL, NULL, NULL, NULL, NULL, NULL, NULL, '2015-08-12 04:35:19', NULL, NULL, NULL, NULL, NULL, NULL, NULL),
(417, '8c4d6671dbee430685c7de23ad903ee7', NULL, NULL, NULL, NULL, NULL, NULL, NULL, NULL, NULL, NULL, NULL, NULL, NULL, NULL, NULL, '2015-08-12 04:35:19', NULL, NULL, NULL, NULL, NULL, NULL, NULL),
(418, '0bd8fdd715c149079e6524664ecd9568', NULL, NULL, NULL, NULL, NULL, NULL, NULL, NULL, NULL, NULL, NULL, NULL, NULL, NULL, NULL, '2015-08-12 04:35:19', NULL, NULL, NULL, NULL, NULL, NULL, NULL),
(419, '79f252e22d054cab9cb5ea28fdf06699', NULL, NULL, NULL, NULL, NULL, NULL, NULL, NULL, NULL, NULL, NULL, NULL, NULL, NULL, NULL, '2015-08-12 04:35:19', NULL, NULL, NULL, NULL, NULL, NULL, NULL),
(420, '2687e5aa5a2a468f89d28c66d37abcc2', NULL, NULL, NULL, NULL, NULL, NULL, NULL, NULL, NULL, NULL, NULL, NULL, NULL, NULL, NULL, '2015-08-12 04:35:19', NULL, NULL, NULL, NULL, NULL, NULL, NULL),
(421, '0f539e7aa8d14cf69768e119e59a158c', NULL, NULL, NULL, NULL, NULL, NULL, NULL, NULL, NULL, NULL, NULL, NULL, NULL, NULL, NULL, '2015-08-12 04:35:19', NULL, NULL, NULL, NULL, NULL, NULL, NULL),
(422, '3289598341384a1d95a5726f68bbf436', NULL, NULL, NULL, NULL, NULL, NULL, NULL, NULL, NULL, NULL, NULL, NULL, NULL, NULL, NULL, '2015-08-12 04:35:19', NULL, NULL, NULL, NULL, NULL, NULL, NULL),
(423, 'df79b5a433ad47ad97cc5847e78bfcbe', NULL, NULL, NULL, NULL, NULL, NULL, NULL, NULL, NULL, NULL, NULL, NULL, NULL, NULL, NULL, '2015-08-12 04:35:19', NULL, NULL, NULL, NULL, NULL, NULL, NULL),
(424, '08f5c19f2d724eff9e63f58923ebf057', NULL, NULL, NULL, NULL, NULL, NULL, NULL, NULL, NULL, NULL, NULL, NULL, NULL, NULL, NULL, '2015-08-12 04:35:19', NULL, NULL, NULL, NULL, NULL, NULL, NULL),
(425, '3251c9c13746405abfc4ab582005ca8b', NULL, NULL, NULL, NULL, NULL, NULL, NULL, NULL, NULL, NULL, NULL, NULL, NULL, NULL, NULL, '2015-08-12 04:35:19', NULL, NULL, NULL, NULL, NULL, NULL, NULL),
(426, '3cbbb3a8e81246e0b2e2ba9da1e3d5d7', NULL, NULL, NULL, NULL, NULL, NULL, NULL, NULL, NULL, NULL, NULL, NULL, NULL, NULL, NULL, '2015-08-12 04:35:19', NULL, NULL, NULL, NULL, NULL, NULL, NULL),
(427, 'd2ece24f3aaf4771beaf45d4f852f372', NULL, NULL, NULL, NULL, NULL, NULL, NULL, NULL, NULL, NULL, NULL, NULL, NULL, NULL, NULL, '2015-08-12 04:35:19', NULL, NULL, NULL, NULL, NULL, NULL, NULL),
(428, 'f766b382391b4559ac573e73a5ac4404', NULL, NULL, NULL, NULL, NULL, NULL, NULL, NULL, NULL, NULL, NULL, NULL, NULL, NULL, NULL, '2015-08-12 04:35:19', NULL, NULL, NULL, NULL, NULL, NULL, NULL),
(429, 'eb06584669d64a9da4a1906fd632be3a', NULL, NULL, NULL, NULL, NULL, NULL, NULL, NULL, NULL, NULL, NULL, NULL, NULL, NULL, NULL, '2015-08-12 04:35:19', NULL, NULL, NULL, NULL, NULL, NULL, NULL),
(430, 'abd07dddacfe44bea74940b61634992a', NULL, NULL, NULL, NULL, NULL, NULL, NULL, NULL, NULL, NULL, NULL, NULL, NULL, NULL, NULL, '2015-08-12 04:35:19', NULL, NULL, NULL, NULL, NULL, NULL, NULL),
(431, 'dfe1c485376b4e93a1b63d1f3b5f3295', NULL, NULL, NULL, NULL, NULL, NULL, NULL, NULL, NULL, NULL, NULL, NULL, NULL, NULL, NULL, '2015-08-12 04:35:19', NULL, NULL, NULL, NULL, NULL, NULL, NULL),
(432, '86adb107a61d435d98ac100aa2b38f78', NULL, NULL, NULL, NULL, NULL, NULL, NULL, NULL, NULL, NULL, NULL, NULL, NULL, NULL, NULL, '2015-08-12 04:35:19', NULL, NULL, NULL, NULL, NULL, NULL, NULL),
(433, '13eb18f0ad4541e5b002dae230deef26', NULL, NULL, NULL, NULL, NULL, NULL, NULL, NULL, NULL, NULL, NULL, NULL, NULL, NULL, NULL, '2015-08-12 04:35:19', NULL, NULL, NULL, NULL, NULL, NULL, NULL),
(434, '02900e80a9e847c7952e08f4ccc8a4af', NULL, NULL, NULL, NULL, NULL, NULL, NULL, NULL, NULL, NULL, NULL, NULL, NULL, NULL, NULL, '2015-08-12 04:35:19', NULL, NULL, NULL, NULL, NULL, NULL, NULL),
(435, 'f1ef7707b00643f09f3e7930afa59420', NULL, NULL, NULL, NULL, NULL, NULL, NULL, NULL, NULL, NULL, NULL, NULL, NULL, NULL, NULL, '2015-08-12 04:35:19', NULL, NULL, NULL, NULL, NULL, NULL, NULL),
(436, '4fc155f5a27d436787ca58d7baa9e81d', NULL, NULL, NULL, NULL, NULL, NULL, NULL, NULL, NULL, NULL, NULL, NULL, NULL, NULL, NULL, '2015-08-12 04:35:19', NULL, NULL, NULL, NULL, NULL, NULL, NULL),
(437, '406797dd34294b47947269af05a19ea5', NULL, NULL, NULL, NULL, NULL, NULL, NULL, NULL, NULL, NULL, NULL, NULL, NULL, NULL, NULL, '2015-08-12 04:35:19', NULL, NULL, NULL, NULL, NULL, NULL, NULL),
(438, 'a6d8bc433d644d45be095b7c83e4e78c', NULL, NULL, NULL, NULL, NULL, NULL, NULL, NULL, NULL, NULL, NULL, NULL, NULL, NULL, NULL, '2015-08-12 04:35:19', NULL, NULL, NULL, NULL, NULL, NULL, NULL),
(439, '708b620ffcec43fbb9e6cf58b34a1da9', NULL, NULL, NULL, NULL, NULL, NULL, NULL, NULL, NULL, NULL, NULL, NULL, NULL, NULL, NULL, '2015-08-12 04:45:27', NULL, NULL, NULL, NULL, NULL, NULL, NULL),
(440, 'abbabd4f050842c798b85797f6902792', NULL, NULL, NULL, NULL, NULL, NULL, NULL, NULL, NULL, NULL, NULL, NULL, NULL, NULL, NULL, '2015-08-12 04:45:27', NULL, NULL, NULL, NULL, NULL, NULL, NULL),
(441, '7929fb23b3f64a0aa79306dca33e299a', NULL, NULL, NULL, NULL, NULL, NULL, NULL, NULL, NULL, NULL, NULL, NULL, NULL, NULL, NULL, '2015-08-12 04:45:27', NULL, NULL, NULL, NULL, NULL, NULL, NULL),
(442, '54603b3b33784f6dadb1662b9c4e02df', NULL, NULL, NULL, NULL, NULL, NULL, NULL, NULL, NULL, NULL, NULL, NULL, NULL, NULL, NULL, '2015-08-12 04:45:27', NULL, NULL, NULL, NULL, NULL, NULL, NULL),
(443, 'ea7d583f35964c5f99bfe0e4b2055eff', NULL, NULL, NULL, NULL, NULL, NULL, NULL, NULL, NULL, NULL, NULL, NULL, NULL, NULL, NULL, '2015-08-12 04:45:27', NULL, NULL, NULL, NULL, NULL, NULL, NULL),
(444, 'ed826694314c42039fefd28bc194dfcf', NULL, NULL, NULL, NULL, NULL, NULL, NULL, NULL, NULL, NULL, NULL, NULL, NULL, NULL, NULL, '2015-08-12 04:45:27', NULL, NULL, NULL, NULL, NULL, NULL, NULL),
(445, '6dcf415095874749920d7b9c80cf180b', NULL, NULL, NULL, NULL, NULL, NULL, NULL, NULL, NULL, NULL, NULL, NULL, NULL, NULL, NULL, '2015-08-12 04:45:27', NULL, NULL, NULL, NULL, NULL, NULL, NULL),
(446, 'c590957671e74cc3b120f5a709d52d8f', NULL, NULL, NULL, NULL, NULL, NULL, NULL, NULL, NULL, NULL, NULL, NULL, NULL, NULL, NULL, '2015-08-12 04:45:27', NULL, NULL, NULL, NULL, NULL, NULL, NULL),
(447, 'ff1ffdcfba824ac596205de992bdf957', NULL, NULL, NULL, NULL, NULL, NULL, NULL, NULL, NULL, NULL, NULL, NULL, NULL, NULL, NULL, '2015-08-12 04:45:27', NULL, NULL, NULL, NULL, NULL, NULL, NULL),
(448, '7b41d9aa978e4abfaa74da835035108a', NULL, NULL, NULL, NULL, NULL, NULL, NULL, NULL, NULL, NULL, NULL, NULL, NULL, NULL, NULL, '2015-08-12 04:45:27', NULL, NULL, NULL, NULL, NULL, NULL, NULL),
(449, 'd898c3ddf08948508c68412526b4f14c', NULL, NULL, NULL, NULL, NULL, NULL, NULL, NULL, NULL, NULL, NULL, NULL, NULL, NULL, NULL, '2015-08-12 04:45:27', NULL, NULL, NULL, NULL, NULL, NULL, NULL),
(450, 'f1430757e51e40748efbda6f1483d7cf', NULL, NULL, NULL, NULL, NULL, NULL, NULL, NULL, NULL, NULL, NULL, NULL, NULL, NULL, NULL, '2015-08-12 04:45:27', NULL, NULL, NULL, NULL, NULL, NULL, NULL),
(451, 'b264f4e1c61e42c8a8d0836e145c35a7', NULL, NULL, NULL, NULL, NULL, NULL, NULL, NULL, NULL, NULL, NULL, NULL, NULL, NULL, NULL, '2015-08-12 04:45:27', NULL, NULL, NULL, NULL, NULL, NULL, NULL),
(452, '3b124e0f91ce4b9fa65b583843ebd3b9', NULL, NULL, NULL, NULL, NULL, NULL, NULL, NULL, NULL, NULL, NULL, NULL, NULL, NULL, NULL, '2015-08-12 04:45:27', NULL, NULL, NULL, NULL, NULL, NULL, NULL),
(453, '57f6da7d90534c4287a1ed037b2aaa18', NULL, NULL, NULL, NULL, NULL, NULL, NULL, NULL, NULL, NULL, NULL, NULL, NULL, NULL, NULL, '2015-08-12 04:45:27', NULL, NULL, NULL, NULL, NULL, NULL, NULL),
(454, 'c61d4ceb438d4e31b4e0d5e2de8dc79b', NULL, NULL, NULL, NULL, NULL, NULL, NULL, NULL, NULL, NULL, NULL, NULL, NULL, NULL, NULL, '2015-08-12 04:45:27', NULL, NULL, NULL, NULL, NULL, NULL, NULL),
(455, '93abb58367944253b36fdfd0b66b4a3e', NULL, NULL, NULL, NULL, NULL, NULL, NULL, NULL, NULL, NULL, NULL, NULL, NULL, NULL, NULL, '2015-08-12 04:45:27', NULL, NULL, NULL, NULL, NULL, NULL, NULL),
(456, '29d3577924a9465db3f5b2f4606fd6b9', NULL, NULL, NULL, NULL, NULL, NULL, NULL, NULL, NULL, NULL, NULL, NULL, NULL, NULL, NULL, '2015-08-12 04:45:27', NULL, NULL, NULL, NULL, NULL, NULL, NULL),
(457, 'e0fe2d4a4ad44f42badd7f0b486fbba9', NULL, NULL, NULL, NULL, NULL, NULL, NULL, NULL, NULL, NULL, NULL, NULL, NULL, NULL, NULL, '2015-08-12 04:45:27', NULL, NULL, NULL, NULL, NULL, NULL, NULL),
(458, '8927ae7f21bf498bb7827869767f0521', NULL, NULL, NULL, NULL, NULL, NULL, NULL, NULL, NULL, NULL, NULL, NULL, NULL, NULL, NULL, '2015-08-12 04:45:27', NULL, NULL, NULL, NULL, NULL, NULL, NULL),
(459, '72301fe4e83f453ca43be8d60044e5ed', NULL, NULL, NULL, NULL, NULL, NULL, NULL, NULL, NULL, NULL, NULL, NULL, NULL, NULL, NULL, '2015-08-12 04:45:27', NULL, NULL, NULL, NULL, NULL, NULL, NULL),
(460, '00dafb7806ca40b989a58ccc6821a3d8', NULL, NULL, NULL, NULL, NULL, NULL, NULL, NULL, NULL, NULL, NULL, NULL, NULL, NULL, NULL, '2015-08-12 04:45:27', NULL, NULL, NULL, NULL, NULL, NULL, NULL),
(461, 'e625a4f4ea4149909d6c5d43afd66104', NULL, NULL, NULL, NULL, NULL, NULL, NULL, NULL, NULL, NULL, NULL, NULL, NULL, NULL, NULL, '2015-08-12 04:45:27', NULL, NULL, NULL, NULL, NULL, NULL, NULL),
(462, '50dd6f1be83c461ead9803c084a2c306', NULL, NULL, NULL, NULL, NULL, NULL, NULL, NULL, NULL, NULL, NULL, NULL, NULL, NULL, NULL, '2015-08-12 04:45:27', NULL, NULL, NULL, NULL, NULL, NULL, NULL),
(463, '25e210c522ee494d86875fad410b9e19', NULL, NULL, NULL, NULL, NULL, NULL, NULL, NULL, NULL, NULL, NULL, NULL, NULL, NULL, NULL, '2015-08-12 04:45:27', NULL, NULL, NULL, NULL, NULL, NULL, NULL),
(464, '44397ff023544a1ab9c573deaaeed5e5', NULL, NULL, NULL, NULL, NULL, NULL, NULL, NULL, NULL, NULL, NULL, NULL, NULL, NULL, NULL, '2015-08-12 04:45:27', NULL, NULL, NULL, NULL, NULL, NULL, NULL),
(465, '23dbc364d7cc487f977fd7e6617e36ed', NULL, NULL, NULL, NULL, NULL, NULL, NULL, NULL, NULL, NULL, NULL, NULL, NULL, NULL, NULL, '2015-08-12 04:45:27', NULL, NULL, NULL, NULL, NULL, NULL, NULL),
(466, '0e19b2fccf5b441ba412353c6780198e', NULL, NULL, NULL, NULL, NULL, NULL, NULL, NULL, NULL, NULL, NULL, NULL, NULL, NULL, NULL, '2015-08-12 04:45:27', NULL, NULL, NULL, NULL, NULL, NULL, NULL),
(467, '4fb5eb42401d41f2a8c54ada856c4691', NULL, NULL, NULL, NULL, NULL, NULL, NULL, NULL, NULL, NULL, NULL, NULL, NULL, NULL, NULL, '2015-08-12 04:45:27', NULL, NULL, NULL, NULL, NULL, NULL, NULL),
(468, 'e1a331698ddd43ceb9d9f353924afe0d', NULL, NULL, NULL, NULL, NULL, NULL, NULL, NULL, NULL, NULL, NULL, NULL, NULL, NULL, NULL, '2015-08-12 04:45:27', NULL, NULL, NULL, NULL, NULL, NULL, NULL),
(469, 'daa833577cf04663bb08fb383189f687', NULL, NULL, NULL, NULL, NULL, NULL, NULL, NULL, NULL, NULL, NULL, NULL, NULL, NULL, NULL, '2015-08-12 04:45:27', NULL, NULL, NULL, NULL, NULL, NULL, NULL),
(470, 'a07496a0cd31496697c6af897f53fc8a', NULL, NULL, NULL, NULL, NULL, NULL, NULL, NULL, NULL, NULL, NULL, NULL, NULL, NULL, NULL, '2015-08-12 04:45:27', NULL, NULL, NULL, NULL, NULL, NULL, NULL),
(471, '9b8caaad75234031b617c65123008773', NULL, NULL, NULL, NULL, NULL, NULL, NULL, NULL, NULL, NULL, NULL, NULL, NULL, NULL, NULL, '2015-08-12 04:45:27', NULL, NULL, NULL, NULL, NULL, NULL, NULL),
(472, '9498f95fea9b4647b6d67fa11d9d164f', NULL, NULL, NULL, NULL, NULL, NULL, NULL, NULL, NULL, NULL, NULL, NULL, NULL, NULL, NULL, '2015-08-12 04:45:27', NULL, NULL, NULL, NULL, NULL, NULL, NULL),
(473, '2797d68ec98c4c30844aeede479724c1', NULL, NULL, NULL, NULL, NULL, NULL, NULL, NULL, NULL, NULL, NULL, NULL, NULL, NULL, NULL, '2015-08-12 04:45:27', NULL, NULL, NULL, NULL, NULL, NULL, NULL),
(474, '33cb71acf31b422b992040433362724f', NULL, NULL, NULL, NULL, NULL, NULL, NULL, NULL, NULL, NULL, NULL, NULL, NULL, NULL, NULL, '2015-08-12 04:45:27', NULL, NULL, NULL, NULL, NULL, NULL, NULL),
(475, '2d629636666d423f9c6664485dbbbdfd', NULL, NULL, NULL, NULL, NULL, NULL, NULL, NULL, NULL, NULL, NULL, NULL, NULL, NULL, NULL, '2015-08-12 04:45:27', NULL, NULL, NULL, NULL, NULL, NULL, NULL),
(476, '58b9197b8ff9459b870de9e0ec8e366b', NULL, NULL, NULL, NULL, NULL, NULL, NULL, NULL, NULL, NULL, NULL, NULL, NULL, NULL, NULL, '2015-08-12 04:45:27', NULL, NULL, NULL, NULL, NULL, NULL, NULL),
(477, 'bafbd1fd08384059b4aba97bad93fde6', NULL, NULL, NULL, NULL, NULL, NULL, NULL, NULL, NULL, NULL, NULL, NULL, NULL, NULL, NULL, '2015-08-12 04:45:27', NULL, NULL, NULL, NULL, NULL, NULL, NULL),
(478, '808cb9b10f3649d7b565a914d64bb85b', NULL, NULL, NULL, NULL, NULL, NULL, NULL, NULL, NULL, NULL, NULL, NULL, NULL, NULL, NULL, '2015-08-12 04:45:27', NULL, NULL, NULL, NULL, NULL, NULL, NULL),
(480, '1bb9d0441287409a8d5b8341d74ac5d9', NULL, NULL, NULL, NULL, NULL, NULL, NULL, NULL, NULL, NULL, NULL, NULL, NULL, NULL, NULL, '2015-08-12 06:34:31', NULL, NULL, NULL, NULL, NULL, NULL, NULL),
(481, 'feede33405b54d38a47d78343ea008a8', NULL, NULL, NULL, NULL, NULL, NULL, NULL, NULL, NULL, NULL, NULL, NULL, NULL, NULL, NULL, '2015-08-12 06:34:31', NULL, NULL, NULL, NULL, NULL, NULL, NULL),
(482, 'f50ea4b6ec2d46d18a77bf4c84b4d5ab', NULL, NULL, NULL, NULL, NULL, NULL, NULL, NULL, NULL, NULL, NULL, NULL, NULL, NULL, NULL, '2015-08-12 06:34:31', NULL, NULL, NULL, NULL, NULL, NULL, NULL),
(483, '78941cd6a15745e082dd71d6e9b9fb8b', NULL, NULL, NULL, NULL, NULL, NULL, NULL, NULL, NULL, NULL, NULL, NULL, NULL, NULL, NULL, '2015-08-12 06:34:31', NULL, NULL, NULL, NULL, NULL, NULL, NULL),
(484, '9a6f1df65b8e4eb08dcda203be46ca97', NULL, NULL, NULL, NULL, NULL, NULL, NULL, NULL, NULL, NULL, NULL, NULL, NULL, NULL, NULL, '2015-08-12 06:34:31', NULL, NULL, NULL, NULL, NULL, NULL, NULL),
(485, '95fb018a72ff4a2c8b9e6fb7ad3a7608', NULL, NULL, NULL, NULL, NULL, NULL, NULL, NULL, NULL, NULL, NULL, NULL, NULL, NULL, NULL, '2015-08-12 06:34:31', NULL, NULL, NULL, NULL, NULL, NULL, NULL),
(486, 'b6ac0c51e2fd443ab6f43bdd929fc04e', NULL, NULL, NULL, NULL, NULL, NULL, NULL, NULL, NULL, NULL, NULL, NULL, NULL, NULL, NULL, '2015-08-12 06:34:31', NULL, NULL, NULL, NULL, NULL, NULL, NULL),
(487, '05b81ef80c0d4b4293bc3f3a8e1092b0', NULL, NULL, NULL, NULL, NULL, NULL, NULL, NULL, NULL, NULL, NULL, NULL, NULL, NULL, NULL, '2015-08-12 06:34:31', NULL, NULL, NULL, NULL, NULL, NULL, NULL),
(488, 'b27945514cd54860b127d9ea8e9cddd3', NULL, NULL, NULL, NULL, NULL, NULL, NULL, NULL, NULL, NULL, NULL, NULL, NULL, NULL, NULL, '2015-08-12 06:34:31', NULL, NULL, NULL, NULL, NULL, NULL, NULL),
(489, '832b1db8b5ca444283ae52e74f04529d', NULL, NULL, NULL, NULL, NULL, NULL, NULL, NULL, NULL, NULL, NULL, NULL, NULL, NULL, NULL, '2015-08-12 06:34:31', NULL, NULL, NULL, NULL, NULL, NULL, NULL),
(490, '4f7ad90740694da48549b6a22431195c', NULL, NULL, NULL, NULL, NULL, NULL, NULL, NULL, NULL, NULL, NULL, NULL, NULL, NULL, NULL, '2015-08-12 06:34:31', NULL, NULL, NULL, NULL, NULL, NULL, NULL),
(491, '8669e603460a433085f8dd50714ef038', NULL, NULL, NULL, NULL, NULL, NULL, NULL, NULL, NULL, NULL, NULL, NULL, NULL, NULL, NULL, '2015-08-12 06:34:31', NULL, NULL, NULL, NULL, NULL, NULL, NULL),
(492, '2251ad6bc45b4be691d5a91dcea510ed', NULL, NULL, NULL, NULL, NULL, NULL, NULL, NULL, NULL, NULL, NULL, NULL, NULL, NULL, NULL, '2015-08-12 06:34:31', NULL, NULL, NULL, NULL, NULL, NULL, NULL),
(493, '63120d3b5b224886acc7aea53d2aa7ae', NULL, NULL, NULL, NULL, NULL, NULL, NULL, NULL, NULL, NULL, NULL, NULL, NULL, NULL, NULL, '2015-08-12 06:34:31', NULL, NULL, NULL, NULL, NULL, NULL, NULL),
(494, 'db10baf7f78244b1b8dae5148b69e903', NULL, NULL, NULL, NULL, NULL, NULL, NULL, NULL, NULL, NULL, NULL, NULL, NULL, NULL, NULL, '2015-08-12 06:34:31', NULL, NULL, NULL, NULL, NULL, NULL, NULL),
(495, '4350b59297e146038813a60c879793d8', NULL, NULL, NULL, NULL, NULL, NULL, NULL, NULL, NULL, NULL, NULL, NULL, NULL, NULL, NULL, '2015-08-12 06:34:31', NULL, NULL, NULL, NULL, NULL, NULL, NULL),
(496, '87ba3fb926a5433f92088da8a160341c', NULL, NULL, NULL, NULL, NULL, NULL, NULL, NULL, NULL, NULL, NULL, NULL, NULL, NULL, NULL, '2015-08-12 06:34:31', NULL, NULL, NULL, NULL, NULL, NULL, NULL),
(497, '1bae752f821b43bfbbe2bd63f181bddb', NULL, NULL, NULL, NULL, NULL, NULL, NULL, NULL, NULL, NULL, NULL, NULL, NULL, NULL, NULL, '2015-08-12 06:34:31', NULL, NULL, NULL, NULL, NULL, NULL, NULL),
(498, 'd09763c105c04dc39749da92e51a1862', NULL, NULL, NULL, NULL, NULL, NULL, NULL, NULL, NULL, NULL, NULL, NULL, NULL, NULL, NULL, '2015-08-12 06:34:31', NULL, NULL, NULL, NULL, NULL, NULL, NULL),
(499, '40a69115f58343eeb093449bb08eeb55', NULL, NULL, NULL, NULL, NULL, NULL, NULL, NULL, NULL, NULL, NULL, NULL, NULL, NULL, NULL, '2015-08-12 06:34:31', NULL, NULL, NULL, NULL, NULL, NULL, NULL),
(500, '8631d2ada85b488f99fd7de7f2204452', NULL, NULL, NULL, NULL, NULL, NULL, NULL, NULL, NULL, NULL, NULL, NULL, NULL, NULL, NULL, '2015-08-12 06:34:31', NULL, NULL, NULL, NULL, NULL, NULL, NULL),
(501, 'ca9935fab2da4f13b5c70cc5d3adf422', NULL, NULL, NULL, NULL, NULL, NULL, NULL, NULL, NULL, NULL, NULL, NULL, NULL, NULL, NULL, '2015-08-12 06:34:31', NULL, NULL, NULL, NULL, NULL, NULL, NULL),
(502, 'f1ee7ce056be45fcb05828eed35b91df', NULL, NULL, NULL, NULL, NULL, NULL, NULL, NULL, NULL, NULL, NULL, NULL, NULL, NULL, NULL, '2015-08-12 06:34:31', NULL, NULL, NULL, NULL, NULL, NULL, NULL);
INSERT INTO `User` (`id`, `api_key`, `username`, `first_name`, `last_name`, `password`, `email`, `fb_id`, `twitter_id`, `address`, `avatar`, `phone`, `balances`, `fb_token`, `twitter_token`, `push_id`, `postal_code`, `create_date`, `gender`, `birthday`, `profession`, `twitter_secret`, `is_active`, `first_use`, `city`) VALUES
(503, '8fcfada1a0ce40ac83ae420c51960d7d', NULL, NULL, NULL, NULL, NULL, NULL, NULL, NULL, NULL, NULL, NULL, NULL, NULL, NULL, NULL, '2015-08-12 06:34:31', NULL, NULL, NULL, NULL, NULL, NULL, NULL),
(504, '90ae84a001244ceab078c563fd2b3d15', NULL, NULL, NULL, NULL, NULL, NULL, NULL, NULL, NULL, NULL, NULL, NULL, NULL, NULL, NULL, '2015-08-12 06:34:31', NULL, NULL, NULL, NULL, NULL, NULL, NULL),
(505, '6d75227629694b91982c7844ff13ed35', NULL, NULL, NULL, NULL, NULL, NULL, NULL, NULL, NULL, NULL, NULL, NULL, NULL, NULL, NULL, '2015-08-12 06:34:31', NULL, NULL, NULL, NULL, NULL, NULL, NULL),
(506, '222c238c23544b0684b49c4bd014a325', NULL, NULL, NULL, NULL, NULL, NULL, NULL, NULL, NULL, NULL, NULL, NULL, NULL, NULL, NULL, '2015-08-12 06:34:31', NULL, NULL, NULL, NULL, NULL, NULL, NULL),
(507, 'b9748d8b3f024f049d6f0e4736309410', NULL, NULL, NULL, NULL, NULL, NULL, NULL, NULL, NULL, NULL, NULL, NULL, NULL, NULL, NULL, '2015-08-12 06:34:31', NULL, NULL, NULL, NULL, NULL, NULL, NULL),
(508, '0dabe531d98c42e8b0f757302342436c', NULL, NULL, NULL, NULL, NULL, NULL, NULL, NULL, NULL, NULL, NULL, NULL, NULL, NULL, NULL, '2015-08-12 06:34:31', NULL, NULL, NULL, NULL, NULL, NULL, NULL),
(509, 'd5e49a56c2424db5a919d0bf3af6ddb0', NULL, NULL, NULL, NULL, NULL, NULL, NULL, NULL, NULL, NULL, NULL, NULL, NULL, NULL, NULL, '2015-08-12 06:34:31', NULL, NULL, NULL, NULL, NULL, NULL, NULL),
(510, '00481c459bf5444db92a34b07ae0cad5', NULL, NULL, NULL, NULL, NULL, NULL, NULL, NULL, NULL, NULL, NULL, NULL, NULL, NULL, NULL, '2015-08-12 06:34:31', NULL, NULL, NULL, NULL, NULL, NULL, NULL),
(511, '13e9d60216eb4166b4f0d2e5eafcb23c', NULL, NULL, NULL, NULL, NULL, NULL, NULL, NULL, NULL, NULL, NULL, NULL, NULL, NULL, NULL, '2015-08-12 06:34:31', NULL, NULL, NULL, NULL, NULL, NULL, NULL),
(512, '6a246ebe89e34279992d4f6bdf2b3254', NULL, NULL, NULL, NULL, NULL, NULL, NULL, NULL, NULL, NULL, NULL, NULL, NULL, NULL, NULL, '2015-08-12 06:34:31', NULL, NULL, NULL, NULL, NULL, NULL, NULL),
(513, '624e549bfaf84e288618564f749f05fd', NULL, NULL, NULL, NULL, NULL, NULL, NULL, NULL, NULL, NULL, NULL, NULL, NULL, NULL, NULL, '2015-08-12 06:34:31', NULL, NULL, NULL, NULL, NULL, NULL, NULL),
(514, '130cde5a852944558146c0b1cedbc8c6', NULL, NULL, NULL, NULL, NULL, NULL, NULL, NULL, NULL, NULL, NULL, NULL, NULL, NULL, NULL, '2015-08-12 06:34:31', NULL, NULL, NULL, NULL, NULL, NULL, NULL),
(515, '05dcebb907934a2db556591f8c25b673', NULL, NULL, NULL, NULL, NULL, NULL, NULL, NULL, NULL, NULL, NULL, NULL, NULL, NULL, NULL, '2015-08-12 06:34:31', NULL, NULL, NULL, NULL, NULL, NULL, NULL),
(516, '76f00d4e9d8d40f6aa352550fbae7f7e', NULL, NULL, NULL, NULL, NULL, NULL, NULL, NULL, NULL, NULL, NULL, NULL, NULL, NULL, NULL, '2015-08-12 06:34:31', NULL, NULL, NULL, NULL, NULL, NULL, NULL),
(517, '34e17e51de6347b2b2fc02d878b81829', NULL, NULL, NULL, NULL, NULL, NULL, NULL, NULL, NULL, NULL, NULL, NULL, NULL, NULL, NULL, '2015-08-12 06:34:31', NULL, NULL, NULL, NULL, NULL, NULL, NULL),
(518, '4e202b44ac06466faf5fd3c2f552905e', NULL, NULL, NULL, NULL, NULL, NULL, NULL, NULL, NULL, NULL, NULL, NULL, NULL, NULL, NULL, '2015-08-12 06:34:31', NULL, NULL, NULL, NULL, NULL, NULL, NULL),
(519, '12bce029a22041cbb4c83363057ca673', NULL, NULL, NULL, NULL, NULL, NULL, NULL, NULL, NULL, NULL, NULL, NULL, NULL, NULL, NULL, '2015-08-12 06:34:31', NULL, NULL, NULL, NULL, NULL, NULL, NULL),
(520, '3fc4f2324b7c45dc9a1c820ea799237f', NULL, NULL, NULL, NULL, NULL, NULL, NULL, NULL, NULL, NULL, NULL, NULL, NULL, NULL, NULL, '2015-08-12 06:34:31', NULL, NULL, NULL, NULL, NULL, NULL, NULL),
(521, 'e6fb3942156e4f85a3fd13121dac3c68', NULL, NULL, NULL, NULL, NULL, NULL, NULL, NULL, NULL, NULL, NULL, NULL, NULL, NULL, NULL, '2015-08-12 06:34:31', NULL, NULL, NULL, NULL, NULL, NULL, NULL),
(522, '14407b5a248d4cb8a6327ac2516f38d4', NULL, NULL, NULL, NULL, NULL, NULL, NULL, NULL, NULL, NULL, NULL, NULL, NULL, NULL, NULL, '2015-08-12 06:34:31', NULL, NULL, NULL, NULL, NULL, NULL, NULL),
(523, 'fe418635dfdf431fbe0aa705a802f353', NULL, NULL, NULL, NULL, NULL, NULL, NULL, NULL, NULL, NULL, NULL, NULL, NULL, NULL, NULL, '2015-08-12 06:34:31', NULL, NULL, NULL, NULL, NULL, NULL, NULL),
(524, '212aa4890bb64b61880a63902f7f6cca', NULL, NULL, NULL, NULL, NULL, NULL, NULL, NULL, NULL, NULL, NULL, NULL, NULL, NULL, NULL, '2015-08-12 06:34:31', NULL, NULL, NULL, NULL, NULL, NULL, NULL),
(525, '97917eda58b64ee1a8bff4fd154d0833', NULL, NULL, NULL, NULL, NULL, NULL, NULL, NULL, NULL, NULL, NULL, NULL, NULL, NULL, NULL, '2015-08-12 06:34:31', NULL, NULL, NULL, NULL, NULL, NULL, NULL),
(526, '347e1a3cad2641a19ac1788085efdc81', NULL, NULL, NULL, NULL, NULL, NULL, NULL, NULL, NULL, NULL, NULL, NULL, NULL, NULL, NULL, '2015-08-12 06:34:31', NULL, NULL, NULL, NULL, NULL, NULL, NULL),
(527, 'dfec6fdaa4094e0cb7c7f86f2789696d', NULL, NULL, NULL, NULL, NULL, NULL, NULL, NULL, NULL, NULL, NULL, NULL, NULL, NULL, NULL, '2015-08-12 06:34:31', NULL, NULL, NULL, NULL, NULL, NULL, NULL),
(528, '77843d6139744389bdd75f597f84524b', NULL, NULL, NULL, NULL, NULL, NULL, NULL, NULL, NULL, NULL, NULL, NULL, NULL, NULL, NULL, '2015-08-12 06:34:31', NULL, NULL, NULL, NULL, NULL, NULL, NULL),
(529, '2c21404e31d84388aa94f5696dc224b9', NULL, NULL, NULL, NULL, NULL, NULL, NULL, NULL, NULL, NULL, NULL, NULL, NULL, NULL, NULL, '2015-08-12 06:34:31', NULL, NULL, NULL, NULL, NULL, NULL, NULL),
(530, '5af21e1f70c44c94ab7640492aee50bd', NULL, NULL, NULL, NULL, NULL, NULL, NULL, NULL, NULL, NULL, NULL, NULL, NULL, NULL, NULL, '2015-08-12 06:34:31', NULL, NULL, NULL, NULL, NULL, NULL, NULL),
(531, '7baaf981d60142328a4d8d71472d21db', NULL, NULL, NULL, NULL, NULL, NULL, NULL, NULL, NULL, NULL, NULL, NULL, NULL, NULL, NULL, '2015-08-12 06:34:31', NULL, NULL, NULL, NULL, NULL, NULL, NULL),
(532, 'd61e610a13ab42e9966b9fdeaad06807', NULL, NULL, NULL, NULL, NULL, NULL, NULL, NULL, NULL, NULL, NULL, NULL, NULL, NULL, NULL, '2015-08-12 06:34:31', NULL, NULL, NULL, NULL, NULL, NULL, NULL),
(533, '92832b078f4245ef9c1b6aadeb75fae0', NULL, NULL, NULL, NULL, NULL, NULL, NULL, NULL, NULL, NULL, NULL, NULL, NULL, NULL, NULL, '2015-08-12 06:34:31', NULL, NULL, NULL, NULL, NULL, NULL, NULL),
(534, '8b28b7c08e9145c69a4944db52048ce8', NULL, NULL, NULL, NULL, NULL, NULL, NULL, NULL, NULL, NULL, NULL, NULL, NULL, NULL, NULL, '2015-08-12 06:34:31', NULL, NULL, NULL, NULL, NULL, NULL, NULL),
(535, '2557ecfe9c69433a9beb2062184c6e82', NULL, NULL, NULL, NULL, NULL, NULL, NULL, NULL, NULL, NULL, NULL, NULL, NULL, NULL, NULL, '2015-08-12 06:34:31', NULL, NULL, NULL, NULL, NULL, NULL, NULL),
(536, '090227d8eea743de8f908cb0732c6cfa', NULL, NULL, NULL, NULL, NULL, NULL, NULL, NULL, NULL, NULL, NULL, NULL, NULL, NULL, NULL, '2015-08-12 06:34:31', NULL, NULL, NULL, NULL, NULL, NULL, NULL),
(537, 'c7ad5e849fa54bbb952bf5b7a91a6349', NULL, NULL, NULL, NULL, NULL, NULL, NULL, NULL, NULL, NULL, NULL, NULL, NULL, NULL, NULL, '2015-08-12 06:34:31', NULL, NULL, NULL, NULL, NULL, NULL, NULL),
(538, '31a79feed58f4cab9dd786a67b576d1c', NULL, NULL, NULL, NULL, NULL, NULL, NULL, NULL, NULL, NULL, NULL, NULL, NULL, NULL, NULL, '2015-08-12 06:34:31', NULL, NULL, NULL, NULL, NULL, NULL, NULL),
(539, 'd4d655ce8da8432e8689d88df543b606', NULL, NULL, NULL, NULL, NULL, NULL, NULL, NULL, NULL, NULL, NULL, NULL, NULL, NULL, NULL, '2015-08-12 06:34:31', NULL, NULL, NULL, NULL, NULL, NULL, NULL),
(540, '6ae297a790794e069345a89b8a5bd240', NULL, NULL, NULL, NULL, NULL, NULL, NULL, NULL, NULL, NULL, NULL, NULL, NULL, NULL, NULL, '2015-08-12 06:34:31', NULL, NULL, NULL, NULL, NULL, NULL, NULL),
(541, 'c1e0309712b34d298e1d9d4d13f2431f', NULL, NULL, NULL, NULL, NULL, NULL, NULL, NULL, NULL, NULL, NULL, NULL, NULL, NULL, NULL, '2015-08-12 06:34:31', NULL, NULL, NULL, NULL, NULL, NULL, NULL),
(542, 'd28ac1ef8d6e460ebaa2f6b23ac1a3ac', NULL, NULL, NULL, NULL, NULL, NULL, NULL, NULL, NULL, NULL, NULL, NULL, NULL, NULL, NULL, '2015-08-12 06:34:31', NULL, NULL, NULL, NULL, NULL, NULL, NULL),
(543, 'aef3f45421544227aa57994493147deb', NULL, NULL, NULL, NULL, NULL, NULL, NULL, NULL, NULL, NULL, NULL, NULL, NULL, NULL, NULL, '2015-08-12 06:34:31', NULL, NULL, NULL, NULL, NULL, NULL, NULL),
(544, 'aeed458f3ad34c309d1d3e666e686376', NULL, NULL, NULL, NULL, NULL, NULL, NULL, NULL, NULL, NULL, NULL, NULL, NULL, NULL, NULL, '2015-08-12 06:34:31', NULL, NULL, NULL, NULL, NULL, NULL, NULL),
(545, 'd88f52c83a3e4b15ba1cd0b27976388f', NULL, NULL, NULL, NULL, NULL, NULL, NULL, NULL, NULL, NULL, NULL, NULL, NULL, NULL, NULL, '2015-08-12 10:13:22', NULL, NULL, NULL, NULL, NULL, NULL, NULL),
(546, '84ab2fd3e69c466cb7588a8d8b85f8de', NULL, NULL, NULL, NULL, NULL, NULL, NULL, NULL, NULL, NULL, NULL, NULL, NULL, NULL, NULL, '2015-08-12 10:13:22', NULL, NULL, NULL, NULL, NULL, NULL, NULL),
(547, '3021819af0a54f7b9e078aea69a3b2d4', NULL, NULL, NULL, NULL, NULL, NULL, NULL, NULL, NULL, NULL, NULL, NULL, NULL, NULL, NULL, '2015-08-12 10:13:22', NULL, NULL, NULL, NULL, NULL, NULL, NULL),
(548, 'b3c86979ddcd4cb19dfa7042a90d57fa', NULL, NULL, NULL, NULL, NULL, NULL, NULL, NULL, NULL, NULL, NULL, NULL, NULL, NULL, NULL, '2015-08-12 10:13:22', NULL, NULL, NULL, NULL, NULL, NULL, NULL),
(549, 'cafd54a789c5498585d944dc5bcdcd7b', NULL, NULL, NULL, NULL, NULL, NULL, NULL, NULL, NULL, NULL, NULL, NULL, NULL, NULL, NULL, '2015-08-12 10:13:22', NULL, NULL, NULL, NULL, NULL, NULL, NULL),
(550, 'c980cb998e3b479a9552163bbffefd49', NULL, NULL, NULL, NULL, NULL, NULL, NULL, NULL, NULL, NULL, NULL, NULL, NULL, NULL, NULL, '2015-08-12 10:13:22', NULL, NULL, NULL, NULL, NULL, NULL, NULL),
(551, 'bfc3ad3e1e6e41f588930b1b2bed5e7e', NULL, NULL, NULL, NULL, NULL, NULL, NULL, NULL, NULL, NULL, NULL, NULL, NULL, NULL, NULL, '2015-08-12 10:13:22', NULL, NULL, NULL, NULL, NULL, NULL, NULL),
(552, 'eda9840011d64dedbffc5cb99a6bc848', NULL, NULL, NULL, NULL, NULL, NULL, NULL, NULL, NULL, NULL, NULL, NULL, NULL, NULL, NULL, '2015-08-12 10:13:22', NULL, NULL, NULL, NULL, NULL, NULL, NULL),
(553, '76aad2e3c22140b9b57f0deaf7761589', NULL, NULL, NULL, NULL, NULL, NULL, NULL, NULL, NULL, NULL, NULL, NULL, NULL, NULL, NULL, '2015-08-12 10:13:22', NULL, NULL, NULL, NULL, NULL, NULL, NULL),
(554, '20ef5c87686b495d9b085201673eb7c7', NULL, NULL, NULL, NULL, NULL, NULL, NULL, NULL, NULL, NULL, NULL, NULL, NULL, NULL, NULL, '2015-08-12 10:13:22', NULL, NULL, NULL, NULL, NULL, NULL, NULL),
(555, 'f6a4987334c6b25310fc43d33088e3f0f8325f5afb6a7f7374bbd1cc', 'geloraolahraga', 'Gelora', 'Olahraga', 'e172dd95f4feb21412a692e73929961e', 'geloraolahraga@gmail.com', NULL, NULL, NULL, '/static/avatar/1439374974839_croped_pic.JPEG', NULL, NULL, NULL, NULL, 'Yogyakarta', NULL, '2015-08-12 10:13:22', NULL, NULL, NULL, NULL, 0, 1, 'Yogyakarta'),
(556, '7cf43c0859ae44b49a4f400882a962fb', NULL, NULL, NULL, NULL, NULL, NULL, NULL, NULL, NULL, NULL, NULL, NULL, NULL, NULL, NULL, '2015-08-12 10:13:22', NULL, NULL, NULL, NULL, NULL, NULL, NULL),
(557, '0edc5ad9b2c74b9ab569f8a86c3ed008', NULL, NULL, NULL, NULL, NULL, NULL, NULL, NULL, NULL, NULL, NULL, NULL, NULL, NULL, NULL, '2015-08-12 10:13:22', NULL, NULL, NULL, NULL, NULL, NULL, NULL),
(558, 'd5cfef35435340f28203339e51ae541b', NULL, NULL, NULL, NULL, NULL, NULL, NULL, NULL, NULL, NULL, NULL, NULL, NULL, NULL, NULL, '2015-08-12 10:13:22', NULL, NULL, NULL, NULL, NULL, NULL, NULL),
(559, '0127592a05d9474e9b5abb8724fe9b33', NULL, NULL, NULL, NULL, NULL, NULL, NULL, NULL, NULL, NULL, NULL, NULL, NULL, NULL, NULL, '2015-08-12 10:13:22', NULL, NULL, NULL, NULL, NULL, NULL, NULL),
(560, 'd3a2ae185c3245f8bf515c88d16b34e6', NULL, NULL, NULL, NULL, NULL, NULL, NULL, NULL, NULL, NULL, NULL, NULL, NULL, NULL, NULL, '2015-08-12 10:13:22', NULL, NULL, NULL, NULL, NULL, NULL, NULL),
(561, '1e3da3b3cc1e4b0b9bf7d1659bc53d09', NULL, NULL, NULL, NULL, NULL, NULL, NULL, NULL, NULL, NULL, NULL, NULL, NULL, NULL, NULL, '2015-08-12 10:13:22', NULL, NULL, NULL, NULL, NULL, NULL, NULL),
(562, '1e24a19b7a094bdfbf19e1cc258bcc31', NULL, NULL, NULL, NULL, NULL, NULL, NULL, NULL, NULL, NULL, NULL, NULL, NULL, NULL, NULL, '2015-08-12 10:13:22', NULL, NULL, NULL, NULL, NULL, NULL, NULL),
(563, 'd1d072bbb36044648c7efdb6b03e0959', NULL, NULL, NULL, NULL, NULL, NULL, NULL, NULL, NULL, NULL, NULL, NULL, NULL, NULL, NULL, '2015-08-12 10:13:22', NULL, NULL, NULL, NULL, NULL, NULL, NULL),
(564, '96278e0ce0854079a4e8696e5dbb7c0a', NULL, NULL, NULL, NULL, NULL, NULL, NULL, NULL, NULL, NULL, NULL, NULL, NULL, NULL, NULL, '2015-08-12 10:13:22', NULL, NULL, NULL, NULL, NULL, NULL, NULL),
(565, '7ac39e3b5e074e9185cb91e701156390', NULL, NULL, NULL, NULL, NULL, NULL, NULL, NULL, NULL, NULL, NULL, NULL, NULL, NULL, NULL, '2015-08-12 10:13:22', NULL, NULL, NULL, NULL, NULL, NULL, NULL),
(566, '54545286fc034d48a85d8673456844fb', NULL, NULL, NULL, NULL, NULL, NULL, NULL, NULL, NULL, NULL, NULL, NULL, NULL, NULL, NULL, '2015-08-12 10:13:22', NULL, NULL, NULL, NULL, NULL, NULL, NULL),
(567, 'bdba7ba1d1ca48989bc89f2b5fd16fdd', NULL, NULL, NULL, NULL, NULL, NULL, NULL, NULL, NULL, NULL, NULL, NULL, NULL, NULL, NULL, '2015-08-12 10:13:22', NULL, NULL, NULL, NULL, NULL, NULL, NULL),
(568, '905e2914af184f208c83a0d1e1d4217e', NULL, NULL, NULL, NULL, NULL, NULL, NULL, NULL, NULL, NULL, NULL, NULL, NULL, NULL, NULL, '2015-08-12 10:13:22', NULL, NULL, NULL, NULL, NULL, NULL, NULL),
(569, '0ed10fdd09fd49768d0467bed8761d23', NULL, NULL, NULL, NULL, NULL, NULL, NULL, NULL, NULL, NULL, NULL, NULL, NULL, NULL, NULL, '2015-08-12 10:13:22', NULL, NULL, NULL, NULL, NULL, NULL, NULL),
(570, 'c867d558fc5a40e0a69797c2a66ddfee', NULL, NULL, NULL, NULL, NULL, NULL, NULL, NULL, NULL, NULL, NULL, NULL, NULL, NULL, NULL, '2015-08-12 10:13:22', NULL, NULL, NULL, NULL, NULL, NULL, NULL),
(571, '46e42ca694984e899bae4f4c3eb9aa84', NULL, NULL, NULL, NULL, NULL, NULL, NULL, NULL, NULL, NULL, NULL, NULL, NULL, NULL, NULL, '2015-08-12 10:13:22', NULL, NULL, NULL, NULL, NULL, NULL, NULL),
(572, 'a1e2b9fbe067407ebfa0b1adf85c5c8c', NULL, NULL, NULL, NULL, NULL, NULL, NULL, NULL, NULL, NULL, NULL, NULL, NULL, NULL, NULL, '2015-08-12 10:13:22', NULL, NULL, NULL, NULL, NULL, NULL, NULL),
(573, 'cf21fe58177d4890abf40aca95c10f85', NULL, NULL, NULL, NULL, NULL, NULL, NULL, NULL, NULL, NULL, NULL, NULL, NULL, NULL, NULL, '2015-08-12 10:13:22', NULL, NULL, NULL, NULL, NULL, NULL, NULL),
(574, 'c2e6d2ec15724299829c9e34751fef6d', NULL, NULL, NULL, NULL, NULL, NULL, NULL, NULL, NULL, NULL, NULL, NULL, NULL, NULL, NULL, '2015-08-12 10:13:22', NULL, NULL, NULL, NULL, NULL, NULL, NULL),
(575, 'e7b7f5cd89f3462d8dd5a40bd18df6a3', NULL, NULL, NULL, NULL, NULL, NULL, NULL, NULL, NULL, NULL, NULL, NULL, NULL, NULL, NULL, '2015-08-12 10:13:22', NULL, NULL, NULL, NULL, NULL, NULL, NULL),
(576, '390f5f31d5d045e18c59ae6ef5741c68', NULL, NULL, NULL, NULL, NULL, NULL, NULL, NULL, NULL, NULL, NULL, NULL, NULL, NULL, NULL, '2015-08-12 10:13:22', NULL, NULL, NULL, NULL, NULL, NULL, NULL),
(577, 'df35b2a20dc44fc5820fa2ddc6a049b3', NULL, NULL, NULL, NULL, NULL, NULL, NULL, NULL, NULL, NULL, NULL, NULL, NULL, NULL, NULL, '2015-08-12 10:13:22', NULL, NULL, NULL, NULL, NULL, NULL, NULL),
(578, '47766dad0ac940faa0f16674e5e17bac', NULL, NULL, NULL, NULL, NULL, NULL, NULL, NULL, NULL, NULL, NULL, NULL, NULL, NULL, NULL, '2015-08-12 10:13:22', NULL, NULL, NULL, NULL, NULL, NULL, NULL),
(579, 'd7115a51adef41218379b9b3984b04ae', NULL, NULL, NULL, NULL, NULL, NULL, NULL, NULL, NULL, NULL, NULL, NULL, NULL, NULL, NULL, '2015-08-12 10:13:22', NULL, NULL, NULL, NULL, NULL, NULL, NULL),
(580, '61dcfc17aa58407aad8961c3482137ac', NULL, NULL, NULL, NULL, NULL, NULL, NULL, NULL, NULL, NULL, NULL, NULL, NULL, NULL, NULL, '2015-08-12 10:13:22', NULL, NULL, NULL, NULL, NULL, NULL, NULL),
(581, 'e52ce7401ea24d1daa10d8c99b8f9473', NULL, NULL, NULL, NULL, NULL, NULL, NULL, NULL, NULL, NULL, NULL, NULL, NULL, NULL, NULL, '2015-08-12 10:13:22', NULL, NULL, NULL, NULL, NULL, NULL, NULL),
(582, '4ed7d76b9af149e88bc6778ae1bf3af8', NULL, NULL, NULL, NULL, NULL, NULL, NULL, NULL, NULL, NULL, NULL, NULL, NULL, NULL, NULL, '2015-08-12 10:13:22', NULL, NULL, NULL, NULL, NULL, NULL, NULL),
(583, 'eae012062d64462fb1114f8ef4f00411', NULL, NULL, NULL, NULL, NULL, NULL, NULL, NULL, NULL, NULL, NULL, NULL, NULL, NULL, NULL, '2015-08-12 10:13:22', NULL, NULL, NULL, NULL, NULL, NULL, NULL),
(584, 'a2b795929816424d95d8251a17919f42', NULL, NULL, NULL, NULL, NULL, NULL, NULL, NULL, NULL, NULL, NULL, NULL, NULL, NULL, NULL, '2015-08-12 10:13:22', NULL, NULL, NULL, NULL, NULL, NULL, NULL),
(585, '7efe7f1fd35944eb8ef2b48f9bbcc31a', NULL, NULL, NULL, NULL, NULL, NULL, NULL, NULL, NULL, NULL, NULL, NULL, NULL, NULL, NULL, '2015-08-12 10:13:22', NULL, NULL, NULL, NULL, NULL, NULL, NULL),
(586, 'e351816e1e4740b4b1b1c1db48eba1ea', NULL, NULL, NULL, NULL, NULL, NULL, NULL, NULL, NULL, NULL, NULL, NULL, NULL, NULL, NULL, '2015-08-13 05:45:07', NULL, NULL, NULL, NULL, NULL, NULL, NULL),
(587, 'a84dda21572c4a98ba6e191ca3875fb3', NULL, NULL, NULL, NULL, NULL, NULL, NULL, NULL, NULL, NULL, NULL, NULL, NULL, NULL, NULL, '2015-08-13 05:45:07', NULL, NULL, NULL, NULL, NULL, NULL, NULL),
(588, 'b6f9b10dee8845e49431aebda62d3509', NULL, NULL, NULL, NULL, NULL, NULL, NULL, NULL, NULL, NULL, NULL, NULL, NULL, NULL, NULL, '2015-08-13 05:45:07', NULL, NULL, NULL, NULL, NULL, NULL, NULL),
(589, '0ab73f76de3941c183563fe6dc797ca2', NULL, NULL, NULL, NULL, NULL, NULL, NULL, NULL, NULL, NULL, NULL, NULL, NULL, NULL, NULL, '2015-08-13 05:45:07', NULL, NULL, NULL, NULL, NULL, NULL, NULL),
(590, '788329883ebc4e6a8710bcbd55b12974', NULL, NULL, NULL, NULL, NULL, NULL, NULL, NULL, NULL, NULL, NULL, NULL, NULL, NULL, NULL, '2015-08-13 05:45:07', NULL, NULL, NULL, NULL, NULL, NULL, NULL),
(591, 'abec712c071544e3b151c749077a09db', NULL, NULL, NULL, NULL, NULL, NULL, NULL, NULL, NULL, NULL, NULL, NULL, NULL, NULL, NULL, '2015-08-13 06:01:58', NULL, NULL, NULL, NULL, NULL, NULL, NULL),
(592, 'cb44badb4456492a819c379920822bbd', NULL, NULL, NULL, NULL, NULL, NULL, NULL, NULL, NULL, NULL, NULL, NULL, NULL, NULL, NULL, '2015-08-13 06:01:58', NULL, NULL, NULL, NULL, NULL, NULL, NULL),
(593, 'c0ad0e893f7c43ff811eb3fa410113f3', NULL, NULL, NULL, NULL, NULL, NULL, NULL, NULL, NULL, NULL, NULL, NULL, NULL, NULL, NULL, '2015-08-13 06:01:58', NULL, NULL, NULL, NULL, NULL, NULL, NULL),
(594, '98a00f308aef461889716366a4d01544', NULL, NULL, NULL, NULL, NULL, NULL, NULL, NULL, NULL, NULL, NULL, NULL, NULL, NULL, NULL, '2015-08-13 06:01:58', NULL, NULL, NULL, NULL, NULL, NULL, NULL),
(595, 'df509632ac0a4b458915051cdae7ab97', NULL, NULL, NULL, NULL, NULL, NULL, NULL, NULL, NULL, NULL, NULL, NULL, NULL, NULL, NULL, '2015-08-13 06:01:58', NULL, NULL, NULL, NULL, NULL, NULL, NULL),
(596, 'cd8c214e94a54539b1fc8f0d4d6dea4f', NULL, NULL, NULL, NULL, NULL, NULL, NULL, NULL, NULL, NULL, NULL, NULL, NULL, NULL, NULL, '2015-08-13 06:01:58', NULL, NULL, NULL, NULL, NULL, NULL, NULL),
(597, 'd4b58b733f144fb7b879b5d9c4268147', NULL, NULL, NULL, NULL, NULL, NULL, NULL, NULL, NULL, NULL, NULL, NULL, NULL, NULL, NULL, '2015-08-13 06:01:58', NULL, NULL, NULL, NULL, NULL, NULL, NULL),
(598, '06c1990e436941d5a542ce1f69e5c249', NULL, NULL, NULL, NULL, NULL, NULL, NULL, NULL, NULL, NULL, NULL, NULL, NULL, NULL, NULL, '2015-08-13 06:01:58', NULL, NULL, NULL, NULL, NULL, NULL, NULL),
(599, '38e3101a3aba403cbb63753f591de7cd', NULL, NULL, NULL, NULL, NULL, NULL, NULL, NULL, NULL, NULL, NULL, NULL, NULL, NULL, NULL, '2015-08-13 06:01:58', NULL, NULL, NULL, NULL, NULL, NULL, NULL),
(600, '5cb86038a33a44eeb960210402c6f610', NULL, NULL, NULL, NULL, NULL, NULL, NULL, NULL, NULL, NULL, NULL, NULL, NULL, NULL, NULL, '2015-08-13 06:01:58', NULL, NULL, NULL, NULL, NULL, NULL, NULL),
(601, 'c264441d9f2d47d0b636538459bda7eb', NULL, NULL, NULL, NULL, NULL, NULL, NULL, NULL, NULL, NULL, NULL, NULL, NULL, NULL, NULL, '2015-08-13 06:01:58', NULL, NULL, NULL, NULL, NULL, NULL, NULL),
(602, '1291347173044995b417bf094497db96', NULL, NULL, NULL, NULL, NULL, NULL, NULL, NULL, NULL, NULL, NULL, NULL, NULL, NULL, NULL, '2015-08-13 06:01:58', NULL, NULL, NULL, NULL, NULL, NULL, NULL),
(603, 'dc1150334002477eb725c1747c99add9', NULL, NULL, NULL, NULL, NULL, NULL, NULL, NULL, NULL, NULL, NULL, NULL, NULL, NULL, NULL, '2015-08-13 06:01:58', NULL, NULL, NULL, NULL, NULL, NULL, NULL),
(604, 'ce64ac0e69744417911103f61fb7bc1c', NULL, NULL, NULL, NULL, NULL, NULL, NULL, NULL, NULL, NULL, NULL, NULL, NULL, NULL, NULL, '2015-08-13 06:01:58', NULL, NULL, NULL, NULL, NULL, NULL, NULL),
(605, 'da6ae54c393141e788f671bb7e1ab765', NULL, NULL, NULL, NULL, NULL, NULL, NULL, NULL, NULL, NULL, NULL, NULL, NULL, NULL, NULL, '2015-08-13 06:01:58', NULL, NULL, NULL, NULL, NULL, NULL, NULL),
(606, '7b0974e6e85c45aaaec320a993fa004b', NULL, NULL, NULL, NULL, NULL, NULL, NULL, NULL, NULL, NULL, NULL, NULL, NULL, NULL, NULL, '2015-08-13 06:01:58', NULL, NULL, NULL, NULL, NULL, NULL, NULL),
(607, '430500f746494265a14d574294973987', NULL, NULL, NULL, NULL, NULL, NULL, NULL, NULL, NULL, NULL, NULL, NULL, NULL, NULL, NULL, '2015-08-13 06:01:58', NULL, NULL, NULL, NULL, NULL, NULL, NULL),
(608, '7b681024892e451784b9205fe8401158', NULL, NULL, NULL, NULL, NULL, NULL, NULL, NULL, NULL, NULL, NULL, NULL, NULL, NULL, NULL, '2015-08-13 06:01:58', NULL, NULL, NULL, NULL, NULL, NULL, NULL),
(609, '5d012c4431a4461988b561b3d860dd53', NULL, NULL, NULL, NULL, NULL, NULL, NULL, NULL, NULL, NULL, NULL, NULL, NULL, NULL, NULL, '2015-08-13 06:01:58', NULL, NULL, NULL, NULL, NULL, NULL, NULL),
(610, '106e4384ae9e478ab3bef3d6e6612cd1', NULL, NULL, NULL, NULL, NULL, NULL, NULL, NULL, NULL, NULL, NULL, NULL, NULL, NULL, NULL, '2015-08-13 06:01:58', NULL, NULL, NULL, NULL, NULL, NULL, NULL),
(611, 'fffa85da38e745d9bdaa1209a3b4cc39', NULL, NULL, NULL, NULL, NULL, NULL, NULL, NULL, NULL, NULL, NULL, NULL, NULL, NULL, NULL, '2015-08-13 06:40:35', NULL, NULL, NULL, NULL, NULL, NULL, NULL),
(612, '80fe202ba6d4464db1f80bd706b40a73', NULL, NULL, NULL, NULL, NULL, NULL, NULL, NULL, NULL, NULL, NULL, NULL, NULL, NULL, NULL, '2015-08-13 06:40:35', NULL, NULL, NULL, NULL, NULL, NULL, NULL),
(613, '35025a715e4649b1ba5f15e08d377925', NULL, NULL, NULL, NULL, NULL, NULL, NULL, NULL, NULL, NULL, NULL, NULL, NULL, NULL, NULL, '2015-08-13 06:40:35', NULL, NULL, NULL, NULL, NULL, NULL, NULL),
(614, 'c01c1a12fc2244f0875460b33ffb408f', NULL, NULL, NULL, NULL, NULL, NULL, NULL, NULL, NULL, NULL, NULL, NULL, NULL, NULL, NULL, '2015-08-13 06:40:35', NULL, NULL, NULL, NULL, NULL, NULL, NULL),
(615, 'da5b94ae43d84fb0bda2abc600583125', NULL, NULL, NULL, NULL, NULL, NULL, NULL, NULL, NULL, NULL, NULL, NULL, NULL, NULL, NULL, '2015-08-13 06:40:35', NULL, NULL, NULL, NULL, NULL, NULL, NULL),
(616, '0418059029ea4bd3912b41331cf7a7b9', NULL, NULL, NULL, NULL, NULL, NULL, NULL, NULL, NULL, NULL, NULL, NULL, NULL, NULL, NULL, '2015-08-13 06:40:35', NULL, NULL, NULL, NULL, NULL, NULL, NULL),
(617, 'db956f9e5d7448e7a702882cb2a1622c', NULL, NULL, NULL, NULL, NULL, NULL, NULL, NULL, NULL, NULL, NULL, NULL, NULL, NULL, NULL, '2015-08-13 06:40:35', NULL, NULL, NULL, NULL, NULL, NULL, NULL),
(618, '98c62b187e53463c9a537d91419c9ff3', NULL, NULL, NULL, NULL, NULL, NULL, NULL, NULL, NULL, NULL, NULL, NULL, NULL, NULL, NULL, '2015-08-13 06:40:35', NULL, NULL, NULL, NULL, NULL, NULL, NULL),
(619, 'a821747d3ae14bc8b63d2d5e63864ab5', NULL, NULL, NULL, NULL, NULL, NULL, NULL, NULL, NULL, NULL, NULL, NULL, NULL, NULL, NULL, '2015-08-13 06:40:35', NULL, NULL, NULL, NULL, NULL, NULL, NULL),
(620, '55fe3c37193946068f3eec77d8917ceb', NULL, NULL, NULL, NULL, NULL, NULL, NULL, NULL, NULL, NULL, NULL, NULL, NULL, NULL, NULL, '2015-08-13 06:40:35', NULL, NULL, NULL, NULL, NULL, NULL, NULL),
(621, 'c624416638aa4df691d24b082751ddcb', NULL, NULL, NULL, NULL, NULL, NULL, NULL, NULL, NULL, NULL, NULL, NULL, NULL, NULL, NULL, '2015-08-13 06:40:35', NULL, NULL, NULL, NULL, NULL, NULL, NULL),
(622, 'a26107775bc740d68419c7c942ee4e0a', NULL, NULL, NULL, NULL, NULL, NULL, NULL, NULL, NULL, NULL, NULL, NULL, NULL, NULL, NULL, '2015-08-13 06:40:35', NULL, NULL, NULL, NULL, NULL, NULL, NULL),
(623, 'c866d67607164839938fd7c2811d6b44', NULL, NULL, NULL, NULL, NULL, NULL, NULL, NULL, NULL, NULL, NULL, NULL, NULL, NULL, NULL, '2015-08-13 06:40:35', NULL, NULL, NULL, NULL, NULL, NULL, NULL),
(624, '33713775b7b0474d97eaa7d37eb46cd3', NULL, NULL, NULL, NULL, NULL, NULL, NULL, NULL, NULL, NULL, NULL, NULL, NULL, NULL, NULL, '2015-08-13 06:40:35', NULL, NULL, NULL, NULL, NULL, NULL, NULL),
(625, '2521a1b381af4b70b07d04f4d42dd2bd', NULL, NULL, NULL, NULL, NULL, NULL, NULL, NULL, NULL, NULL, NULL, NULL, NULL, NULL, NULL, '2015-08-13 06:40:35', NULL, NULL, NULL, NULL, NULL, NULL, NULL),
(626, '29553583f2594d9983571ae53646db8f', NULL, NULL, NULL, NULL, NULL, NULL, NULL, NULL, NULL, NULL, NULL, NULL, NULL, NULL, NULL, '2015-08-13 06:40:35', NULL, NULL, NULL, NULL, NULL, NULL, NULL),
(627, '977b136f98ba42a8b49aafc3894b0b2f', NULL, NULL, NULL, NULL, NULL, NULL, NULL, NULL, NULL, NULL, NULL, NULL, NULL, NULL, NULL, '2015-08-13 06:40:35', NULL, NULL, NULL, NULL, NULL, NULL, NULL),
(628, 'f59fd4afa03a4f7f850bc84ad15ef0b5', NULL, NULL, NULL, NULL, NULL, NULL, NULL, NULL, NULL, NULL, NULL, NULL, NULL, NULL, NULL, '2015-08-13 06:40:35', NULL, NULL, NULL, NULL, NULL, NULL, NULL),
(629, 'f0def427ce8c4bacb9c2458cd1f082c4', NULL, NULL, NULL, NULL, NULL, NULL, NULL, NULL, NULL, NULL, NULL, NULL, NULL, NULL, NULL, '2015-08-13 06:40:35', NULL, NULL, NULL, NULL, NULL, NULL, NULL),
(630, 'e3b36070e34e4f9798c018ce603534eb', NULL, NULL, NULL, NULL, NULL, NULL, NULL, NULL, NULL, NULL, NULL, NULL, NULL, NULL, NULL, '2015-08-13 06:40:35', NULL, NULL, NULL, NULL, NULL, NULL, NULL),
(631, 'c3648605560549659c2d1cf59a8a12c6', NULL, NULL, NULL, NULL, NULL, NULL, NULL, NULL, NULL, NULL, NULL, NULL, NULL, NULL, NULL, '2015-08-13 06:40:35', NULL, NULL, NULL, NULL, NULL, NULL, NULL),
(632, 'd1258c360b144ef8b068a77118f372ef', NULL, NULL, NULL, NULL, NULL, NULL, NULL, NULL, NULL, NULL, NULL, NULL, NULL, NULL, NULL, '2015-08-13 06:40:35', NULL, NULL, NULL, NULL, NULL, NULL, NULL),
(633, 'cc731b2db2d6474289b8bfa917778339', NULL, NULL, NULL, NULL, NULL, NULL, NULL, NULL, NULL, NULL, NULL, NULL, NULL, NULL, NULL, '2015-08-13 06:40:35', NULL, NULL, NULL, NULL, NULL, NULL, NULL),
(634, '1155c4dbd7134f65940e962e3af804b6', NULL, NULL, NULL, NULL, NULL, NULL, NULL, NULL, NULL, NULL, NULL, NULL, NULL, NULL, NULL, '2015-08-13 06:40:35', NULL, NULL, NULL, NULL, NULL, NULL, NULL),
(635, 'e8562e9bee764b78965b5a6be815a327', NULL, NULL, NULL, NULL, NULL, NULL, NULL, NULL, NULL, NULL, NULL, NULL, NULL, NULL, NULL, '2015-08-13 06:40:35', NULL, NULL, NULL, NULL, NULL, NULL, NULL),
(636, 'f8d8c78e755f493faf623ec8ae3017af', NULL, NULL, NULL, NULL, NULL, NULL, NULL, NULL, NULL, NULL, NULL, NULL, NULL, NULL, NULL, '2015-08-13 07:01:08', NULL, NULL, NULL, NULL, NULL, NULL, NULL),
(637, '1ebbd64dd03248a69c29f90b3cea5be7', NULL, NULL, NULL, NULL, NULL, NULL, NULL, NULL, NULL, NULL, NULL, NULL, NULL, NULL, NULL, '2015-08-13 07:01:08', NULL, NULL, NULL, NULL, NULL, NULL, NULL),
(638, 'f8c4fd9046be4658959163884326f21d', NULL, NULL, NULL, NULL, NULL, NULL, NULL, NULL, NULL, NULL, NULL, NULL, NULL, NULL, NULL, '2015-08-13 07:01:08', NULL, NULL, NULL, NULL, NULL, NULL, NULL),
(639, '6620e55917864befbee59fe4c992633d', NULL, NULL, NULL, NULL, NULL, NULL, NULL, NULL, NULL, NULL, NULL, NULL, NULL, NULL, NULL, '2015-08-13 07:01:08', NULL, NULL, NULL, NULL, NULL, NULL, NULL),
(640, '4c697c7b27444150a740ea236bee0d0d', NULL, NULL, NULL, NULL, NULL, NULL, NULL, NULL, NULL, NULL, NULL, NULL, NULL, NULL, NULL, '2015-08-13 07:01:08', NULL, NULL, NULL, NULL, NULL, NULL, NULL),
(641, 'd0d0c38ddae940078daa0091197c1323', NULL, NULL, NULL, NULL, NULL, NULL, NULL, NULL, NULL, NULL, NULL, NULL, NULL, NULL, NULL, '2015-08-13 07:01:08', NULL, NULL, NULL, NULL, NULL, NULL, NULL),
(642, 'f24a2396bf50454d80840d802bc6e58a', NULL, NULL, NULL, NULL, NULL, NULL, NULL, NULL, NULL, NULL, NULL, NULL, NULL, NULL, NULL, '2015-08-13 07:01:08', NULL, NULL, NULL, NULL, NULL, NULL, NULL),
(643, 'dfacdba816fb474cbfefdc8a98b7a875', NULL, NULL, NULL, NULL, NULL, NULL, NULL, NULL, NULL, NULL, NULL, NULL, NULL, NULL, NULL, '2015-08-13 07:01:08', NULL, NULL, NULL, NULL, NULL, NULL, NULL),
(644, '804a1974f84a4edd95a4d0fe2bae5d36', NULL, NULL, NULL, NULL, NULL, NULL, NULL, NULL, NULL, NULL, NULL, NULL, NULL, NULL, NULL, '2015-08-13 07:01:08', NULL, NULL, NULL, NULL, NULL, NULL, NULL),
(645, '5f2dce396fe84038a13745d881eb374f', NULL, NULL, NULL, NULL, NULL, NULL, NULL, NULL, NULL, NULL, NULL, NULL, NULL, NULL, NULL, '2015-08-13 07:01:08', NULL, NULL, NULL, NULL, NULL, NULL, NULL),
(646, 'f4974d35871a4768b9e4883bf597e332', NULL, NULL, NULL, NULL, NULL, NULL, NULL, NULL, NULL, NULL, NULL, NULL, NULL, NULL, NULL, '2015-08-13 07:01:08', NULL, NULL, NULL, NULL, NULL, NULL, NULL),
(647, '1495cee2b0574562b9d786c69185c76a', NULL, NULL, NULL, NULL, NULL, NULL, NULL, NULL, NULL, NULL, NULL, NULL, NULL, NULL, NULL, '2015-08-13 07:01:08', NULL, NULL, NULL, NULL, NULL, NULL, NULL),
(648, '778289f620a04e8fbb12023ece76fb06', NULL, NULL, NULL, NULL, NULL, NULL, NULL, NULL, NULL, NULL, NULL, NULL, NULL, NULL, NULL, '2015-08-13 07:01:08', NULL, NULL, NULL, NULL, NULL, NULL, NULL),
(649, '8452bf3f5b1849659f158ff07993e610', NULL, NULL, NULL, NULL, NULL, NULL, NULL, NULL, NULL, NULL, NULL, NULL, NULL, NULL, NULL, '2015-08-13 07:01:08', NULL, NULL, NULL, NULL, NULL, NULL, NULL),
(650, '708c55793cf44737bdb4d6e79067bdf6', NULL, NULL, NULL, NULL, NULL, NULL, NULL, NULL, NULL, NULL, NULL, NULL, NULL, NULL, NULL, '2015-08-13 07:01:08', NULL, NULL, NULL, NULL, NULL, NULL, NULL),
(651, 'f5fa9ecadfe1496a919e207ff35408b7', NULL, NULL, NULL, NULL, NULL, NULL, NULL, NULL, NULL, NULL, NULL, NULL, NULL, NULL, NULL, '2015-08-13 07:01:08', NULL, NULL, NULL, NULL, NULL, NULL, NULL),
(652, '290f92c56c354e34b082bfa8b2f880e6', NULL, NULL, NULL, NULL, NULL, NULL, NULL, NULL, NULL, NULL, NULL, NULL, NULL, NULL, NULL, '2015-08-13 07:01:08', NULL, NULL, NULL, NULL, NULL, NULL, NULL),
(653, '38bcb20c9c0d409498d0df66f761d434', NULL, NULL, NULL, NULL, NULL, NULL, NULL, NULL, NULL, NULL, NULL, NULL, NULL, NULL, NULL, '2015-08-13 07:01:08', NULL, NULL, NULL, NULL, NULL, NULL, NULL),
(654, '4a6572dacfd04a1cb7743f3b0c260802', NULL, NULL, NULL, NULL, NULL, NULL, NULL, NULL, NULL, NULL, NULL, NULL, NULL, NULL, NULL, '2015-08-13 07:01:08', NULL, NULL, NULL, NULL, NULL, NULL, NULL),
(655, '63bf2a02068c42028b474664d5297cac', NULL, NULL, NULL, NULL, NULL, NULL, NULL, NULL, NULL, NULL, NULL, NULL, NULL, NULL, NULL, '2015-08-13 07:01:08', NULL, NULL, NULL, NULL, NULL, NULL, NULL),
(656, '1c58e22c4231460f91ce86d32162bdcd', NULL, NULL, NULL, NULL, NULL, NULL, NULL, NULL, NULL, NULL, NULL, NULL, NULL, NULL, NULL, '2015-08-13 07:01:08', NULL, NULL, NULL, NULL, NULL, NULL, NULL),
(657, 'b8c7f2212779456397f8a2e3ecf30399', NULL, NULL, NULL, NULL, NULL, NULL, NULL, NULL, NULL, NULL, NULL, NULL, NULL, NULL, NULL, '2015-08-13 07:01:08', NULL, NULL, NULL, NULL, NULL, NULL, NULL),
(658, '42e26740504d4be291c8df8306ff3e62', NULL, NULL, NULL, NULL, NULL, NULL, NULL, NULL, NULL, NULL, NULL, NULL, NULL, NULL, NULL, '2015-08-13 07:01:08', NULL, NULL, NULL, NULL, NULL, NULL, NULL),
(659, '21cf02f3e8774c5f86bc31ec1d1ec5c2', NULL, NULL, NULL, NULL, NULL, NULL, NULL, NULL, NULL, NULL, NULL, NULL, NULL, NULL, NULL, '2015-08-13 07:01:08', NULL, NULL, NULL, NULL, NULL, NULL, NULL),
(660, 'e3079a993fab49038fbb6e86181cdcfb', NULL, NULL, NULL, NULL, NULL, NULL, NULL, NULL, NULL, NULL, NULL, NULL, NULL, NULL, NULL, '2015-08-13 07:01:08', NULL, NULL, NULL, NULL, NULL, NULL, NULL),
(661, 'fcfc0c27a762454c897180048ccc733c', NULL, NULL, NULL, NULL, NULL, NULL, NULL, NULL, NULL, NULL, NULL, NULL, NULL, NULL, NULL, '2015-08-13 07:01:08', NULL, NULL, NULL, NULL, NULL, NULL, NULL),
(662, '4394e65f03aa4ad1aef3451fd1edea8b', NULL, NULL, NULL, NULL, NULL, NULL, NULL, NULL, NULL, NULL, NULL, NULL, NULL, NULL, NULL, '2015-08-13 07:01:08', NULL, NULL, NULL, NULL, NULL, NULL, NULL),
(663, '2f950974ef1043bdac6db25ffc225e66', NULL, NULL, NULL, NULL, NULL, NULL, NULL, NULL, NULL, NULL, NULL, NULL, NULL, NULL, NULL, '2015-08-13 07:01:08', NULL, NULL, NULL, NULL, NULL, NULL, NULL),
(664, '9a2fa9b4f2df4c4a97010462a8e39aaf', NULL, NULL, NULL, NULL, NULL, NULL, NULL, NULL, NULL, NULL, NULL, NULL, NULL, NULL, NULL, '2015-08-13 07:01:08', NULL, NULL, NULL, NULL, NULL, NULL, NULL),
(665, '7c764d2e702c4b25b0082dd3090211ab', NULL, NULL, NULL, NULL, NULL, NULL, NULL, NULL, NULL, NULL, NULL, NULL, NULL, NULL, NULL, '2015-08-13 07:01:08', NULL, NULL, NULL, NULL, NULL, NULL, NULL),
(666, 'f78b7526dc824a10a0247a5f511ebbaf', NULL, NULL, NULL, NULL, NULL, NULL, NULL, NULL, NULL, NULL, NULL, NULL, NULL, NULL, NULL, '2015-08-13 07:01:08', NULL, NULL, NULL, NULL, NULL, NULL, NULL),
(667, '891c3151e7d6471d8f28def8ec67b38b', NULL, NULL, NULL, NULL, NULL, NULL, NULL, NULL, NULL, NULL, NULL, NULL, NULL, NULL, NULL, '2015-08-13 07:01:08', NULL, NULL, NULL, NULL, NULL, NULL, NULL),
(668, '3fc22c8024fa46149aa6f6c94f77ff5d', NULL, NULL, NULL, NULL, NULL, NULL, NULL, NULL, NULL, NULL, NULL, NULL, NULL, NULL, NULL, '2015-08-13 07:01:08', NULL, NULL, NULL, NULL, NULL, NULL, NULL),
(669, 'e3ec44b2017e46f4bfa811867bf24cbc', NULL, NULL, NULL, NULL, NULL, NULL, NULL, NULL, NULL, NULL, NULL, NULL, NULL, NULL, NULL, '2015-08-13 07:01:08', NULL, NULL, NULL, NULL, NULL, NULL, NULL),
(670, '22e60ca70ba04135b99b6aed2fd78544', NULL, NULL, NULL, NULL, NULL, NULL, NULL, NULL, NULL, NULL, NULL, NULL, NULL, NULL, NULL, '2015-08-13 07:01:08', NULL, NULL, NULL, NULL, NULL, NULL, NULL),
(671, '44f9f4383043475dba3bab11e08d03e5', NULL, NULL, NULL, NULL, NULL, NULL, NULL, NULL, NULL, NULL, NULL, NULL, NULL, NULL, NULL, '2015-08-13 07:01:08', NULL, NULL, NULL, NULL, NULL, NULL, NULL),
(672, 'df3e29efd4b44348a02b3343e7562863', NULL, NULL, NULL, NULL, NULL, NULL, NULL, NULL, NULL, NULL, NULL, NULL, NULL, NULL, NULL, '2015-08-13 07:01:08', NULL, NULL, NULL, NULL, NULL, NULL, NULL),
(673, 'ba2ee1f72fc744cca4af061bbf96bb62', NULL, NULL, NULL, NULL, NULL, NULL, NULL, NULL, NULL, NULL, NULL, NULL, NULL, NULL, NULL, '2015-08-13 07:01:08', NULL, NULL, NULL, NULL, NULL, NULL, NULL),
(674, '14986a9bed2c435abde99266290bf2bd', NULL, NULL, NULL, NULL, NULL, NULL, NULL, NULL, NULL, NULL, NULL, NULL, NULL, NULL, NULL, '2015-08-13 07:01:08', NULL, NULL, NULL, NULL, NULL, NULL, NULL),
(675, '91e304623fbc4f12b2c9ac7fd5bd8c8b', NULL, NULL, NULL, NULL, NULL, NULL, NULL, NULL, NULL, NULL, NULL, NULL, NULL, NULL, NULL, '2015-08-13 07:01:08', NULL, NULL, NULL, NULL, NULL, NULL, NULL),
(676, '40c4881598bb4e0a8d75ce5faefd79a5', NULL, NULL, NULL, NULL, NULL, NULL, NULL, NULL, NULL, NULL, NULL, NULL, NULL, NULL, NULL, '2015-08-13 07:01:08', NULL, NULL, NULL, NULL, NULL, NULL, NULL),
(677, 'bb475dba62e44d62b9b99947879375bf', NULL, NULL, NULL, NULL, NULL, NULL, NULL, NULL, NULL, NULL, NULL, NULL, NULL, NULL, NULL, '2015-08-13 07:01:08', NULL, NULL, NULL, NULL, NULL, NULL, NULL),
(678, 'bb9e4b6610ad4118bb54af7d143867cf', NULL, NULL, NULL, NULL, NULL, NULL, NULL, NULL, NULL, NULL, NULL, NULL, NULL, NULL, NULL, '2015-08-13 07:01:08', NULL, NULL, NULL, NULL, NULL, NULL, NULL),
(679, 'a7473322997d4fc3abf9949da0b184cb', NULL, NULL, NULL, NULL, NULL, NULL, NULL, NULL, NULL, NULL, NULL, NULL, NULL, NULL, NULL, '2015-08-13 07:01:08', NULL, NULL, NULL, NULL, NULL, NULL, NULL),
(680, 'adf12c3c1c3342ec82f2f242aca537aa', NULL, NULL, NULL, NULL, NULL, NULL, NULL, NULL, NULL, NULL, NULL, NULL, NULL, NULL, NULL, '2015-08-13 07:01:08', NULL, NULL, NULL, NULL, NULL, NULL, NULL),
(681, '5be978df689f4db9a5ff25f85cc76f5f', NULL, NULL, NULL, NULL, NULL, NULL, NULL, NULL, NULL, NULL, NULL, NULL, NULL, NULL, NULL, '2015-08-13 07:01:08', NULL, NULL, NULL, NULL, NULL, NULL, NULL),
(682, '821b767d6bc84a1bb1604e7c961b1752', NULL, NULL, NULL, NULL, NULL, NULL, NULL, NULL, NULL, NULL, NULL, NULL, NULL, NULL, NULL, '2015-08-13 07:01:08', NULL, NULL, NULL, NULL, NULL, NULL, NULL),
(683, '82de9f25d87b4e58bbbc449c09d5106f', NULL, NULL, NULL, NULL, NULL, NULL, NULL, NULL, NULL, NULL, NULL, NULL, NULL, NULL, NULL, '2015-08-13 07:01:08', NULL, NULL, NULL, NULL, NULL, NULL, NULL),
(684, '3b1b680818114bb0a20cabc708ac5732', NULL, NULL, NULL, NULL, NULL, NULL, NULL, NULL, NULL, NULL, NULL, NULL, NULL, NULL, NULL, '2015-08-13 07:01:08', NULL, NULL, NULL, NULL, NULL, NULL, NULL),
(685, '258547707fb04628a2174418bee09498', NULL, NULL, NULL, NULL, NULL, NULL, NULL, NULL, NULL, NULL, NULL, NULL, NULL, NULL, NULL, '2015-08-13 07:01:08', NULL, NULL, NULL, NULL, NULL, NULL, NULL),
(686, '1d7a2aceb2b8413a85b73334757f231a', NULL, NULL, NULL, NULL, NULL, NULL, NULL, NULL, NULL, NULL, NULL, NULL, NULL, NULL, NULL, '2015-08-13 07:01:08', NULL, NULL, NULL, NULL, NULL, NULL, NULL),
(687, '1576bf0a15714991a50703859126c374', NULL, NULL, NULL, NULL, NULL, NULL, NULL, NULL, NULL, NULL, NULL, NULL, NULL, NULL, NULL, '2015-08-13 07:01:08', NULL, NULL, NULL, NULL, NULL, NULL, NULL),
(688, '7c543bf331454718a5591c9734575211', NULL, NULL, NULL, NULL, NULL, NULL, NULL, NULL, NULL, NULL, NULL, NULL, NULL, NULL, NULL, '2015-08-13 07:01:08', NULL, NULL, NULL, NULL, NULL, NULL, NULL),
(689, '6b5619278fa54ce8a42ad3e0479eb427', NULL, NULL, NULL, NULL, NULL, NULL, NULL, NULL, NULL, NULL, NULL, NULL, NULL, NULL, NULL, '2015-08-13 07:01:08', NULL, NULL, NULL, NULL, NULL, NULL, NULL),
(690, '46085bb1d6894a0ab62047894e73e69d', NULL, NULL, NULL, NULL, NULL, NULL, NULL, NULL, NULL, NULL, NULL, NULL, NULL, NULL, NULL, '2015-08-13 07:01:08', NULL, NULL, NULL, NULL, NULL, NULL, NULL),
(691, '26631774756744dabefdeae5b34d4da4', NULL, NULL, NULL, NULL, NULL, NULL, NULL, NULL, NULL, NULL, NULL, NULL, NULL, NULL, NULL, '2015-08-13 07:01:08', NULL, NULL, NULL, NULL, NULL, NULL, NULL),
(692, '16c7eaea56e14a4ba532b3771139286b', NULL, NULL, NULL, NULL, NULL, NULL, NULL, NULL, NULL, NULL, NULL, NULL, NULL, NULL, NULL, '2015-08-13 07:01:08', NULL, NULL, NULL, NULL, NULL, NULL, NULL),
(693, 'ddfb1aa20c6a4c17a1b66e7b61bcad1f', NULL, NULL, NULL, NULL, NULL, NULL, NULL, NULL, NULL, NULL, NULL, NULL, NULL, NULL, NULL, '2015-08-13 07:01:08', NULL, NULL, NULL, NULL, NULL, NULL, NULL),
(694, '853224e1cbfc4a1f9e9816ffcbc32c10', NULL, NULL, NULL, NULL, NULL, NULL, NULL, NULL, NULL, NULL, NULL, NULL, NULL, NULL, NULL, '2015-08-13 07:01:08', NULL, NULL, NULL, NULL, NULL, NULL, NULL),
(695, '3d4fbe52fa184a4db0659c406238e066', NULL, NULL, NULL, NULL, NULL, NULL, NULL, NULL, NULL, NULL, NULL, NULL, NULL, NULL, NULL, '2015-08-13 07:01:08', NULL, NULL, NULL, NULL, NULL, NULL, NULL),
(696, '317f68048b3f4789a65fb704182e7986', NULL, NULL, NULL, NULL, NULL, NULL, NULL, NULL, NULL, NULL, NULL, NULL, NULL, NULL, NULL, '2015-08-13 07:01:08', NULL, NULL, NULL, NULL, NULL, NULL, NULL),
(697, '9fa05a6142474af4b7ba753c1970277c', NULL, NULL, NULL, NULL, NULL, NULL, NULL, NULL, NULL, NULL, NULL, NULL, NULL, NULL, NULL, '2015-08-13 07:01:08', NULL, NULL, NULL, NULL, NULL, NULL, NULL),
(698, '5140947627d54159b216639e48d0b476', NULL, NULL, NULL, NULL, NULL, NULL, NULL, NULL, NULL, NULL, NULL, NULL, NULL, NULL, NULL, '2015-08-13 07:01:08', NULL, NULL, NULL, NULL, NULL, NULL, NULL),
(699, '647059dc9ba94b00b4d89695f7eedf2b', NULL, NULL, NULL, NULL, NULL, NULL, NULL, NULL, NULL, NULL, NULL, NULL, NULL, NULL, NULL, '2015-08-13 07:01:08', NULL, NULL, NULL, NULL, NULL, NULL, NULL),
(700, '82ad31ffe16440f1bbee6b2f9def2f91', NULL, NULL, NULL, NULL, NULL, NULL, NULL, NULL, NULL, NULL, NULL, NULL, NULL, NULL, NULL, '2015-08-13 07:01:08', NULL, NULL, NULL, NULL, NULL, NULL, NULL),
(701, '9103e1c380954510adc30103038e92f3', NULL, NULL, NULL, NULL, NULL, NULL, NULL, NULL, NULL, NULL, NULL, NULL, NULL, NULL, NULL, '2015-08-13 07:01:08', NULL, NULL, NULL, NULL, NULL, NULL, NULL),
(702, '6615977997794cf89e6e61191d225d5c', NULL, NULL, NULL, NULL, NULL, NULL, NULL, NULL, NULL, NULL, NULL, NULL, NULL, NULL, NULL, '2015-08-13 07:01:08', NULL, NULL, NULL, NULL, NULL, NULL, NULL),
(703, 'e90192e63a8c48aeb548e655cdbfbea1', NULL, NULL, NULL, NULL, NULL, NULL, NULL, NULL, NULL, NULL, NULL, NULL, NULL, NULL, NULL, '2015-08-13 07:01:08', NULL, NULL, NULL, NULL, NULL, NULL, NULL),
(704, 'caf0b481d9d144928cfc568585c5c8d5', NULL, NULL, NULL, NULL, NULL, NULL, NULL, NULL, NULL, NULL, NULL, NULL, NULL, NULL, NULL, '2015-08-13 07:01:08', NULL, NULL, NULL, NULL, NULL, NULL, NULL),
(705, '2025babc7f954407a52e24ef603dc847', NULL, NULL, NULL, NULL, NULL, NULL, NULL, NULL, NULL, NULL, NULL, NULL, NULL, NULL, NULL, '2015-08-13 07:01:08', NULL, NULL, NULL, NULL, NULL, NULL, NULL),
(706, '105d4c44f08b47c588dd44dc6769e3d1', NULL, NULL, NULL, NULL, NULL, NULL, NULL, NULL, NULL, NULL, NULL, NULL, NULL, NULL, NULL, '2015-08-13 07:01:08', NULL, NULL, NULL, NULL, NULL, NULL, NULL),
(707, '2b8ea5a42c1a42faa217a76788659ce5', NULL, NULL, NULL, NULL, NULL, NULL, NULL, NULL, NULL, NULL, NULL, NULL, NULL, NULL, NULL, '2015-08-13 07:01:08', NULL, NULL, NULL, NULL, NULL, NULL, NULL),
(708, 'd8d1ce17bbc946a1a0cc320424e6c51a', NULL, NULL, NULL, NULL, NULL, NULL, NULL, NULL, NULL, NULL, NULL, NULL, NULL, NULL, NULL, '2015-08-13 07:01:08', NULL, NULL, NULL, NULL, NULL, NULL, NULL),
(709, '1e1c9d63300a4f04a0960310a50339f5', NULL, NULL, NULL, NULL, NULL, NULL, NULL, NULL, NULL, NULL, NULL, NULL, NULL, NULL, NULL, '2015-08-13 07:01:08', NULL, NULL, NULL, NULL, NULL, NULL, NULL),
(710, '057873e348c646b5957712ed2f2e253a', NULL, NULL, NULL, NULL, NULL, NULL, NULL, NULL, NULL, NULL, NULL, NULL, NULL, NULL, NULL, '2015-08-13 07:01:08', NULL, NULL, NULL, NULL, NULL, NULL, NULL),
(711, '6b3052c23df540db9fb4f0d4083b2fb6', NULL, NULL, NULL, NULL, NULL, NULL, NULL, NULL, NULL, NULL, NULL, NULL, NULL, NULL, NULL, '2015-08-13 07:01:08', NULL, NULL, NULL, NULL, NULL, NULL, NULL),
(712, 'd05c9275c8094205be08c4519488289e', NULL, NULL, NULL, NULL, NULL, NULL, NULL, NULL, NULL, NULL, NULL, NULL, NULL, NULL, NULL, '2015-08-13 07:01:08', NULL, NULL, NULL, NULL, NULL, NULL, NULL),
(713, 'b2f1824d606a40c88031c71a606ebe38', NULL, NULL, NULL, NULL, NULL, NULL, NULL, NULL, NULL, NULL, NULL, NULL, NULL, NULL, NULL, '2015-08-13 07:01:08', NULL, NULL, NULL, NULL, NULL, NULL, NULL),
(714, 'e4a0741d99ba4618bb9202b96183d2f6', NULL, NULL, NULL, NULL, NULL, NULL, NULL, NULL, NULL, NULL, NULL, NULL, NULL, NULL, NULL, '2015-08-13 07:01:08', NULL, NULL, NULL, NULL, NULL, NULL, NULL),
(715, '92e1eb9f998a4bc2af46c999fe45ecee', NULL, NULL, NULL, NULL, NULL, NULL, NULL, NULL, NULL, NULL, NULL, NULL, NULL, NULL, NULL, '2015-08-13 07:01:08', NULL, NULL, NULL, NULL, NULL, NULL, NULL),
(716, '10eec732da8f4f7b80af800531fa2d09', NULL, NULL, NULL, NULL, NULL, NULL, NULL, NULL, NULL, NULL, NULL, NULL, NULL, NULL, NULL, '2015-08-13 07:01:08', NULL, NULL, NULL, NULL, NULL, NULL, NULL),
(717, 'd10edd7f7c4e486685013bf3ac7838eb', NULL, NULL, NULL, NULL, NULL, NULL, NULL, NULL, NULL, NULL, NULL, NULL, NULL, NULL, NULL, '2015-08-13 07:01:08', NULL, NULL, NULL, NULL, NULL, NULL, NULL),
(718, '256a712b0ea549c69567477cc65373ca', NULL, NULL, NULL, NULL, NULL, NULL, NULL, NULL, NULL, NULL, NULL, NULL, NULL, NULL, NULL, '2015-08-13 07:01:08', NULL, NULL, NULL, NULL, NULL, NULL, NULL),
(719, '04563e4afe4f4aa196c338edb95106e2', NULL, NULL, NULL, NULL, NULL, NULL, NULL, NULL, NULL, NULL, NULL, NULL, NULL, NULL, NULL, '2015-08-13 07:01:08', NULL, NULL, NULL, NULL, NULL, NULL, NULL),
(720, '18f09a59169f42c1a214af44b83e2bab', NULL, NULL, NULL, NULL, NULL, NULL, NULL, NULL, NULL, NULL, NULL, NULL, NULL, NULL, NULL, '2015-08-13 07:01:08', NULL, NULL, NULL, NULL, NULL, NULL, NULL),
(721, 'beb3df7f27674c8ba4a814d4b8c265a9', NULL, NULL, NULL, NULL, NULL, NULL, NULL, NULL, NULL, NULL, NULL, NULL, NULL, NULL, NULL, '2015-08-13 07:01:08', NULL, NULL, NULL, NULL, NULL, NULL, NULL),
(722, '1192313f36ba4664a6aa1d451534b5bb', NULL, NULL, NULL, NULL, NULL, NULL, NULL, NULL, NULL, NULL, NULL, NULL, NULL, NULL, NULL, '2015-08-13 07:01:08', NULL, NULL, NULL, NULL, NULL, NULL, NULL),
(723, '613c79a942df482781bdb9ca13fe87da', NULL, NULL, NULL, NULL, NULL, NULL, NULL, NULL, NULL, NULL, NULL, NULL, NULL, NULL, NULL, '2015-08-13 07:01:08', NULL, NULL, NULL, NULL, NULL, NULL, NULL),
(724, 'cf51821992544c24b6c9d32c1bbc18ed', NULL, NULL, NULL, NULL, NULL, NULL, NULL, NULL, NULL, NULL, NULL, NULL, NULL, NULL, NULL, '2015-08-13 07:01:08', NULL, NULL, NULL, NULL, NULL, NULL, NULL),
(725, '281fcee8e68c45cc99c76a9f19e65d4b', NULL, NULL, NULL, NULL, NULL, NULL, NULL, NULL, NULL, NULL, NULL, NULL, NULL, NULL, NULL, '2015-08-13 07:01:08', NULL, NULL, NULL, NULL, NULL, NULL, NULL),
(726, '43d4b38720dc4aebbfccef3c3c2f79ea', NULL, NULL, NULL, NULL, NULL, NULL, NULL, NULL, NULL, NULL, NULL, NULL, NULL, NULL, NULL, '2015-08-13 07:01:08', NULL, NULL, NULL, NULL, NULL, NULL, NULL),
(727, '8a5b6a1997614cbf93a882eef1d66567', NULL, NULL, NULL, NULL, NULL, NULL, NULL, NULL, NULL, NULL, NULL, NULL, NULL, NULL, NULL, '2015-08-13 07:01:08', NULL, NULL, NULL, NULL, NULL, NULL, NULL),
(728, '219af362fee3442695f3620efb4ba98e', NULL, NULL, NULL, NULL, NULL, NULL, NULL, NULL, NULL, NULL, NULL, NULL, NULL, NULL, NULL, '2015-08-13 07:01:08', NULL, NULL, NULL, NULL, NULL, NULL, NULL),
(729, '0adec392cf9f4e48826525461ffa61a3', NULL, NULL, NULL, NULL, NULL, NULL, NULL, NULL, NULL, NULL, NULL, NULL, NULL, NULL, NULL, '2015-08-13 07:01:08', NULL, NULL, NULL, NULL, NULL, NULL, NULL),
(730, '0d9d2ef499fe4a25acafa11145befca0', NULL, NULL, NULL, NULL, NULL, NULL, NULL, NULL, NULL, NULL, NULL, NULL, NULL, NULL, NULL, '2015-08-13 07:01:08', NULL, NULL, NULL, NULL, NULL, NULL, NULL),
(731, 'c9ff7b86cf59413690788c70e1475d19', NULL, NULL, NULL, NULL, NULL, NULL, NULL, NULL, NULL, NULL, NULL, NULL, NULL, NULL, NULL, '2015-08-13 07:01:08', NULL, NULL, NULL, NULL, NULL, NULL, NULL),
(732, 'f9b3ca62e73046e2a0ab5888de7ebf32', NULL, NULL, NULL, NULL, NULL, NULL, NULL, NULL, NULL, NULL, NULL, NULL, NULL, NULL, NULL, '2015-08-13 07:01:08', NULL, NULL, NULL, NULL, NULL, NULL, NULL),
(733, 'd17e50125b38455fa23c0cf81bd6747b', NULL, NULL, NULL, NULL, NULL, NULL, NULL, NULL, NULL, NULL, NULL, NULL, NULL, NULL, NULL, '2015-08-13 07:01:08', NULL, NULL, NULL, NULL, NULL, NULL, NULL),
(734, '9fa7197d75b04e009707ecdf325be804', NULL, NULL, NULL, NULL, NULL, NULL, NULL, NULL, NULL, NULL, NULL, NULL, NULL, NULL, NULL, '2015-08-13 07:01:08', NULL, NULL, NULL, NULL, NULL, NULL, NULL),
(735, 'e4568ff02f3d476da26a184d178c3832', NULL, NULL, NULL, NULL, NULL, NULL, NULL, NULL, NULL, NULL, NULL, NULL, NULL, NULL, NULL, '2015-08-13 07:01:08', NULL, NULL, NULL, NULL, NULL, NULL, NULL),
(736, 'ba78bd518d34455ab686fda4d775c879', NULL, NULL, NULL, NULL, NULL, NULL, NULL, NULL, NULL, NULL, NULL, NULL, NULL, NULL, NULL, '2015-08-13 07:01:08', NULL, NULL, NULL, NULL, NULL, NULL, NULL),
(737, '5a25b67c2c4b4d258bdf5e8c06fe0c9e', NULL, NULL, NULL, NULL, NULL, NULL, NULL, NULL, NULL, NULL, NULL, NULL, NULL, NULL, NULL, '2015-08-13 07:01:08', NULL, NULL, NULL, NULL, NULL, NULL, NULL),
(738, 'c0c2455ed469446693f233174c8cb8af', NULL, NULL, NULL, NULL, NULL, NULL, NULL, NULL, NULL, NULL, NULL, NULL, NULL, NULL, NULL, '2015-08-13 07:01:08', NULL, NULL, NULL, NULL, NULL, NULL, NULL),
(739, '508d367d662a46eb8992d313d6b0d242', NULL, NULL, NULL, NULL, NULL, NULL, NULL, NULL, NULL, NULL, NULL, NULL, NULL, NULL, NULL, '2015-08-13 07:01:08', NULL, NULL, NULL, NULL, NULL, NULL, NULL),
(740, '998aa420a6ac4279a5c00a59f80db8e2', NULL, NULL, NULL, NULL, NULL, NULL, NULL, NULL, NULL, NULL, NULL, NULL, NULL, NULL, NULL, '2015-08-13 07:01:08', NULL, NULL, NULL, NULL, NULL, NULL, NULL),
(741, '18e460b88e3d4db5b3b87e45614f5677', NULL, NULL, NULL, NULL, NULL, NULL, NULL, NULL, NULL, NULL, NULL, NULL, NULL, NULL, NULL, '2015-08-13 07:01:08', NULL, NULL, NULL, NULL, NULL, NULL, NULL),
(742, '1ffa16b6bb344bae86a559eaf147d6a3', NULL, NULL, NULL, NULL, NULL, NULL, NULL, NULL, NULL, NULL, NULL, NULL, NULL, NULL, NULL, '2015-08-13 07:01:08', NULL, NULL, NULL, NULL, NULL, NULL, NULL),
(743, 'f063f789f0aa48eaa98069f910746767', NULL, NULL, NULL, NULL, NULL, NULL, NULL, NULL, NULL, NULL, NULL, NULL, NULL, NULL, NULL, '2015-08-13 07:01:08', NULL, NULL, NULL, NULL, NULL, NULL, NULL),
(744, '2f3eb1c63ebb4b48b33a35788596f955', NULL, NULL, NULL, NULL, NULL, NULL, NULL, NULL, NULL, NULL, NULL, NULL, NULL, NULL, NULL, '2015-08-13 07:01:08', NULL, NULL, NULL, NULL, NULL, NULL, NULL),
(745, '2a5af5d49ac64991909069655ae18580', NULL, NULL, NULL, NULL, NULL, NULL, NULL, NULL, NULL, NULL, NULL, NULL, NULL, NULL, NULL, '2015-08-13 07:01:08', NULL, NULL, NULL, NULL, NULL, NULL, NULL),
(746, 'e2dd8884ea0b45a5b533b1999036ce2b', NULL, NULL, NULL, NULL, NULL, NULL, NULL, NULL, NULL, NULL, NULL, NULL, NULL, NULL, NULL, '2015-08-13 07:01:08', NULL, NULL, NULL, NULL, NULL, NULL, NULL),
(747, '146112d9e3144b1b9ac6aaa725838feb', NULL, NULL, NULL, NULL, NULL, NULL, NULL, NULL, NULL, NULL, NULL, NULL, NULL, NULL, NULL, '2015-08-13 07:01:08', NULL, NULL, NULL, NULL, NULL, NULL, NULL),
(748, 'e646506b96e54ca58b1a89e7d314b1d8', NULL, NULL, NULL, NULL, NULL, NULL, NULL, NULL, NULL, NULL, NULL, NULL, NULL, NULL, NULL, '2015-08-13 07:01:08', NULL, NULL, NULL, NULL, NULL, NULL, NULL),
(749, '2d8eae7fc8fa402399b4f622c51d7d1a', NULL, NULL, NULL, NULL, NULL, NULL, NULL, NULL, NULL, NULL, NULL, NULL, NULL, NULL, NULL, '2015-08-13 07:01:08', NULL, NULL, NULL, NULL, NULL, NULL, NULL),
(750, 'e03bf5907f734d50a4dbb941024ecfe9', NULL, NULL, NULL, NULL, NULL, NULL, NULL, NULL, NULL, NULL, NULL, NULL, NULL, NULL, NULL, '2015-08-13 07:01:08', NULL, NULL, NULL, NULL, NULL, NULL, NULL),
(751, '5cb0ce0677fd4ba3964b7718c2d3b529', NULL, NULL, NULL, NULL, NULL, NULL, NULL, NULL, NULL, NULL, NULL, NULL, NULL, NULL, NULL, '2015-08-13 07:01:08', NULL, NULL, NULL, NULL, NULL, NULL, NULL),
(752, 'be5f63d0ba3a427dae7f85086368193d', NULL, NULL, NULL, NULL, NULL, NULL, NULL, NULL, NULL, NULL, NULL, NULL, NULL, NULL, NULL, '2015-08-13 07:01:08', NULL, NULL, NULL, NULL, NULL, NULL, NULL),
(753, '37f9aec809da40c1b6981e3f8ae2fa9e', NULL, NULL, NULL, NULL, NULL, NULL, NULL, NULL, NULL, NULL, NULL, NULL, NULL, NULL, NULL, '2015-08-13 07:01:08', NULL, NULL, NULL, NULL, NULL, NULL, NULL),
(754, '6c3c7c2e105145a2a015892fe7ad865c', NULL, NULL, NULL, NULL, NULL, NULL, NULL, NULL, NULL, NULL, NULL, NULL, NULL, NULL, NULL, '2015-08-13 07:01:08', NULL, NULL, NULL, NULL, NULL, NULL, NULL);
INSERT INTO `User` (`id`, `api_key`, `username`, `first_name`, `last_name`, `password`, `email`, `fb_id`, `twitter_id`, `address`, `avatar`, `phone`, `balances`, `fb_token`, `twitter_token`, `push_id`, `postal_code`, `create_date`, `gender`, `birthday`, `profession`, `twitter_secret`, `is_active`, `first_use`, `city`) VALUES
(755, '4eb6b093b5104d72a59460d8ba0a5994', NULL, NULL, NULL, NULL, NULL, NULL, NULL, NULL, NULL, NULL, NULL, NULL, NULL, NULL, NULL, '2015-08-13 07:01:08', NULL, NULL, NULL, NULL, NULL, NULL, NULL),
(756, 'cbb1702f1ec74131a188524d3aedd955', NULL, NULL, NULL, NULL, NULL, NULL, NULL, NULL, NULL, NULL, NULL, NULL, NULL, NULL, NULL, '2015-08-13 07:01:08', NULL, NULL, NULL, NULL, NULL, NULL, NULL),
(757, '6cffded9aae64d6ebb483f0d634dc96c', NULL, NULL, NULL, NULL, NULL, NULL, NULL, NULL, NULL, NULL, NULL, NULL, NULL, NULL, NULL, '2015-08-13 07:01:08', NULL, NULL, NULL, NULL, NULL, NULL, NULL),
(758, '26f2a2fe029b459492392305c2578c1f', NULL, NULL, NULL, NULL, NULL, NULL, NULL, NULL, NULL, NULL, NULL, NULL, NULL, NULL, NULL, '2015-08-13 07:01:08', NULL, NULL, NULL, NULL, NULL, NULL, NULL),
(759, '88448392e0bf4602bddd99c1be8b2862', NULL, NULL, NULL, NULL, NULL, NULL, NULL, NULL, NULL, NULL, NULL, NULL, NULL, NULL, NULL, '2015-08-13 07:01:08', NULL, NULL, NULL, NULL, NULL, NULL, NULL),
(760, 'edcb52be1b514c65a1f51ada4d97417d', NULL, NULL, NULL, NULL, NULL, NULL, NULL, NULL, NULL, NULL, NULL, NULL, NULL, NULL, NULL, '2015-08-13 07:01:08', NULL, NULL, NULL, NULL, NULL, NULL, NULL),
(761, 'c339f927bd8040e0a9fac01fde7f4cbb', NULL, NULL, NULL, NULL, NULL, NULL, NULL, NULL, NULL, NULL, NULL, NULL, NULL, NULL, NULL, '2015-08-13 07:01:08', NULL, NULL, NULL, NULL, NULL, NULL, NULL),
(762, 'f603231aa7494fc7a6e86cea85136bda', NULL, NULL, NULL, NULL, NULL, NULL, NULL, NULL, NULL, NULL, NULL, NULL, NULL, NULL, NULL, '2015-08-13 07:01:08', NULL, NULL, NULL, NULL, NULL, NULL, NULL),
(763, '3ddf48cd53ce4f92b11419e0b66b40b4', NULL, NULL, NULL, NULL, NULL, NULL, NULL, NULL, NULL, NULL, NULL, NULL, NULL, NULL, NULL, '2015-08-13 07:01:08', NULL, NULL, NULL, NULL, NULL, NULL, NULL),
(764, '6e130f3f6b224df7823220e51070c5e3', NULL, NULL, NULL, NULL, NULL, NULL, NULL, NULL, NULL, NULL, NULL, NULL, NULL, NULL, NULL, '2015-08-13 07:01:08', NULL, NULL, NULL, NULL, NULL, NULL, NULL),
(765, 'e9ceb276abf545ffbf1a19c5318331ae', NULL, NULL, NULL, NULL, NULL, NULL, NULL, NULL, NULL, NULL, NULL, NULL, NULL, NULL, NULL, '2015-08-13 07:01:08', NULL, NULL, NULL, NULL, NULL, NULL, NULL),
(766, '78d5f96c883f4d64982f73c7458fb1b5', NULL, NULL, NULL, NULL, NULL, NULL, NULL, NULL, NULL, NULL, NULL, NULL, NULL, NULL, NULL, '2015-08-13 07:01:08', NULL, NULL, NULL, NULL, NULL, NULL, NULL),
(767, 'f20d38a724714378b2b6c071189fd94b', NULL, NULL, NULL, NULL, NULL, NULL, NULL, NULL, NULL, NULL, NULL, NULL, NULL, NULL, NULL, '2015-08-13 07:01:08', NULL, NULL, NULL, NULL, NULL, NULL, NULL),
(768, 'ffa2bf52bdd741c8833eb6bb8455d162', NULL, NULL, NULL, NULL, NULL, NULL, NULL, NULL, NULL, NULL, NULL, NULL, NULL, NULL, NULL, '2015-08-13 07:01:08', NULL, NULL, NULL, NULL, NULL, NULL, NULL),
(769, 'e2c80c8e22fb44a29163cd714d8cd1ae', NULL, NULL, NULL, NULL, NULL, NULL, NULL, NULL, NULL, NULL, NULL, NULL, NULL, NULL, NULL, '2015-08-13 07:01:08', NULL, NULL, NULL, NULL, NULL, NULL, NULL),
(770, '35c6dbdaef9b458f944813bbb46a5ec5', NULL, NULL, NULL, NULL, NULL, NULL, NULL, NULL, NULL, NULL, NULL, NULL, NULL, NULL, NULL, '2015-08-13 07:01:08', NULL, NULL, NULL, NULL, NULL, NULL, NULL),
(771, '16d8deaea420424fad029cfa8d5b5149', NULL, NULL, NULL, NULL, NULL, NULL, NULL, NULL, NULL, NULL, NULL, NULL, NULL, NULL, NULL, '2015-08-13 07:01:08', NULL, NULL, NULL, NULL, NULL, NULL, NULL),
(772, '88913e6590a2410690c24468a2044c71', NULL, NULL, NULL, NULL, NULL, NULL, NULL, NULL, NULL, NULL, NULL, NULL, NULL, NULL, NULL, '2015-08-13 07:01:08', NULL, NULL, NULL, NULL, NULL, NULL, NULL),
(773, '09bc93f3284d49538859012bdf9a0f2d', NULL, NULL, NULL, NULL, NULL, NULL, NULL, NULL, NULL, NULL, NULL, NULL, NULL, NULL, NULL, '2015-08-13 07:01:08', NULL, NULL, NULL, NULL, NULL, NULL, NULL),
(774, 'aa947137f3dd450b854530be67def3ca', NULL, NULL, NULL, NULL, NULL, NULL, NULL, NULL, NULL, NULL, NULL, NULL, NULL, NULL, NULL, '2015-08-13 07:01:08', NULL, NULL, NULL, NULL, NULL, NULL, NULL),
(775, '0902c434101a4141b641878aa213b598', NULL, NULL, NULL, NULL, NULL, NULL, NULL, NULL, NULL, NULL, NULL, NULL, NULL, NULL, NULL, '2015-08-13 07:01:08', NULL, NULL, NULL, NULL, NULL, NULL, NULL),
(776, 'd9b4fb6c44014acd884597e1442780b4', NULL, NULL, NULL, NULL, NULL, NULL, NULL, NULL, NULL, NULL, NULL, NULL, NULL, NULL, NULL, '2015-08-13 07:01:08', NULL, NULL, NULL, NULL, NULL, NULL, NULL),
(777, 'ad4ffe0f486a4755af355a69367e6184', NULL, NULL, NULL, NULL, NULL, NULL, NULL, NULL, NULL, NULL, NULL, NULL, NULL, NULL, NULL, '2015-08-13 07:01:08', NULL, NULL, NULL, NULL, NULL, NULL, NULL),
(778, '360a6f5b9dfb45a7b830777e4fe665fb', NULL, NULL, NULL, NULL, NULL, NULL, NULL, NULL, NULL, NULL, NULL, NULL, NULL, NULL, NULL, '2015-08-13 07:01:08', NULL, NULL, NULL, NULL, NULL, NULL, NULL),
(779, 'caea879508ca4361af153974fe920dbe', NULL, NULL, NULL, NULL, NULL, NULL, NULL, NULL, NULL, NULL, NULL, NULL, NULL, NULL, NULL, '2015-08-13 07:01:08', NULL, NULL, NULL, NULL, NULL, NULL, NULL),
(780, '7042bfb8d13f407ebd3cd68cc5762a62', NULL, NULL, NULL, NULL, NULL, NULL, NULL, NULL, NULL, NULL, NULL, NULL, NULL, NULL, NULL, '2015-08-13 07:01:08', NULL, NULL, NULL, NULL, NULL, NULL, NULL),
(781, 'bf1dd06ce10948e4897ec4954676e4b5', NULL, NULL, NULL, NULL, NULL, NULL, NULL, NULL, NULL, NULL, NULL, NULL, NULL, NULL, NULL, '2015-08-14 02:57:31', NULL, NULL, NULL, NULL, NULL, NULL, NULL),
(782, '9d4a28ecdf504763a4174a00155d16d1', NULL, NULL, NULL, NULL, NULL, NULL, NULL, NULL, NULL, NULL, NULL, NULL, NULL, NULL, NULL, '2015-08-14 02:57:31', NULL, NULL, NULL, NULL, NULL, NULL, NULL),
(783, 'b942d5efa4bd49d69458492fa4131974', NULL, NULL, NULL, NULL, NULL, NULL, NULL, NULL, NULL, NULL, NULL, NULL, NULL, NULL, NULL, '2015-08-14 02:57:31', NULL, NULL, NULL, NULL, NULL, NULL, NULL),
(784, 'a008cf11717c4405b8f97f8ab424844d', NULL, NULL, NULL, NULL, NULL, NULL, NULL, NULL, NULL, NULL, NULL, NULL, NULL, NULL, NULL, '2015-08-14 02:57:31', NULL, NULL, NULL, NULL, NULL, NULL, NULL),
(785, '54f20ef624d849d7bd1bcbcb27b48026', NULL, NULL, NULL, NULL, NULL, NULL, NULL, NULL, NULL, NULL, NULL, NULL, NULL, NULL, NULL, '2015-08-14 02:57:31', NULL, NULL, NULL, NULL, NULL, NULL, NULL),
(786, 'e0605de1b5b44692bac96c00ddbbfbe2', NULL, NULL, NULL, NULL, NULL, NULL, NULL, NULL, NULL, NULL, NULL, NULL, NULL, NULL, NULL, '2015-08-14 02:57:31', NULL, NULL, NULL, NULL, NULL, NULL, NULL),
(787, 'cd4cd4c6c4be4bf2a04c7aeaeeba8133', NULL, NULL, NULL, NULL, NULL, NULL, NULL, NULL, NULL, NULL, NULL, NULL, NULL, NULL, NULL, '2015-08-14 02:57:31', NULL, NULL, NULL, NULL, NULL, NULL, NULL),
(788, 'e742b15558b1486fbd069032a5eb930a', NULL, NULL, NULL, NULL, NULL, NULL, NULL, NULL, NULL, NULL, NULL, NULL, NULL, NULL, NULL, '2015-08-14 02:57:31', NULL, NULL, NULL, NULL, NULL, NULL, NULL),
(789, 'd8221a77cd0c4c67b34d12d48e2db400', NULL, NULL, NULL, NULL, NULL, NULL, NULL, NULL, NULL, NULL, NULL, NULL, NULL, NULL, NULL, '2015-08-14 02:57:31', NULL, NULL, NULL, NULL, NULL, NULL, NULL),
(790, '1d44a36507a744059355505e4005b0ec', NULL, NULL, NULL, NULL, NULL, NULL, NULL, NULL, NULL, NULL, NULL, NULL, NULL, NULL, NULL, '2015-08-14 02:57:31', NULL, NULL, NULL, NULL, NULL, NULL, NULL),
(791, '49c1669ccda8449e8cb71551196caea8', NULL, NULL, NULL, NULL, NULL, NULL, NULL, NULL, NULL, NULL, NULL, NULL, NULL, NULL, NULL, '2015-08-14 02:57:31', NULL, NULL, NULL, NULL, NULL, NULL, NULL),
(792, 'fefff219882d454e9722eba8f60822a9', NULL, NULL, NULL, NULL, NULL, NULL, NULL, NULL, NULL, NULL, NULL, NULL, NULL, NULL, NULL, '2015-08-14 02:57:31', NULL, NULL, NULL, NULL, NULL, NULL, NULL),
(793, 'f79973569d7a4fdfbe96fbb221e9c36d', NULL, NULL, NULL, NULL, NULL, NULL, NULL, NULL, NULL, NULL, NULL, NULL, NULL, NULL, NULL, '2015-08-14 02:57:31', NULL, NULL, NULL, NULL, NULL, NULL, NULL),
(794, '172da199f7d542ff8a5942947b9c67fc', NULL, NULL, NULL, NULL, NULL, NULL, NULL, NULL, NULL, NULL, NULL, NULL, NULL, NULL, NULL, '2015-08-14 02:57:31', NULL, NULL, NULL, NULL, NULL, NULL, NULL),
(795, '2f6e9798805944449245f1850a7698c7', NULL, NULL, NULL, NULL, NULL, NULL, NULL, NULL, NULL, NULL, NULL, NULL, NULL, NULL, NULL, '2015-08-14 02:57:31', NULL, NULL, NULL, NULL, NULL, NULL, NULL),
(796, '123efa5abf6b49b09d1b14913c513cea', NULL, NULL, NULL, NULL, NULL, NULL, NULL, NULL, NULL, NULL, NULL, NULL, NULL, NULL, NULL, '2015-08-14 02:57:31', NULL, NULL, NULL, NULL, NULL, NULL, NULL),
(797, 'be2a77cb4a1d49599e6bd83a80769e62', NULL, NULL, NULL, NULL, NULL, NULL, NULL, NULL, NULL, NULL, NULL, NULL, NULL, NULL, NULL, '2015-08-14 02:57:31', NULL, NULL, NULL, NULL, NULL, NULL, NULL),
(798, '857600287b074e0fa35e3c9af33a58f7', NULL, NULL, NULL, NULL, NULL, NULL, NULL, NULL, NULL, NULL, NULL, NULL, NULL, NULL, NULL, '2015-08-14 02:57:31', NULL, NULL, NULL, NULL, NULL, NULL, NULL),
(799, '912cb6a857494fea88c249b9f0551338', NULL, NULL, NULL, NULL, NULL, NULL, NULL, NULL, NULL, NULL, NULL, NULL, NULL, NULL, NULL, '2015-08-14 02:57:31', NULL, NULL, NULL, NULL, NULL, NULL, NULL),
(800, '19eb9490dcd7423c9c714277339cbef0', NULL, NULL, NULL, NULL, NULL, NULL, NULL, NULL, NULL, NULL, NULL, NULL, NULL, NULL, NULL, '2015-08-14 02:57:31', NULL, NULL, NULL, NULL, NULL, NULL, NULL),
(801, '155c2a7234194f4c917fb3d6a2a2a95e', NULL, NULL, NULL, NULL, NULL, NULL, NULL, NULL, NULL, NULL, NULL, NULL, NULL, NULL, NULL, '2015-08-14 03:09:42', NULL, NULL, NULL, NULL, NULL, NULL, NULL),
(802, '5f0b66a9a04144bd86972de8eb666a12', NULL, NULL, NULL, NULL, NULL, NULL, NULL, NULL, NULL, NULL, NULL, NULL, NULL, NULL, NULL, '2015-08-14 03:09:42', NULL, NULL, NULL, NULL, NULL, NULL, NULL),
(803, 'efe7825d0e57495bbd1454f2b4426628', NULL, NULL, NULL, NULL, NULL, NULL, NULL, NULL, NULL, NULL, NULL, NULL, NULL, NULL, NULL, '2015-08-14 03:09:42', NULL, NULL, NULL, NULL, NULL, NULL, NULL),
(804, 'd767ae7c3d4d4a11a4b87667b365cd8b', NULL, NULL, NULL, NULL, NULL, NULL, NULL, NULL, NULL, NULL, NULL, NULL, NULL, NULL, NULL, '2015-08-14 03:09:42', NULL, NULL, NULL, NULL, NULL, NULL, NULL),
(805, '40071aebafae43468dd519f070cc3730', NULL, NULL, NULL, NULL, NULL, NULL, NULL, NULL, NULL, NULL, NULL, NULL, NULL, NULL, NULL, '2015-08-14 03:09:42', NULL, NULL, NULL, NULL, NULL, NULL, NULL),
(806, '4a1698b06e714468a3869aa2a6512a6c', NULL, NULL, NULL, NULL, NULL, NULL, NULL, NULL, NULL, NULL, NULL, NULL, NULL, NULL, NULL, '2015-08-14 03:09:42', NULL, NULL, NULL, NULL, NULL, NULL, NULL),
(807, '9d9480395f314b70a5e9e888c781d733', NULL, NULL, NULL, NULL, NULL, NULL, NULL, NULL, NULL, NULL, NULL, NULL, NULL, NULL, NULL, '2015-08-14 03:09:42', NULL, NULL, NULL, NULL, NULL, NULL, NULL),
(808, 'd1d37f32051f437397c8fbaee0d652bb', NULL, NULL, NULL, NULL, NULL, NULL, NULL, NULL, NULL, NULL, NULL, NULL, NULL, NULL, NULL, '2015-08-14 03:09:42', NULL, NULL, NULL, NULL, NULL, NULL, NULL),
(809, '41040080dc324182970a9fbf189a86d9', NULL, NULL, NULL, NULL, NULL, NULL, NULL, NULL, NULL, NULL, NULL, NULL, NULL, NULL, NULL, '2015-08-14 03:09:42', NULL, NULL, NULL, NULL, NULL, NULL, NULL),
(810, 'eb3356691f5b4c5aaf4e38803df258ed', NULL, NULL, NULL, NULL, NULL, NULL, NULL, NULL, NULL, NULL, NULL, NULL, NULL, NULL, NULL, '2015-08-14 03:09:42', NULL, NULL, NULL, NULL, NULL, NULL, NULL),
(811, '5fa7d1dad39b49899a55a3d44fb958e1', NULL, NULL, NULL, NULL, NULL, NULL, NULL, NULL, NULL, NULL, NULL, NULL, NULL, NULL, NULL, '2015-08-14 03:09:42', NULL, NULL, NULL, NULL, NULL, NULL, NULL),
(812, '48ab6dfdd9bd4df7a679fa4fc3a5fa2b', NULL, NULL, NULL, NULL, NULL, NULL, NULL, NULL, NULL, NULL, NULL, NULL, NULL, NULL, NULL, '2015-08-14 03:09:42', NULL, NULL, NULL, NULL, NULL, NULL, NULL),
(813, 'ed1909497c294b5ba4b66397907ae357', NULL, NULL, NULL, NULL, NULL, NULL, NULL, NULL, NULL, NULL, NULL, NULL, NULL, NULL, NULL, '2015-08-14 03:09:42', NULL, NULL, NULL, NULL, NULL, NULL, NULL),
(814, 'df79e57284e74d46afd1616656c5206b', NULL, NULL, NULL, NULL, NULL, NULL, NULL, NULL, NULL, NULL, NULL, NULL, NULL, NULL, NULL, '2015-08-14 03:09:42', NULL, NULL, NULL, NULL, NULL, NULL, NULL),
(815, 'd73fa030a75d4a538b81217ea635c4b6', NULL, NULL, NULL, NULL, NULL, NULL, NULL, NULL, NULL, NULL, NULL, NULL, NULL, NULL, NULL, '2015-08-14 03:09:42', NULL, NULL, NULL, NULL, NULL, NULL, NULL),
(816, '9d440fe4d7c64b3d9c6cee0f72a33c3a', NULL, NULL, NULL, NULL, NULL, NULL, NULL, NULL, NULL, NULL, NULL, NULL, NULL, NULL, NULL, '2015-08-14 03:09:42', NULL, NULL, NULL, NULL, NULL, NULL, NULL),
(817, 'f0122cddaa1f462b8a621da0269c3da8', NULL, NULL, NULL, NULL, NULL, NULL, NULL, NULL, NULL, NULL, NULL, NULL, NULL, NULL, NULL, '2015-08-14 03:09:42', NULL, NULL, NULL, NULL, NULL, NULL, NULL),
(818, 'e936978932d54b2cbc3545dfd3b404e0', NULL, NULL, NULL, NULL, NULL, NULL, NULL, NULL, NULL, NULL, NULL, NULL, NULL, NULL, NULL, '2015-08-14 03:09:42', NULL, NULL, NULL, NULL, NULL, NULL, NULL),
(819, '24049a353c584625a971b6a68531fc52', NULL, NULL, NULL, NULL, NULL, NULL, NULL, NULL, NULL, NULL, NULL, NULL, NULL, NULL, NULL, '2015-08-14 03:09:42', NULL, NULL, NULL, NULL, NULL, NULL, NULL),
(820, '116712fb311644e3bd8ac52ac2aeff6a', NULL, NULL, NULL, NULL, NULL, NULL, NULL, NULL, NULL, NULL, NULL, NULL, NULL, NULL, NULL, '2015-08-14 03:09:42', NULL, NULL, NULL, NULL, NULL, NULL, NULL),
(821, 'df8a22ac823b4de89f31be8b33583e16', NULL, NULL, NULL, NULL, NULL, NULL, NULL, NULL, NULL, NULL, NULL, NULL, NULL, NULL, NULL, '2015-08-14 03:09:42', NULL, NULL, NULL, NULL, NULL, NULL, NULL),
(822, 'a9e8ebba803447e59942db98e0d7fc69', NULL, NULL, NULL, NULL, NULL, NULL, NULL, NULL, NULL, NULL, NULL, NULL, NULL, NULL, NULL, '2015-08-14 03:09:42', NULL, NULL, NULL, NULL, NULL, NULL, NULL),
(823, 'b5944b2f4d274872a2e1d2bbfa3ae577', NULL, NULL, NULL, NULL, NULL, NULL, NULL, NULL, NULL, NULL, NULL, NULL, NULL, NULL, NULL, '2015-08-14 03:09:42', NULL, NULL, NULL, NULL, NULL, NULL, NULL),
(824, 'f82edb7a17224cd6b3004076536f28a3', NULL, NULL, NULL, NULL, NULL, NULL, NULL, NULL, NULL, NULL, NULL, NULL, NULL, NULL, NULL, '2015-08-14 03:09:42', NULL, NULL, NULL, NULL, NULL, NULL, NULL),
(825, 'ff20ffc9c9d64236aa5fc03049d49124', NULL, NULL, NULL, NULL, NULL, NULL, NULL, NULL, NULL, NULL, NULL, NULL, NULL, NULL, NULL, '2015-08-14 03:09:42', NULL, NULL, NULL, NULL, NULL, NULL, NULL),
(826, 'adf7838fe5ee4532971a80d25dc17c8c', NULL, NULL, NULL, NULL, NULL, NULL, NULL, NULL, NULL, NULL, NULL, NULL, NULL, NULL, NULL, '2015-08-14 03:09:42', NULL, NULL, NULL, NULL, NULL, NULL, NULL),
(827, '6de523d9b88943cfac638b9259bd83dd', NULL, NULL, NULL, NULL, NULL, NULL, NULL, NULL, NULL, NULL, NULL, NULL, NULL, NULL, NULL, '2015-08-14 03:09:42', NULL, NULL, NULL, NULL, NULL, NULL, NULL),
(828, 'e81413f1db4048e9b3f2a72cc95576ed', NULL, NULL, NULL, NULL, NULL, NULL, NULL, NULL, NULL, NULL, NULL, NULL, NULL, NULL, NULL, '2015-08-14 03:09:42', NULL, NULL, NULL, NULL, NULL, NULL, NULL),
(829, 'b7e676b0fb734837a949f53dc7c17282', NULL, NULL, NULL, NULL, NULL, NULL, NULL, NULL, NULL, NULL, NULL, NULL, NULL, NULL, NULL, '2015-08-14 03:09:42', NULL, NULL, NULL, NULL, NULL, NULL, NULL),
(830, 'de3c303c083046688ee766e13f349117', NULL, NULL, NULL, NULL, NULL, NULL, NULL, NULL, NULL, NULL, NULL, NULL, NULL, NULL, NULL, '2015-08-14 03:09:42', NULL, NULL, NULL, NULL, NULL, NULL, NULL),
(831, '1734391ae0ae4feb9c714e6916cf2f9a', NULL, NULL, NULL, NULL, NULL, NULL, NULL, NULL, NULL, NULL, NULL, NULL, NULL, NULL, NULL, '2015-08-14 03:09:42', NULL, NULL, NULL, NULL, NULL, NULL, NULL),
(832, 'e803b69791a6433489532f3db8b9eba9', NULL, NULL, NULL, NULL, NULL, NULL, NULL, NULL, NULL, NULL, NULL, NULL, NULL, NULL, NULL, '2015-08-14 03:09:42', NULL, NULL, NULL, NULL, NULL, NULL, NULL),
(833, '0215c4decdea45198c9e160c208556b2', NULL, NULL, NULL, NULL, NULL, NULL, NULL, NULL, NULL, NULL, NULL, NULL, NULL, NULL, NULL, '2015-08-14 03:09:42', NULL, NULL, NULL, NULL, NULL, NULL, NULL),
(834, 'be251b16ff71442c8d591e631d4a5f59', NULL, NULL, NULL, NULL, NULL, NULL, NULL, NULL, NULL, NULL, NULL, NULL, NULL, NULL, NULL, '2015-08-14 03:09:42', NULL, NULL, NULL, NULL, NULL, NULL, NULL),
(835, 'c9b4b82c0a9f4b338fce5168d33df803', NULL, NULL, NULL, NULL, NULL, NULL, NULL, NULL, NULL, NULL, NULL, NULL, NULL, NULL, NULL, '2015-08-14 03:09:42', NULL, NULL, NULL, NULL, NULL, NULL, NULL),
(836, '27faf5d381bc47d188f191890a4eee52', NULL, NULL, NULL, NULL, NULL, NULL, NULL, NULL, NULL, NULL, NULL, NULL, NULL, NULL, NULL, '2015-08-14 03:09:42', NULL, NULL, NULL, NULL, NULL, NULL, NULL),
(837, 'ea672e4f90064fc8ab834ffa9d176402', NULL, NULL, NULL, NULL, NULL, NULL, NULL, NULL, NULL, NULL, NULL, NULL, NULL, NULL, NULL, '2015-08-14 03:09:42', NULL, NULL, NULL, NULL, NULL, NULL, NULL),
(838, '98df960d600c4ab989e00346ab99f8e7', NULL, NULL, NULL, NULL, NULL, NULL, NULL, NULL, NULL, NULL, NULL, NULL, NULL, NULL, NULL, '2015-08-14 03:09:42', NULL, NULL, NULL, NULL, NULL, NULL, NULL),
(839, 'f4bd94bf2b8d4c90b5b755934766a7fa', NULL, NULL, NULL, NULL, NULL, NULL, NULL, NULL, NULL, NULL, NULL, NULL, NULL, NULL, NULL, '2015-08-14 03:09:42', NULL, NULL, NULL, NULL, NULL, NULL, NULL),
(840, '30c0d0daaf2548acb0863252d51ce71c', NULL, NULL, NULL, NULL, NULL, NULL, NULL, NULL, NULL, NULL, NULL, NULL, NULL, NULL, NULL, '2015-08-14 03:09:42', NULL, NULL, NULL, NULL, NULL, NULL, NULL),
(841, 'a50e1c1c146d4c9a9ce3c8bbaea82c33', NULL, NULL, NULL, NULL, NULL, NULL, NULL, NULL, NULL, NULL, NULL, NULL, NULL, NULL, NULL, '2015-08-14 03:09:42', NULL, NULL, NULL, NULL, NULL, NULL, NULL),
(842, '31d8db46180a48d2bc1fa876920d96ed', NULL, NULL, NULL, NULL, NULL, NULL, NULL, NULL, NULL, NULL, NULL, NULL, NULL, NULL, NULL, '2015-08-14 03:09:42', NULL, NULL, NULL, NULL, NULL, NULL, NULL),
(843, '7333127c1a004a66af302d5e6ed7780b', NULL, NULL, NULL, NULL, NULL, NULL, NULL, NULL, NULL, NULL, NULL, NULL, NULL, NULL, NULL, '2015-08-14 03:09:42', NULL, NULL, NULL, NULL, NULL, NULL, NULL),
(844, '7e93eaa1362c4c238384b89eeb572627', NULL, NULL, NULL, NULL, NULL, NULL, NULL, NULL, NULL, NULL, NULL, NULL, NULL, NULL, NULL, '2015-08-14 03:09:42', NULL, NULL, NULL, NULL, NULL, NULL, NULL),
(845, 'c7b4b99570f545e68616fe44dde7c3a7', NULL, NULL, NULL, NULL, NULL, NULL, NULL, NULL, NULL, NULL, NULL, NULL, NULL, NULL, NULL, '2015-08-14 03:09:42', NULL, NULL, NULL, NULL, NULL, NULL, NULL),
(846, '9e4bd29347604117a135c33093f67e6e', NULL, NULL, NULL, NULL, NULL, NULL, NULL, NULL, NULL, NULL, NULL, NULL, NULL, NULL, NULL, '2015-08-14 03:09:42', NULL, NULL, NULL, NULL, NULL, NULL, NULL),
(847, '146613b009174a938f6d04e990da09d9', NULL, NULL, NULL, NULL, NULL, NULL, NULL, NULL, NULL, NULL, NULL, NULL, NULL, NULL, NULL, '2015-08-14 03:09:42', NULL, NULL, NULL, NULL, NULL, NULL, NULL),
(848, '598e94cdcdd947318b68cb513e9ee6ce', NULL, NULL, NULL, NULL, NULL, NULL, NULL, NULL, NULL, NULL, NULL, NULL, NULL, NULL, NULL, '2015-08-14 03:09:42', NULL, NULL, NULL, NULL, NULL, NULL, NULL),
(849, 'f25e67fc1ede4c82bbbfda9f1eafff2b', NULL, NULL, NULL, NULL, NULL, NULL, NULL, NULL, NULL, NULL, NULL, NULL, NULL, NULL, NULL, '2015-08-14 03:09:42', NULL, NULL, NULL, NULL, NULL, NULL, NULL),
(850, '51d8db212fc64e91adce9217dc6e1cf3', NULL, NULL, NULL, NULL, NULL, NULL, NULL, NULL, NULL, NULL, NULL, NULL, NULL, NULL, NULL, '2015-08-14 03:09:42', NULL, NULL, NULL, NULL, NULL, NULL, NULL),
(851, '436e4c4c119a43c288a3c3ddbb0c51e3', NULL, NULL, NULL, NULL, NULL, NULL, NULL, NULL, NULL, NULL, NULL, NULL, NULL, NULL, NULL, '2015-08-14 03:09:42', NULL, NULL, NULL, NULL, NULL, NULL, NULL),
(852, '5311363429bf4cd3ac672521ffea494e', NULL, NULL, NULL, NULL, NULL, NULL, NULL, NULL, NULL, NULL, NULL, NULL, NULL, NULL, NULL, '2015-08-14 03:09:42', NULL, NULL, NULL, NULL, NULL, NULL, NULL),
(853, '32cfd5c691614876a3045413e12f40b4', NULL, NULL, NULL, NULL, NULL, NULL, NULL, NULL, NULL, NULL, NULL, NULL, NULL, NULL, NULL, '2015-08-14 03:09:42', NULL, NULL, NULL, NULL, NULL, NULL, NULL),
(854, 'e1d9c9f0af0b493dbd619f9ea7a79f64', NULL, NULL, NULL, NULL, NULL, NULL, NULL, NULL, NULL, NULL, NULL, NULL, NULL, NULL, NULL, '2015-08-14 03:09:42', NULL, NULL, NULL, NULL, NULL, NULL, NULL),
(855, '1235fc4146814a90b8239fc0fb49d70d', NULL, NULL, NULL, NULL, NULL, NULL, NULL, NULL, NULL, NULL, NULL, NULL, NULL, NULL, NULL, '2015-08-14 03:09:42', NULL, NULL, NULL, NULL, NULL, NULL, NULL),
(856, '59ded20371c44519a0874965ab8770c6', NULL, NULL, NULL, NULL, NULL, NULL, NULL, NULL, NULL, NULL, NULL, NULL, NULL, NULL, NULL, '2015-08-14 03:09:42', NULL, NULL, NULL, NULL, NULL, NULL, NULL),
(857, '3bcc0068dfd24d7caffba16c46721a6b', NULL, NULL, NULL, NULL, NULL, NULL, NULL, NULL, NULL, NULL, NULL, NULL, NULL, NULL, NULL, '2015-08-14 03:09:42', NULL, NULL, NULL, NULL, NULL, NULL, NULL),
(858, '6c93440729b64158be4f4b1e51886398', NULL, NULL, NULL, NULL, NULL, NULL, NULL, NULL, NULL, NULL, NULL, NULL, NULL, NULL, NULL, '2015-08-14 03:09:42', NULL, NULL, NULL, NULL, NULL, NULL, NULL),
(859, '65e51e8aac94414dae9d0092793ff9e5', NULL, NULL, NULL, NULL, NULL, NULL, NULL, NULL, NULL, NULL, NULL, NULL, NULL, NULL, NULL, '2015-08-14 03:09:42', NULL, NULL, NULL, NULL, NULL, NULL, NULL),
(860, 'f5323668c78a4ab8bebf532100bdf5e9', NULL, NULL, NULL, NULL, NULL, NULL, NULL, NULL, NULL, NULL, NULL, NULL, NULL, NULL, NULL, '2015-08-14 03:09:42', NULL, NULL, NULL, NULL, NULL, NULL, NULL),
(861, 'bf2545ff61234fdea9770ec306d70c5a', NULL, NULL, NULL, NULL, NULL, NULL, NULL, NULL, NULL, NULL, NULL, NULL, NULL, NULL, NULL, '2015-08-14 03:09:42', NULL, NULL, NULL, NULL, NULL, NULL, NULL),
(862, 'a53417d627f7484f91b024a76d6ee281', NULL, NULL, NULL, NULL, NULL, NULL, NULL, NULL, NULL, NULL, NULL, NULL, NULL, NULL, NULL, '2015-08-14 03:09:42', NULL, NULL, NULL, NULL, NULL, NULL, NULL),
(863, '54b26d6c170046c8948f25b0b3aacd0c', NULL, NULL, NULL, NULL, NULL, NULL, NULL, NULL, NULL, NULL, NULL, NULL, NULL, NULL, NULL, '2015-08-14 03:09:42', NULL, NULL, NULL, NULL, NULL, NULL, NULL),
(864, '6f3e927e7d9a49bb8b23bbf3f71313ec', NULL, NULL, NULL, NULL, NULL, NULL, NULL, NULL, NULL, NULL, NULL, NULL, NULL, NULL, NULL, '2015-08-14 03:09:42', NULL, NULL, NULL, NULL, NULL, NULL, NULL),
(865, '61a1ad68a09249cb96cba96c44e12e66', NULL, NULL, NULL, NULL, NULL, NULL, NULL, NULL, NULL, NULL, NULL, NULL, NULL, NULL, NULL, '2015-08-14 03:09:42', NULL, NULL, NULL, NULL, NULL, NULL, NULL),
(866, 'ba16f81aab724f53af836d9533684ba4', NULL, NULL, NULL, NULL, NULL, NULL, NULL, NULL, NULL, NULL, NULL, NULL, NULL, NULL, NULL, '2015-08-14 03:09:42', NULL, NULL, NULL, NULL, NULL, NULL, NULL),
(867, '61494da4603c4359b64ccfdc6a03cf26', NULL, NULL, NULL, NULL, NULL, NULL, NULL, NULL, NULL, NULL, NULL, NULL, NULL, NULL, NULL, '2015-08-14 03:09:42', NULL, NULL, NULL, NULL, NULL, NULL, NULL),
(868, '9935c9f268a14901ba681acdf6940aef', NULL, NULL, NULL, NULL, NULL, NULL, NULL, NULL, NULL, NULL, NULL, NULL, NULL, NULL, NULL, '2015-08-14 03:09:42', NULL, NULL, NULL, NULL, NULL, NULL, NULL),
(869, '1dad93729d7a49b9b51dbee98005ce5c', NULL, NULL, NULL, NULL, NULL, NULL, NULL, NULL, NULL, NULL, NULL, NULL, NULL, NULL, NULL, '2015-08-14 03:09:42', NULL, NULL, NULL, NULL, NULL, NULL, NULL),
(870, '0b4451b90e564b6c817a455119911dc7', NULL, NULL, NULL, NULL, NULL, NULL, NULL, NULL, NULL, NULL, NULL, NULL, NULL, NULL, NULL, '2015-08-14 03:09:42', NULL, NULL, NULL, NULL, NULL, NULL, NULL),
(871, '18e6edc103014c5c965bf18958284cb7', NULL, NULL, NULL, NULL, NULL, NULL, NULL, NULL, NULL, NULL, NULL, NULL, NULL, NULL, NULL, '2015-08-14 03:09:42', NULL, NULL, NULL, NULL, NULL, NULL, NULL),
(872, '8942b7752aa0495b93ae7a251dbfded4', NULL, NULL, NULL, NULL, NULL, NULL, NULL, NULL, NULL, NULL, NULL, NULL, NULL, NULL, NULL, '2015-08-14 03:09:42', NULL, NULL, NULL, NULL, NULL, NULL, NULL),
(873, '139c761594cb4e4eaae57cb86f4ae2d8', NULL, NULL, NULL, NULL, NULL, NULL, NULL, NULL, NULL, NULL, NULL, NULL, NULL, NULL, NULL, '2015-08-14 03:09:42', NULL, NULL, NULL, NULL, NULL, NULL, NULL),
(874, '4bc89a1df5094b709529dc6ebe7e0c57', NULL, NULL, NULL, NULL, NULL, NULL, NULL, NULL, NULL, NULL, NULL, NULL, NULL, NULL, NULL, '2015-08-14 03:09:42', NULL, NULL, NULL, NULL, NULL, NULL, NULL),
(875, 'c442a83cddf142ef9c3bac54173bff92', NULL, NULL, NULL, NULL, NULL, NULL, NULL, NULL, NULL, NULL, NULL, NULL, NULL, NULL, NULL, '2015-08-14 03:09:42', NULL, NULL, NULL, NULL, NULL, NULL, NULL),
(876, 'e86cd8baf5a84d8287274ca6a12a2660', NULL, NULL, NULL, NULL, NULL, NULL, NULL, NULL, NULL, NULL, NULL, NULL, NULL, NULL, NULL, '2015-08-14 03:09:42', NULL, NULL, NULL, NULL, NULL, NULL, NULL),
(877, '59e427b3e23743e7a0d6b0dc4a9ce3ab', NULL, NULL, NULL, NULL, NULL, NULL, NULL, NULL, NULL, NULL, NULL, NULL, NULL, NULL, NULL, '2015-08-14 03:09:42', NULL, NULL, NULL, NULL, NULL, NULL, NULL),
(878, 'ce7ba54ebccb42a4bd3dd2990095539e', NULL, NULL, NULL, NULL, NULL, NULL, NULL, NULL, NULL, NULL, NULL, NULL, NULL, NULL, NULL, '2015-08-14 03:09:42', NULL, NULL, NULL, NULL, NULL, NULL, NULL),
(879, '33d323b08aef409d87fc0bd41d0c9975', NULL, NULL, NULL, NULL, NULL, NULL, NULL, NULL, NULL, NULL, NULL, NULL, NULL, NULL, NULL, '2015-08-14 03:09:42', NULL, NULL, NULL, NULL, NULL, NULL, NULL),
(880, '10c074db54d54be3a26fb3ba5c74b594', NULL, NULL, NULL, NULL, NULL, NULL, NULL, NULL, NULL, NULL, NULL, NULL, NULL, NULL, NULL, '2015-08-14 03:09:42', NULL, NULL, NULL, NULL, NULL, NULL, NULL),
(881, '4111b88cee4f44f1a610f809e3d970da', NULL, NULL, NULL, NULL, NULL, NULL, NULL, NULL, NULL, NULL, NULL, NULL, NULL, NULL, NULL, '2015-08-14 03:09:42', NULL, NULL, NULL, NULL, NULL, NULL, NULL),
(882, '671939fe1f1243c2b88024bdc8afd495', NULL, NULL, NULL, NULL, NULL, NULL, NULL, NULL, NULL, NULL, NULL, NULL, NULL, NULL, NULL, '2015-08-14 03:09:42', NULL, NULL, NULL, NULL, NULL, NULL, NULL),
(883, '79ef3f6dc0fd4954806c5915fbf8b4a1', NULL, NULL, NULL, NULL, NULL, NULL, NULL, NULL, NULL, NULL, NULL, NULL, NULL, NULL, NULL, '2015-08-14 03:09:42', NULL, NULL, NULL, NULL, NULL, NULL, NULL),
(884, 'bd48ed6f736b448eb9b7bf03bdf80984', NULL, NULL, NULL, NULL, NULL, NULL, NULL, NULL, NULL, NULL, NULL, NULL, NULL, NULL, NULL, '2015-08-14 03:09:42', NULL, NULL, NULL, NULL, NULL, NULL, NULL),
(885, '7832859d378045f58b7a6c49ae6b77ae', NULL, NULL, NULL, NULL, NULL, NULL, NULL, NULL, NULL, NULL, NULL, NULL, NULL, NULL, NULL, '2015-08-14 03:09:42', NULL, NULL, NULL, NULL, NULL, NULL, NULL),
(886, 'affd7b6646bd4a1aa7d287dd3a0a4500', NULL, NULL, NULL, NULL, NULL, NULL, NULL, NULL, NULL, NULL, NULL, NULL, NULL, NULL, NULL, '2015-08-14 03:09:42', NULL, NULL, NULL, NULL, NULL, NULL, NULL),
(887, '1f00ee229e784abb81932cfffc9fd2b5', NULL, NULL, NULL, NULL, NULL, NULL, NULL, NULL, NULL, NULL, NULL, NULL, NULL, NULL, NULL, '2015-08-14 03:09:42', NULL, NULL, NULL, NULL, NULL, NULL, NULL),
(888, '5bfef2f90a324362868875cfb47a7e4e', NULL, NULL, NULL, NULL, NULL, NULL, NULL, NULL, NULL, NULL, NULL, NULL, NULL, NULL, NULL, '2015-08-14 03:09:42', NULL, NULL, NULL, NULL, NULL, NULL, NULL),
(889, '624dd6f9f9e94d92bd8339b003b34cc4', NULL, NULL, NULL, NULL, NULL, NULL, NULL, NULL, NULL, NULL, NULL, NULL, NULL, NULL, NULL, '2015-08-14 03:09:42', NULL, NULL, NULL, NULL, NULL, NULL, NULL),
(890, '3d113e828ed74714b44b0b429863135e', NULL, NULL, NULL, NULL, NULL, NULL, NULL, NULL, NULL, NULL, NULL, NULL, NULL, NULL, NULL, '2015-08-14 03:09:42', NULL, NULL, NULL, NULL, NULL, NULL, NULL),
(891, '596d9a6bad804748a9c1f40d94853561', NULL, NULL, NULL, NULL, NULL, NULL, NULL, NULL, NULL, NULL, NULL, NULL, NULL, NULL, NULL, '2015-08-14 03:09:42', NULL, NULL, NULL, NULL, NULL, NULL, NULL),
(892, 'd9647d4dc30c466f9c5db3ddddb72c14', NULL, NULL, NULL, NULL, NULL, NULL, NULL, NULL, NULL, NULL, NULL, NULL, NULL, NULL, NULL, '2015-08-14 03:09:42', NULL, NULL, NULL, NULL, NULL, NULL, NULL),
(893, 'a46496ceeb5c46c9ab89fe3c6fb3928a', NULL, NULL, NULL, NULL, NULL, NULL, NULL, NULL, NULL, NULL, NULL, NULL, NULL, NULL, NULL, '2015-08-14 03:09:42', NULL, NULL, NULL, NULL, NULL, NULL, NULL),
(894, 'e19551d7174e438890224d378bc576ae', NULL, NULL, NULL, NULL, NULL, NULL, NULL, NULL, NULL, NULL, NULL, NULL, NULL, NULL, NULL, '2015-08-14 03:09:42', NULL, NULL, NULL, NULL, NULL, NULL, NULL),
(895, '59233ab4fa424bd6adb1bb0b1560e133', NULL, NULL, NULL, NULL, NULL, NULL, NULL, NULL, NULL, NULL, NULL, NULL, NULL, NULL, NULL, '2015-08-14 03:09:42', NULL, NULL, NULL, NULL, NULL, NULL, NULL),
(896, '7676526044084195b7e2eb7cffb3753c', NULL, NULL, NULL, NULL, NULL, NULL, NULL, NULL, NULL, NULL, NULL, NULL, NULL, NULL, NULL, '2015-08-14 03:09:42', NULL, NULL, NULL, NULL, NULL, NULL, NULL),
(897, 'db347081d42d43389a9ca2d436914045', NULL, NULL, NULL, NULL, NULL, NULL, NULL, NULL, NULL, NULL, NULL, NULL, NULL, NULL, NULL, '2015-08-14 03:09:42', NULL, NULL, NULL, NULL, NULL, NULL, NULL),
(898, '6d15a3591c0048109bc4cf54d98b18c2', NULL, NULL, NULL, NULL, NULL, NULL, NULL, NULL, NULL, NULL, NULL, NULL, NULL, NULL, NULL, '2015-08-14 03:09:42', NULL, NULL, NULL, NULL, NULL, NULL, NULL),
(899, '7d897227ce5c4c4396a6fafa0cba14cb', NULL, NULL, NULL, NULL, NULL, NULL, NULL, NULL, NULL, NULL, NULL, NULL, NULL, NULL, NULL, '2015-08-14 03:09:42', NULL, NULL, NULL, NULL, NULL, NULL, NULL),
(900, 'd7ce7f28236c4f08aa806ff7ed88a1d4', NULL, NULL, NULL, NULL, NULL, NULL, NULL, NULL, NULL, NULL, NULL, NULL, NULL, NULL, NULL, '2015-08-14 03:09:42', NULL, NULL, NULL, NULL, NULL, NULL, NULL),
(901, '861ec8526f614ae6ad3602e741d4881f', NULL, NULL, NULL, NULL, NULL, NULL, NULL, NULL, NULL, NULL, NULL, NULL, NULL, NULL, NULL, '2015-08-14 03:09:42', NULL, NULL, NULL, NULL, NULL, NULL, NULL),
(902, '15dd0b16416b4a0d848427d4b7c74ac1', NULL, NULL, NULL, NULL, NULL, NULL, NULL, NULL, NULL, NULL, NULL, NULL, NULL, NULL, NULL, '2015-08-14 03:09:42', NULL, NULL, NULL, NULL, NULL, NULL, NULL),
(903, '87c944fc616d44658486b448cb671cb5', NULL, NULL, NULL, NULL, NULL, NULL, NULL, NULL, NULL, NULL, NULL, NULL, NULL, NULL, NULL, '2015-08-14 03:09:42', NULL, NULL, NULL, NULL, NULL, NULL, NULL),
(904, '7260d16efaae4fd5b7370e4b398206a3', NULL, NULL, NULL, NULL, NULL, NULL, NULL, NULL, NULL, NULL, NULL, NULL, NULL, NULL, NULL, '2015-08-14 03:09:42', NULL, NULL, NULL, NULL, NULL, NULL, NULL),
(905, 'd0313722cf9847af9394c9b32f5ab193', NULL, NULL, NULL, NULL, NULL, NULL, NULL, NULL, NULL, NULL, NULL, NULL, NULL, NULL, NULL, '2015-08-14 03:09:42', NULL, NULL, NULL, NULL, NULL, NULL, NULL),
(906, '2ca5fc6694544ac790e74bcc06387a04', NULL, NULL, NULL, NULL, NULL, NULL, NULL, NULL, NULL, NULL, NULL, NULL, NULL, NULL, NULL, '2015-08-14 03:09:42', NULL, NULL, NULL, NULL, NULL, NULL, NULL),
(907, '76af87a3ef2340d8ab3c7e97d33850b1', NULL, NULL, NULL, NULL, NULL, NULL, NULL, NULL, NULL, NULL, NULL, NULL, NULL, NULL, NULL, '2015-08-14 03:09:42', NULL, NULL, NULL, NULL, NULL, NULL, NULL),
(908, '4a228e54afde482c8eba8a58e5ae01f7', NULL, NULL, NULL, NULL, NULL, NULL, NULL, NULL, NULL, NULL, NULL, NULL, NULL, NULL, NULL, '2015-08-14 03:09:42', NULL, NULL, NULL, NULL, NULL, NULL, NULL),
(909, 'e2049d2550f846e2ab81f12d1c996270', NULL, NULL, NULL, NULL, NULL, NULL, NULL, NULL, NULL, NULL, NULL, NULL, NULL, NULL, NULL, '2015-08-14 03:09:42', NULL, NULL, NULL, NULL, NULL, NULL, NULL),
(910, '65911953a8864c7bb49210de6ee92e8f', NULL, NULL, NULL, NULL, NULL, NULL, NULL, NULL, NULL, NULL, NULL, NULL, NULL, NULL, NULL, '2015-08-14 03:09:42', NULL, NULL, NULL, NULL, NULL, NULL, NULL),
(911, 'b7f6f6c35a9b4c99ba9041e80290b024', NULL, NULL, NULL, NULL, NULL, NULL, NULL, NULL, NULL, NULL, NULL, NULL, NULL, NULL, NULL, '2015-08-14 03:09:42', NULL, NULL, NULL, NULL, NULL, NULL, NULL),
(912, '1b774dbd322f40fca50f969a1c2fe164', NULL, NULL, NULL, NULL, NULL, NULL, NULL, NULL, NULL, NULL, NULL, NULL, NULL, NULL, NULL, '2015-08-14 03:09:42', NULL, NULL, NULL, NULL, NULL, NULL, NULL),
(913, 'cd62df6810fc4de397e38643234217f2', NULL, NULL, NULL, NULL, NULL, NULL, NULL, NULL, NULL, NULL, NULL, NULL, NULL, NULL, NULL, '2015-08-14 03:09:42', NULL, NULL, NULL, NULL, NULL, NULL, NULL),
(914, '43510a47b9124917bea764bdac2b87ff', NULL, NULL, NULL, NULL, NULL, NULL, NULL, NULL, NULL, NULL, NULL, NULL, NULL, NULL, NULL, '2015-08-14 03:09:42', NULL, NULL, NULL, NULL, NULL, NULL, NULL),
(915, '15c4b2f3ea73425e83a2d5971b5e9cc9', NULL, NULL, NULL, NULL, NULL, NULL, NULL, NULL, NULL, NULL, NULL, NULL, NULL, NULL, NULL, '2015-08-14 03:09:42', NULL, NULL, NULL, NULL, NULL, NULL, NULL),
(916, '19c0821b83614629ae475928caa9b9d2', NULL, NULL, NULL, NULL, NULL, NULL, NULL, NULL, NULL, NULL, NULL, NULL, NULL, NULL, NULL, '2015-08-14 03:09:42', NULL, NULL, NULL, NULL, NULL, NULL, NULL),
(917, 'e9d626ef58e4452b8ec46a46a7365f73', NULL, NULL, NULL, NULL, NULL, NULL, NULL, NULL, NULL, NULL, NULL, NULL, NULL, NULL, NULL, '2015-08-14 03:09:42', NULL, NULL, NULL, NULL, NULL, NULL, NULL),
(918, 'f831c12d4d9441bdbea97eb6a3cdb26d', NULL, NULL, NULL, NULL, NULL, NULL, NULL, NULL, NULL, NULL, NULL, NULL, NULL, NULL, NULL, '2015-08-14 03:09:42', NULL, NULL, NULL, NULL, NULL, NULL, NULL),
(919, '8e772f8de1c04ea6a323c86c37efe5a7', NULL, NULL, NULL, NULL, NULL, NULL, NULL, NULL, NULL, NULL, NULL, NULL, NULL, NULL, NULL, '2015-08-14 03:09:42', NULL, NULL, NULL, NULL, NULL, NULL, NULL),
(920, 'b64b96545f3e449c827cbdaa0b5bb270', NULL, NULL, NULL, NULL, NULL, NULL, NULL, NULL, NULL, NULL, NULL, NULL, NULL, NULL, NULL, '2015-08-14 03:09:42', NULL, NULL, NULL, NULL, NULL, NULL, NULL),
(921, '17a87c1e545d47198f74d9296ac12849', NULL, NULL, NULL, NULL, NULL, NULL, NULL, NULL, NULL, NULL, NULL, NULL, NULL, NULL, NULL, '2015-08-14 03:09:42', NULL, NULL, NULL, NULL, NULL, NULL, NULL),
(922, 'ed2a323efa6244be941e5b4391d9be0d', NULL, NULL, NULL, NULL, NULL, NULL, NULL, NULL, NULL, NULL, NULL, NULL, NULL, NULL, NULL, '2015-08-14 03:09:42', NULL, NULL, NULL, NULL, NULL, NULL, NULL),
(923, 'c31371b4b78f449b91f01bf630b9988f', NULL, NULL, NULL, NULL, NULL, NULL, NULL, NULL, NULL, NULL, NULL, NULL, NULL, NULL, NULL, '2015-08-14 03:09:42', NULL, NULL, NULL, NULL, NULL, NULL, NULL),
(924, '59fd2fcc45eb4027a767e7bc70d195d1', NULL, NULL, NULL, NULL, NULL, NULL, NULL, NULL, NULL, NULL, NULL, NULL, NULL, NULL, NULL, '2015-08-14 03:09:42', NULL, NULL, NULL, NULL, NULL, NULL, NULL),
(925, '3bcddb3d15844009b704d78c8f95cb2b', NULL, NULL, NULL, NULL, NULL, NULL, NULL, NULL, NULL, NULL, NULL, NULL, NULL, NULL, NULL, '2015-08-14 03:09:42', NULL, NULL, NULL, NULL, NULL, NULL, NULL),
(926, '6d39f77e8ac349daa995550eb88b6868', NULL, NULL, NULL, NULL, NULL, NULL, NULL, NULL, NULL, NULL, NULL, NULL, NULL, NULL, NULL, '2015-08-14 03:09:42', NULL, NULL, NULL, NULL, NULL, NULL, NULL),
(927, 'b8dfabb804654f92ab5dee9bfc852e74', NULL, NULL, NULL, NULL, NULL, NULL, NULL, NULL, NULL, NULL, NULL, NULL, NULL, NULL, NULL, '2015-08-14 03:09:42', NULL, NULL, NULL, NULL, NULL, NULL, NULL),
(928, '10f68da08dcb43b087f60df6fc46df15', NULL, NULL, NULL, NULL, NULL, NULL, NULL, NULL, NULL, NULL, NULL, NULL, NULL, NULL, NULL, '2015-08-14 03:09:42', NULL, NULL, NULL, NULL, NULL, NULL, NULL),
(929, '86c4c8f76f1c4f97afc3936af952ff29', NULL, NULL, NULL, NULL, NULL, NULL, NULL, NULL, NULL, NULL, NULL, NULL, NULL, NULL, NULL, '2015-08-14 03:09:42', NULL, NULL, NULL, NULL, NULL, NULL, NULL),
(930, 'da7f0ebab803403ab0b8c65a1050d98a', NULL, NULL, NULL, NULL, NULL, NULL, NULL, NULL, NULL, NULL, NULL, NULL, NULL, NULL, NULL, '2015-08-14 03:09:42', NULL, NULL, NULL, NULL, NULL, NULL, NULL),
(931, '08cad541ed6b4f78a6f1f29e38b0d5c4', NULL, NULL, NULL, NULL, NULL, NULL, NULL, NULL, NULL, NULL, NULL, NULL, NULL, NULL, NULL, '2015-08-14 03:09:42', NULL, NULL, NULL, NULL, NULL, NULL, NULL),
(932, '0ffef5fc525e4e57bc834050b73f0efd', NULL, NULL, NULL, NULL, NULL, NULL, NULL, NULL, NULL, NULL, NULL, NULL, NULL, NULL, NULL, '2015-08-14 03:09:42', NULL, NULL, NULL, NULL, NULL, NULL, NULL),
(933, '4d79ea7986c9404183922539f46ee085', NULL, NULL, NULL, NULL, NULL, NULL, NULL, NULL, NULL, NULL, NULL, NULL, NULL, NULL, NULL, '2015-08-14 03:09:42', NULL, NULL, NULL, NULL, NULL, NULL, NULL),
(934, '0590d54ce59549318789dddd785a4807', NULL, NULL, NULL, NULL, NULL, NULL, NULL, NULL, NULL, NULL, NULL, NULL, NULL, NULL, NULL, '2015-08-14 03:09:42', NULL, NULL, NULL, NULL, NULL, NULL, NULL),
(935, 'e76e0e390dcb4180a04f585d730a5f40', NULL, NULL, NULL, NULL, NULL, NULL, NULL, NULL, NULL, NULL, NULL, NULL, NULL, NULL, NULL, '2015-08-14 03:09:42', NULL, NULL, NULL, NULL, NULL, NULL, NULL),
(936, '7e987daee9d94831b4b873a8efa83cf3', NULL, NULL, NULL, NULL, NULL, NULL, NULL, NULL, NULL, NULL, NULL, NULL, NULL, NULL, NULL, '2015-08-14 03:09:42', NULL, NULL, NULL, NULL, NULL, NULL, NULL),
(937, 'b1b0e0e8e8514bec8b0945fac0e67da1', NULL, NULL, NULL, NULL, NULL, NULL, NULL, NULL, NULL, NULL, NULL, NULL, NULL, NULL, NULL, '2015-08-14 03:09:42', NULL, NULL, NULL, NULL, NULL, NULL, NULL),
(938, '43268ffc79f74f3bb9a167f88564707d', NULL, NULL, NULL, NULL, NULL, NULL, NULL, NULL, NULL, NULL, NULL, NULL, NULL, NULL, NULL, '2015-08-14 03:09:42', NULL, NULL, NULL, NULL, NULL, NULL, NULL),
(939, '1655bd7fb97f4f348f14f035add29e0e', NULL, NULL, NULL, NULL, NULL, NULL, NULL, NULL, NULL, NULL, NULL, NULL, NULL, NULL, NULL, '2015-08-14 03:09:42', NULL, NULL, NULL, NULL, NULL, NULL, NULL),
(940, 'a93d28db640444568d079170f653364f', NULL, NULL, NULL, NULL, NULL, NULL, NULL, NULL, NULL, NULL, NULL, NULL, NULL, NULL, NULL, '2015-08-14 03:09:42', NULL, NULL, NULL, NULL, NULL, NULL, NULL),
(941, '73a3ae99695e465b8af082634e5e53a2', NULL, NULL, NULL, NULL, NULL, NULL, NULL, NULL, NULL, NULL, NULL, NULL, NULL, NULL, NULL, '2015-08-14 03:09:42', NULL, NULL, NULL, NULL, NULL, NULL, NULL),
(942, 'b8bd13afe80f462f8de60a2440a67c91', NULL, NULL, NULL, NULL, NULL, NULL, NULL, NULL, NULL, NULL, NULL, NULL, NULL, NULL, NULL, '2015-08-14 03:09:42', NULL, NULL, NULL, NULL, NULL, NULL, NULL),
(943, 'e96f344fc7bc4c3e97878e000d648813', NULL, NULL, NULL, NULL, NULL, NULL, NULL, NULL, NULL, NULL, NULL, NULL, NULL, NULL, NULL, '2015-08-14 03:09:42', NULL, NULL, NULL, NULL, NULL, NULL, NULL),
(944, '155366081e4d44aba345d44a72b237a7', NULL, NULL, NULL, NULL, NULL, NULL, NULL, NULL, NULL, NULL, NULL, NULL, NULL, NULL, NULL, '2015-08-14 03:09:42', NULL, NULL, NULL, NULL, NULL, NULL, NULL),
(945, '7b7c411b0a63496e8eb8eef96072d157', NULL, NULL, NULL, NULL, NULL, NULL, NULL, NULL, NULL, NULL, NULL, NULL, NULL, NULL, NULL, '2015-08-14 03:09:42', NULL, NULL, NULL, NULL, NULL, NULL, NULL),
(946, '32005855e5d6435f8e352429d4bf022a', NULL, NULL, NULL, NULL, NULL, NULL, NULL, NULL, NULL, NULL, NULL, NULL, NULL, NULL, NULL, '2015-08-14 03:09:42', NULL, NULL, NULL, NULL, NULL, NULL, NULL),
(947, '437e8cab931f4903b5782e1d7c4211a2', NULL, NULL, NULL, NULL, NULL, NULL, NULL, NULL, NULL, NULL, NULL, NULL, NULL, NULL, NULL, '2015-08-14 03:09:42', NULL, NULL, NULL, NULL, NULL, NULL, NULL),
(948, '5e74da1a0a57467d961b0f3291ba0148', NULL, NULL, NULL, NULL, NULL, NULL, NULL, NULL, NULL, NULL, NULL, NULL, NULL, NULL, NULL, '2015-08-14 03:09:42', NULL, NULL, NULL, NULL, NULL, NULL, NULL),
(949, '0d6cb9e89f504ad0848e51e76100f76f', NULL, NULL, NULL, NULL, NULL, NULL, NULL, NULL, NULL, NULL, NULL, NULL, NULL, NULL, NULL, '2015-08-14 03:09:42', NULL, NULL, NULL, NULL, NULL, NULL, NULL),
(950, '09745f0c715744b7b0e8853c5e59ef2a', NULL, NULL, NULL, NULL, NULL, NULL, NULL, NULL, NULL, NULL, NULL, NULL, NULL, NULL, NULL, '2015-08-14 03:09:42', NULL, NULL, NULL, NULL, NULL, NULL, NULL),
(951, '8646c9bbe85946f08bddfb55c0e28b94', NULL, NULL, NULL, NULL, NULL, NULL, NULL, NULL, NULL, NULL, NULL, NULL, NULL, NULL, NULL, '2015-08-14 03:09:42', NULL, NULL, NULL, NULL, NULL, NULL, NULL),
(952, '70809b12ff7a44f98d87c2b8978bf082', NULL, NULL, NULL, NULL, NULL, NULL, NULL, NULL, NULL, NULL, NULL, NULL, NULL, NULL, NULL, '2015-08-14 03:09:42', NULL, NULL, NULL, NULL, NULL, NULL, NULL),
(953, 'bdd6f504fe074bf4a223104a142cf39d', NULL, NULL, NULL, NULL, NULL, NULL, NULL, NULL, NULL, NULL, NULL, NULL, NULL, NULL, NULL, '2015-08-14 03:09:42', NULL, NULL, NULL, NULL, NULL, NULL, NULL),
(954, 'f464c486af1c4beeb83569b50a199ffa', NULL, NULL, NULL, NULL, NULL, NULL, NULL, NULL, NULL, NULL, NULL, NULL, NULL, NULL, NULL, '2015-08-14 03:09:42', NULL, NULL, NULL, NULL, NULL, NULL, NULL),
(955, '1a1ef811b58346e1829cab0c6c3e71f6', NULL, NULL, NULL, NULL, NULL, NULL, NULL, NULL, NULL, NULL, NULL, NULL, NULL, NULL, NULL, '2015-08-14 03:09:42', NULL, NULL, NULL, NULL, NULL, NULL, NULL),
(956, 'af4a0360110e47b6b9464b58a3e9e938', NULL, NULL, NULL, NULL, NULL, NULL, NULL, NULL, NULL, NULL, NULL, NULL, NULL, NULL, NULL, '2015-08-14 03:09:42', NULL, NULL, NULL, NULL, NULL, NULL, NULL),
(957, 'f22991d3bd3742d1b67898e87438ce23', NULL, NULL, NULL, NULL, NULL, NULL, NULL, NULL, NULL, NULL, NULL, NULL, NULL, NULL, NULL, '2015-08-14 03:09:42', NULL, NULL, NULL, NULL, NULL, NULL, NULL),
(958, '08d459de622e48aca9de59f708590969', NULL, NULL, NULL, NULL, NULL, NULL, NULL, NULL, NULL, NULL, NULL, NULL, NULL, NULL, NULL, '2015-08-14 03:09:42', NULL, NULL, NULL, NULL, NULL, NULL, NULL),
(959, '4c0d690056a0408ab01a23df12c3b125', NULL, NULL, NULL, NULL, NULL, NULL, NULL, NULL, NULL, NULL, NULL, NULL, NULL, NULL, NULL, '2015-08-14 03:09:42', NULL, NULL, NULL, NULL, NULL, NULL, NULL),
(960, 'be13f2e0a2854aee990fed3d45a1654d', NULL, NULL, NULL, NULL, NULL, NULL, NULL, NULL, NULL, NULL, NULL, NULL, NULL, NULL, NULL, '2015-08-14 03:09:42', NULL, NULL, NULL, NULL, NULL, NULL, NULL),
(961, '06606a876c9547bd9e5d15e1a076f05f', NULL, NULL, NULL, NULL, NULL, NULL, NULL, NULL, NULL, NULL, NULL, NULL, NULL, NULL, NULL, '2015-08-14 03:09:42', NULL, NULL, NULL, NULL, NULL, NULL, NULL),
(962, 'aad5e3cfd8284a69b81fd7fa7db42d3a', NULL, NULL, NULL, NULL, NULL, NULL, NULL, NULL, NULL, NULL, NULL, NULL, NULL, NULL, NULL, '2015-08-14 03:09:42', NULL, NULL, NULL, NULL, NULL, NULL, NULL),
(963, '7a12258e1e1141e1b36a422a4545e6ce', NULL, NULL, NULL, NULL, NULL, NULL, NULL, NULL, NULL, NULL, NULL, NULL, NULL, NULL, NULL, '2015-08-14 03:09:42', NULL, NULL, NULL, NULL, NULL, NULL, NULL),
(964, '8e239399c70e45dd83bf7ad982db0172', NULL, NULL, NULL, NULL, NULL, NULL, NULL, NULL, NULL, NULL, NULL, NULL, NULL, NULL, NULL, '2015-08-14 03:09:42', NULL, NULL, NULL, NULL, NULL, NULL, NULL),
(965, '8c51a1e9ec284dd49ddc8d338bc30bd2', NULL, NULL, NULL, NULL, NULL, NULL, NULL, NULL, NULL, NULL, NULL, NULL, NULL, NULL, NULL, '2015-08-14 03:09:42', NULL, NULL, NULL, NULL, NULL, NULL, NULL),
(966, '1c259bacd14a4a10868f5b09cb4136b2', NULL, NULL, NULL, NULL, NULL, NULL, NULL, NULL, NULL, NULL, NULL, NULL, NULL, NULL, NULL, '2015-08-14 03:09:42', NULL, NULL, NULL, NULL, NULL, NULL, NULL),
(967, '0350f60fcbc9498b93cb62a3b2a206be', NULL, NULL, NULL, NULL, NULL, NULL, NULL, NULL, NULL, NULL, NULL, NULL, NULL, NULL, NULL, '2015-08-14 03:09:42', NULL, NULL, NULL, NULL, NULL, NULL, NULL),
(968, '8a2935531be1478d99072b00a20f7151', NULL, NULL, NULL, NULL, NULL, NULL, NULL, NULL, NULL, NULL, NULL, NULL, NULL, NULL, NULL, '2015-08-14 03:09:42', NULL, NULL, NULL, NULL, NULL, NULL, NULL),
(969, '30bc487b24b64f7fb4332da93cbdacd2', NULL, NULL, NULL, NULL, NULL, NULL, NULL, NULL, NULL, NULL, NULL, NULL, NULL, NULL, NULL, '2015-08-14 03:09:42', NULL, NULL, NULL, NULL, NULL, NULL, NULL),
(970, 'b3bbeac86ece4c6ba1456c0a9de631f2', NULL, NULL, NULL, NULL, NULL, NULL, NULL, NULL, NULL, NULL, NULL, NULL, NULL, NULL, NULL, '2015-08-14 03:09:42', NULL, NULL, NULL, NULL, NULL, NULL, NULL),
(971, 'a0a8d1bf718349a3be5f61faaabd4ae6', NULL, NULL, NULL, NULL, NULL, NULL, NULL, NULL, NULL, NULL, NULL, NULL, NULL, NULL, NULL, '2015-08-14 03:09:42', NULL, NULL, NULL, NULL, NULL, NULL, NULL),
(972, '6c4d3966b0c74a17a33a2dc4329f27b0', NULL, NULL, NULL, NULL, NULL, NULL, NULL, NULL, NULL, NULL, NULL, NULL, NULL, NULL, NULL, '2015-08-14 03:09:42', NULL, NULL, NULL, NULL, NULL, NULL, NULL),
(973, '4a2b6736157d46ec863cdfafdc0fee67', NULL, NULL, NULL, NULL, NULL, NULL, NULL, NULL, NULL, NULL, NULL, NULL, NULL, NULL, NULL, '2015-08-14 03:09:42', NULL, NULL, NULL, NULL, NULL, NULL, NULL),
(974, '0fd0b5dbb0a247fc8758e078279a7a44', NULL, NULL, NULL, NULL, NULL, NULL, NULL, NULL, NULL, NULL, NULL, NULL, NULL, NULL, NULL, '2015-08-14 03:09:42', NULL, NULL, NULL, NULL, NULL, NULL, NULL),
(975, '0f9429a620dd491b946953132bc8942a', NULL, NULL, NULL, NULL, NULL, NULL, NULL, NULL, NULL, NULL, NULL, NULL, NULL, NULL, NULL, '2015-08-14 03:09:42', NULL, NULL, NULL, NULL, NULL, NULL, NULL),
(976, 'f26d95917f884d60923f16aa4e960c83', NULL, NULL, NULL, NULL, NULL, NULL, NULL, NULL, NULL, NULL, NULL, NULL, NULL, NULL, NULL, '2015-08-14 03:09:42', NULL, NULL, NULL, NULL, NULL, NULL, NULL),
(977, '0736cca43b9a492aa295b05ff407179a', NULL, NULL, NULL, NULL, NULL, NULL, NULL, NULL, NULL, NULL, NULL, NULL, NULL, NULL, NULL, '2015-08-14 03:09:42', NULL, NULL, NULL, NULL, NULL, NULL, NULL),
(978, '02ea7df885114a4c910abd9a4eaa53c8', NULL, NULL, NULL, NULL, NULL, NULL, NULL, NULL, NULL, NULL, NULL, NULL, NULL, NULL, NULL, '2015-08-14 03:09:42', NULL, NULL, NULL, NULL, NULL, NULL, NULL),
(979, 'f5e397b87cb845918f491ecc3b938d70', NULL, NULL, NULL, NULL, NULL, NULL, NULL, NULL, NULL, NULL, NULL, NULL, NULL, NULL, NULL, '2015-08-14 03:09:42', NULL, NULL, NULL, NULL, NULL, NULL, NULL),
(980, '1ef3f07bff38476d809ac9e678c6fc2f', NULL, NULL, NULL, NULL, NULL, NULL, NULL, NULL, NULL, NULL, NULL, NULL, NULL, NULL, NULL, '2015-08-14 03:09:42', NULL, NULL, NULL, NULL, NULL, NULL, NULL),
(981, 'ae767b910b054fa396169a534454e194', NULL, NULL, NULL, NULL, NULL, NULL, NULL, NULL, NULL, NULL, NULL, NULL, NULL, NULL, NULL, '2015-08-14 03:09:42', NULL, NULL, NULL, NULL, NULL, NULL, NULL),
(982, '7b7eb2b1502d4734969f5dfc853cdf2f', NULL, NULL, NULL, NULL, NULL, NULL, NULL, NULL, NULL, NULL, NULL, NULL, NULL, NULL, NULL, '2015-08-14 03:09:42', NULL, NULL, NULL, NULL, NULL, NULL, NULL),
(983, 'a81d5beb8c62461598e639f8bda921bd', NULL, NULL, NULL, NULL, NULL, NULL, NULL, NULL, NULL, NULL, NULL, NULL, NULL, NULL, NULL, '2015-08-14 03:09:42', NULL, NULL, NULL, NULL, NULL, NULL, NULL),
(984, '8e18d1189b134a85ae538d7c43bd48aa', NULL, NULL, NULL, NULL, NULL, NULL, NULL, NULL, NULL, NULL, NULL, NULL, NULL, NULL, NULL, '2015-08-14 03:09:42', NULL, NULL, NULL, NULL, NULL, NULL, NULL),
(985, 'dac38fd8d01a4c25bda7fee0f1749725', NULL, NULL, NULL, NULL, NULL, NULL, NULL, NULL, NULL, NULL, NULL, NULL, NULL, NULL, NULL, '2015-08-14 03:09:42', NULL, NULL, NULL, NULL, NULL, NULL, NULL),
(986, '71881342e2f146309064ecb0c7664684', NULL, NULL, NULL, NULL, NULL, NULL, NULL, NULL, NULL, NULL, NULL, NULL, NULL, NULL, NULL, '2015-08-14 03:09:42', NULL, NULL, NULL, NULL, NULL, NULL, NULL),
(987, '36fbf72c2c404afe9463c4c0dcd41462', NULL, NULL, NULL, NULL, NULL, NULL, NULL, NULL, NULL, NULL, NULL, NULL, NULL, NULL, NULL, '2015-08-14 03:09:42', NULL, NULL, NULL, NULL, NULL, NULL, NULL),
(988, '8bd06d0a4490492fb24f55a879709b93', NULL, NULL, NULL, NULL, NULL, NULL, NULL, NULL, NULL, NULL, NULL, NULL, NULL, NULL, NULL, '2015-08-14 03:09:42', NULL, NULL, NULL, NULL, NULL, NULL, NULL),
(989, '123a2d2446024e1c9d54f057936ffa55', NULL, NULL, NULL, NULL, NULL, NULL, NULL, NULL, NULL, NULL, NULL, NULL, NULL, NULL, NULL, '2015-08-14 03:09:42', NULL, NULL, NULL, NULL, NULL, NULL, NULL),
(990, 'ab4502b9c1ec468eb98419a1305e9f40', NULL, NULL, NULL, NULL, NULL, NULL, NULL, NULL, NULL, NULL, NULL, NULL, NULL, NULL, NULL, '2015-08-14 03:09:42', NULL, NULL, NULL, NULL, NULL, NULL, NULL),
(991, '2ba23e8bb6b146229563c9c4aa471f43', NULL, NULL, NULL, NULL, NULL, NULL, NULL, NULL, NULL, NULL, NULL, NULL, NULL, NULL, NULL, '2015-08-14 03:09:42', NULL, NULL, NULL, NULL, NULL, NULL, NULL),
(992, '50642b76754a48bd832e9fd52cd8eeb5', NULL, NULL, NULL, NULL, NULL, NULL, NULL, NULL, NULL, NULL, NULL, NULL, NULL, NULL, NULL, '2015-08-14 03:09:42', NULL, NULL, NULL, NULL, NULL, NULL, NULL),
(993, '4fba6fc1699a4b4fa096a98fdb76deb8', NULL, NULL, NULL, NULL, NULL, NULL, NULL, NULL, NULL, NULL, NULL, NULL, NULL, NULL, NULL, '2015-08-14 03:09:42', NULL, NULL, NULL, NULL, NULL, NULL, NULL),
(994, '96dc948d1e724b5f99f048b16ebc27a1', NULL, NULL, NULL, NULL, NULL, NULL, NULL, NULL, NULL, NULL, NULL, NULL, NULL, NULL, NULL, '2015-08-14 03:09:42', NULL, NULL, NULL, NULL, NULL, NULL, NULL),
(995, '04b979a4f36049ae996f9b7f7ce74056', NULL, NULL, NULL, NULL, NULL, NULL, NULL, NULL, NULL, NULL, NULL, NULL, NULL, NULL, NULL, '2015-08-14 03:09:42', NULL, NULL, NULL, NULL, NULL, NULL, NULL),
(996, 'f7882f865c8e4b19937d6497a0f88a8c', NULL, NULL, NULL, NULL, NULL, NULL, NULL, NULL, NULL, NULL, NULL, NULL, NULL, NULL, NULL, '2015-08-14 03:09:42', NULL, NULL, NULL, NULL, NULL, NULL, NULL),
(997, '2741001ed9ac43c0b6bb6880d2ea5f12', NULL, NULL, NULL, NULL, NULL, NULL, NULL, NULL, NULL, NULL, NULL, NULL, NULL, NULL, NULL, '2015-08-14 03:09:42', NULL, NULL, NULL, NULL, NULL, NULL, NULL),
(998, '702195a816c541f9931a3cd113b4a486', NULL, NULL, NULL, NULL, NULL, NULL, NULL, NULL, NULL, NULL, NULL, NULL, NULL, NULL, NULL, '2015-08-14 03:09:42', NULL, NULL, NULL, NULL, NULL, NULL, NULL),
(999, '3a2a1298201c4bc190c6b2f139a90530', NULL, NULL, NULL, NULL, NULL, NULL, NULL, NULL, NULL, NULL, NULL, NULL, NULL, NULL, NULL, '2015-08-14 03:09:42', NULL, NULL, NULL, NULL, NULL, NULL, NULL),
(1000, '1fea5ff018c645d6a1c0b32a4446892f', NULL, NULL, NULL, NULL, NULL, NULL, NULL, NULL, NULL, NULL, NULL, NULL, NULL, NULL, NULL, '2015-08-14 03:09:42', NULL, NULL, NULL, NULL, NULL, NULL, NULL),
(1001, 'd5ad5ac4c81d4ccfbddd998e1dea99bc', NULL, NULL, NULL, NULL, NULL, NULL, NULL, NULL, NULL, NULL, NULL, NULL, NULL, NULL, NULL, '2015-08-14 03:09:42', NULL, NULL, NULL, NULL, NULL, NULL, NULL),
(1002, 'fdd3b0f912a94612bb8e8b15607b3d9d', NULL, NULL, NULL, NULL, NULL, NULL, NULL, NULL, NULL, NULL, NULL, NULL, NULL, NULL, NULL, '2015-08-14 03:09:42', NULL, NULL, NULL, NULL, NULL, NULL, NULL),
(1003, 'd441d2ea4a784862a401f62a9a9da915', NULL, NULL, NULL, NULL, NULL, NULL, NULL, NULL, NULL, NULL, NULL, NULL, NULL, NULL, NULL, '2015-08-14 03:09:42', NULL, NULL, NULL, NULL, NULL, NULL, NULL),
(1004, '5dc748d84d424169b4eeaf48190b1e94', NULL, NULL, NULL, NULL, NULL, NULL, NULL, NULL, NULL, NULL, NULL, NULL, NULL, NULL, NULL, '2015-08-14 03:09:42', NULL, NULL, NULL, NULL, NULL, NULL, NULL),
(1005, '0a91f4fa96134cad9f75ce5b8249b674', NULL, NULL, NULL, NULL, NULL, NULL, NULL, NULL, NULL, NULL, NULL, NULL, NULL, NULL, NULL, '2015-08-14 03:09:42', NULL, NULL, NULL, NULL, NULL, NULL, NULL),
(1006, 'ff7645a4258346cca8c3fb5273ecb881', NULL, NULL, NULL, NULL, NULL, NULL, NULL, NULL, NULL, NULL, NULL, NULL, NULL, NULL, NULL, '2015-08-14 03:09:42', NULL, NULL, NULL, NULL, NULL, NULL, NULL),
(1007, 'd17f0664f1f14af282666c823b74ea2c', NULL, NULL, NULL, NULL, NULL, NULL, NULL, NULL, NULL, NULL, NULL, NULL, NULL, NULL, NULL, '2015-08-14 03:09:42', NULL, NULL, NULL, NULL, NULL, NULL, NULL);
INSERT INTO `User` (`id`, `api_key`, `username`, `first_name`, `last_name`, `password`, `email`, `fb_id`, `twitter_id`, `address`, `avatar`, `phone`, `balances`, `fb_token`, `twitter_token`, `push_id`, `postal_code`, `create_date`, `gender`, `birthday`, `profession`, `twitter_secret`, `is_active`, `first_use`, `city`) VALUES
(1008, '3d05d3fc3ec549c4adf78e962ccf6d9d', NULL, NULL, NULL, NULL, NULL, NULL, NULL, NULL, NULL, NULL, NULL, NULL, NULL, NULL, NULL, '2015-08-14 03:09:42', NULL, NULL, NULL, NULL, NULL, NULL, NULL),
(1009, '318511fd6de94c019faf683021e45e9e', NULL, NULL, NULL, NULL, NULL, NULL, NULL, NULL, NULL, NULL, NULL, NULL, NULL, NULL, NULL, '2015-08-14 03:09:42', NULL, NULL, NULL, NULL, NULL, NULL, NULL),
(1010, 'e6102a0b4bab4673ab6b5c09aa4af584', NULL, NULL, NULL, NULL, NULL, NULL, NULL, NULL, NULL, NULL, NULL, NULL, NULL, NULL, NULL, '2015-08-14 03:09:42', NULL, NULL, NULL, NULL, NULL, NULL, NULL),
(1011, '5e82d6bfc3844ca384d4f5a9823fc118', NULL, NULL, NULL, NULL, NULL, NULL, NULL, NULL, NULL, NULL, NULL, NULL, NULL, NULL, NULL, '2015-08-14 03:09:42', NULL, NULL, NULL, NULL, NULL, NULL, NULL),
(1012, '420a6e3fa6ae48f7b7f5349a195f7be5', NULL, NULL, NULL, NULL, NULL, NULL, NULL, NULL, NULL, NULL, NULL, NULL, NULL, NULL, NULL, '2015-08-14 03:09:42', NULL, NULL, NULL, NULL, NULL, NULL, NULL),
(1013, 'e90be099d9f142aba38936ce9b939ffd', NULL, NULL, NULL, NULL, NULL, NULL, NULL, NULL, NULL, NULL, NULL, NULL, NULL, NULL, NULL, '2015-08-14 03:09:42', NULL, NULL, NULL, NULL, NULL, NULL, NULL),
(1014, '684c06dbabeb43be820c8fd6e94aaa9e', NULL, NULL, NULL, NULL, NULL, NULL, NULL, NULL, NULL, NULL, NULL, NULL, NULL, NULL, NULL, '2015-08-14 03:09:42', NULL, NULL, NULL, NULL, NULL, NULL, NULL),
(1015, 'cfd026af6db04b64863cba5b56830348', NULL, NULL, NULL, NULL, NULL, NULL, NULL, NULL, NULL, NULL, NULL, NULL, NULL, NULL, NULL, '2015-08-14 03:09:42', NULL, NULL, NULL, NULL, NULL, NULL, NULL),
(1016, 'a37ebbfaf214499b892dd0e5056ea645', NULL, NULL, NULL, NULL, NULL, NULL, NULL, NULL, NULL, NULL, NULL, NULL, NULL, NULL, NULL, '2015-08-14 03:09:42', NULL, NULL, NULL, NULL, NULL, NULL, NULL),
(1017, '5cee8f156bec4613b202c2de59e25c01', NULL, NULL, NULL, NULL, NULL, NULL, NULL, NULL, NULL, NULL, NULL, NULL, NULL, NULL, NULL, '2015-08-14 03:09:42', NULL, NULL, NULL, NULL, NULL, NULL, NULL),
(1018, '7b6267d4e54740bea258dc9d8c8d7954', NULL, NULL, NULL, NULL, NULL, NULL, NULL, NULL, NULL, NULL, NULL, NULL, NULL, NULL, NULL, '2015-08-14 03:09:42', NULL, NULL, NULL, NULL, NULL, NULL, NULL),
(1019, '155558c6851b4eb4af972b5864dc43c9', NULL, NULL, NULL, NULL, NULL, NULL, NULL, NULL, NULL, NULL, NULL, NULL, NULL, NULL, NULL, '2015-08-14 03:09:42', NULL, NULL, NULL, NULL, NULL, NULL, NULL),
(1020, 'f5566d53e835447f84d7d001f24bf10f', NULL, NULL, NULL, NULL, NULL, NULL, NULL, NULL, NULL, NULL, NULL, NULL, NULL, NULL, NULL, '2015-08-14 03:09:42', NULL, NULL, NULL, NULL, NULL, NULL, NULL),
(1021, 'ab79a19a267c43c48bdeac5b24cd2196', NULL, NULL, NULL, NULL, NULL, NULL, NULL, NULL, NULL, NULL, NULL, NULL, NULL, NULL, NULL, '2015-08-14 03:09:42', NULL, NULL, NULL, NULL, NULL, NULL, NULL),
(1022, 'edb3bb3286194011bdbcd54c9f0ef318', NULL, NULL, NULL, NULL, NULL, NULL, NULL, NULL, NULL, NULL, NULL, NULL, NULL, NULL, NULL, '2015-08-14 03:09:42', NULL, NULL, NULL, NULL, NULL, NULL, NULL),
(1023, '17e69cea4f004e3c9ffdaeef3d37f695', NULL, NULL, NULL, NULL, NULL, NULL, NULL, NULL, NULL, NULL, NULL, NULL, NULL, NULL, NULL, '2015-08-14 03:09:42', NULL, NULL, NULL, NULL, NULL, NULL, NULL),
(1024, '1d2bbd7e26d14ae9bb3cd81dbd467b1b', NULL, NULL, NULL, NULL, NULL, NULL, NULL, NULL, NULL, NULL, NULL, NULL, NULL, NULL, NULL, '2015-08-14 03:09:42', NULL, NULL, NULL, NULL, NULL, NULL, NULL),
(1025, '20c6b4746170424e90444e6eb0e287d4', NULL, NULL, NULL, NULL, NULL, NULL, NULL, NULL, NULL, NULL, NULL, NULL, NULL, NULL, NULL, '2015-08-14 03:09:42', NULL, NULL, NULL, NULL, NULL, NULL, NULL),
(1026, '9e05cbf353d9450cb47173c984e28535', NULL, NULL, NULL, NULL, NULL, NULL, NULL, NULL, NULL, NULL, NULL, NULL, NULL, NULL, NULL, '2015-08-14 03:09:42', NULL, NULL, NULL, NULL, NULL, NULL, NULL),
(1027, '27f4a805e4174ba88be3af43ac865dd5', NULL, NULL, NULL, NULL, NULL, NULL, NULL, NULL, NULL, NULL, NULL, NULL, NULL, NULL, NULL, '2015-08-14 03:09:42', NULL, NULL, NULL, NULL, NULL, NULL, NULL),
(1028, '82a1f0f77a82473ebe1b62e15792b5ef', NULL, NULL, NULL, NULL, NULL, NULL, NULL, NULL, NULL, NULL, NULL, NULL, NULL, NULL, NULL, '2015-08-14 03:09:42', NULL, NULL, NULL, NULL, NULL, NULL, NULL),
(1029, 'cf288a3fefa3445cac062b048698ac6f', NULL, NULL, NULL, NULL, NULL, NULL, NULL, NULL, NULL, NULL, NULL, NULL, NULL, NULL, NULL, '2015-08-14 03:09:42', NULL, NULL, NULL, NULL, NULL, NULL, NULL),
(1030, '730a288b6b7d4bbb90fefbe85396a00e', NULL, NULL, NULL, NULL, NULL, NULL, NULL, NULL, NULL, NULL, NULL, NULL, NULL, NULL, NULL, '2015-08-14 03:09:42', NULL, NULL, NULL, NULL, NULL, NULL, NULL),
(1031, '2dc5da58288d4c378da2bb4a444886d2', NULL, NULL, NULL, NULL, NULL, NULL, NULL, NULL, NULL, NULL, NULL, NULL, NULL, NULL, NULL, '2015-08-14 03:09:42', NULL, NULL, NULL, NULL, NULL, NULL, NULL),
(1032, '972651ec665444f9a0875b4aaabbc72f', NULL, NULL, NULL, NULL, NULL, NULL, NULL, NULL, NULL, NULL, NULL, NULL, NULL, NULL, NULL, '2015-08-14 03:09:42', NULL, NULL, NULL, NULL, NULL, NULL, NULL),
(1033, '7da9d8917c9b45649d5fe046f6a11c17', NULL, NULL, NULL, NULL, NULL, NULL, NULL, NULL, NULL, NULL, NULL, NULL, NULL, NULL, NULL, '2015-08-14 03:09:42', NULL, NULL, NULL, NULL, NULL, NULL, NULL),
(1034, '0439b6a7d97243c0a73f44d264a8e7c8', NULL, NULL, NULL, NULL, NULL, NULL, NULL, NULL, NULL, NULL, NULL, NULL, NULL, NULL, NULL, '2015-08-14 03:09:42', NULL, NULL, NULL, NULL, NULL, NULL, NULL),
(1035, '0607acd96b704885a11bcce6332ebecc', NULL, NULL, NULL, NULL, NULL, NULL, NULL, NULL, NULL, NULL, NULL, NULL, NULL, NULL, NULL, '2015-08-14 03:09:42', NULL, NULL, NULL, NULL, NULL, NULL, NULL),
(1036, '2cd58f96f88b458cba9283e38bf81f47', NULL, NULL, NULL, NULL, NULL, NULL, NULL, NULL, NULL, NULL, NULL, NULL, NULL, NULL, NULL, '2015-08-14 03:09:42', NULL, NULL, NULL, NULL, NULL, NULL, NULL),
(1037, '52a0fd9f9ba74c69a4ec7f8fba57d5fd', NULL, NULL, NULL, NULL, NULL, NULL, NULL, NULL, NULL, NULL, NULL, NULL, NULL, NULL, NULL, '2015-08-14 03:09:42', NULL, NULL, NULL, NULL, NULL, NULL, NULL),
(1038, 'ef766297620f4b649fab6901e825feab', NULL, NULL, NULL, NULL, NULL, NULL, NULL, NULL, NULL, NULL, NULL, NULL, NULL, NULL, NULL, '2015-08-14 03:09:42', NULL, NULL, NULL, NULL, NULL, NULL, NULL),
(1039, '0316605f5a584eb0b0680ec5e7384666', NULL, NULL, NULL, NULL, NULL, NULL, NULL, NULL, NULL, NULL, NULL, NULL, NULL, NULL, NULL, '2015-08-14 03:09:42', NULL, NULL, NULL, NULL, NULL, NULL, NULL),
(1040, '8c994ee9b42d4ff793691d11abe188cd', NULL, NULL, NULL, NULL, NULL, NULL, NULL, NULL, NULL, NULL, NULL, NULL, NULL, NULL, NULL, '2015-08-14 03:09:42', NULL, NULL, NULL, NULL, NULL, NULL, NULL),
(1041, '702dc8e9032146f0974e94eb0ac773e5', NULL, NULL, NULL, NULL, NULL, NULL, NULL, NULL, NULL, NULL, NULL, NULL, NULL, NULL, NULL, '2015-08-14 03:09:42', NULL, NULL, NULL, NULL, NULL, NULL, NULL),
(1042, 'f4ab7474c1de4d55b1ced3f9b80138c3', NULL, NULL, NULL, NULL, NULL, NULL, NULL, NULL, NULL, NULL, NULL, NULL, NULL, NULL, NULL, '2015-08-14 03:09:42', NULL, NULL, NULL, NULL, NULL, NULL, NULL),
(1043, '7ac6ba5e312645d39c9c1bfdf2f723b0', NULL, NULL, NULL, NULL, NULL, NULL, NULL, NULL, NULL, NULL, NULL, NULL, NULL, NULL, NULL, '2015-08-14 03:09:42', NULL, NULL, NULL, NULL, NULL, NULL, NULL),
(1044, 'ef258fb3ba324187a0bfda037a351f26', NULL, NULL, NULL, NULL, NULL, NULL, NULL, NULL, NULL, NULL, NULL, NULL, NULL, NULL, NULL, '2015-08-14 03:09:42', NULL, NULL, NULL, NULL, NULL, NULL, NULL),
(1045, '01dbed30184a4d1eac8d01b3dbeef665', NULL, NULL, NULL, NULL, NULL, NULL, NULL, NULL, NULL, NULL, NULL, NULL, NULL, NULL, NULL, '2015-08-14 03:09:42', NULL, NULL, NULL, NULL, NULL, NULL, NULL),
(1046, '062a41a424744e47bde9543f7c7c7760', NULL, NULL, NULL, NULL, NULL, NULL, NULL, NULL, NULL, NULL, NULL, NULL, NULL, NULL, NULL, '2015-08-18 03:01:48', NULL, NULL, NULL, NULL, NULL, NULL, NULL),
(1047, 'd6d3d691f1a5466e89c0033e5731c1a2', NULL, NULL, NULL, NULL, NULL, NULL, NULL, NULL, NULL, NULL, NULL, NULL, NULL, NULL, NULL, '2015-08-18 03:01:48', NULL, NULL, NULL, NULL, NULL, NULL, NULL),
(1048, '1600ddaa0b7d4b468ad18634fb28645a', NULL, NULL, NULL, NULL, NULL, NULL, NULL, NULL, NULL, NULL, NULL, NULL, NULL, NULL, NULL, '2015-08-18 03:01:48', NULL, NULL, NULL, NULL, NULL, NULL, NULL),
(1049, '0fd525f353694138ab74b5192a0e3040', NULL, NULL, NULL, NULL, NULL, NULL, NULL, NULL, NULL, NULL, NULL, NULL, NULL, NULL, NULL, '2015-08-18 03:01:48', NULL, NULL, NULL, NULL, NULL, NULL, NULL),
(1050, '3616fc929a4d40fcb9d905b7b383541f', NULL, NULL, NULL, NULL, NULL, NULL, NULL, NULL, NULL, NULL, NULL, NULL, NULL, NULL, NULL, '2015-08-18 03:01:48', NULL, NULL, NULL, NULL, NULL, NULL, NULL),
(1051, '8421cbd895b34d3889a760ecb0e7b1a4', NULL, NULL, NULL, NULL, NULL, NULL, NULL, NULL, NULL, NULL, NULL, NULL, NULL, NULL, NULL, '2015-08-18 03:01:48', NULL, NULL, NULL, NULL, NULL, NULL, NULL),
(1052, '2843e26213e643749a46fd2535a15d67', NULL, NULL, NULL, NULL, NULL, NULL, NULL, NULL, NULL, NULL, NULL, NULL, NULL, NULL, NULL, '2015-08-18 03:01:48', NULL, NULL, NULL, NULL, NULL, NULL, NULL),
(1053, '9558c79c2dec459ab81129c3b547e307', NULL, NULL, NULL, NULL, NULL, NULL, NULL, NULL, NULL, NULL, NULL, NULL, NULL, NULL, NULL, '2015-08-18 03:01:48', NULL, NULL, NULL, NULL, NULL, NULL, NULL),
(1054, 'f9952ed374b0434792fbde186e44b1eb', NULL, NULL, NULL, NULL, NULL, NULL, NULL, NULL, NULL, NULL, NULL, NULL, NULL, NULL, NULL, '2015-08-18 03:01:48', NULL, NULL, NULL, NULL, NULL, NULL, NULL),
(1055, 'f2db94f431614b419d02b088a5e8c299', NULL, NULL, NULL, NULL, NULL, NULL, NULL, NULL, NULL, NULL, NULL, NULL, NULL, NULL, NULL, '2015-08-18 03:01:48', NULL, NULL, NULL, NULL, NULL, NULL, NULL),
(1056, '834b1698f86046418bd7f03f998463ef', NULL, NULL, NULL, NULL, NULL, NULL, NULL, NULL, NULL, NULL, NULL, NULL, NULL, NULL, NULL, '2015-08-18 03:01:48', NULL, NULL, NULL, NULL, NULL, NULL, NULL),
(1057, 'f49ee9b0fdd745138d9d8f6f15fa9b55', NULL, NULL, NULL, NULL, NULL, NULL, NULL, NULL, NULL, NULL, NULL, NULL, NULL, NULL, NULL, '2015-08-18 03:01:48', NULL, NULL, NULL, NULL, NULL, NULL, NULL),
(1058, '0b8dadaed57f406589122f273a182337', NULL, NULL, NULL, NULL, NULL, NULL, NULL, NULL, NULL, NULL, NULL, NULL, NULL, NULL, NULL, '2015-08-18 03:01:48', NULL, NULL, NULL, NULL, NULL, NULL, NULL),
(1059, '74f5d1565a074ee49007145fd63cbf5e', NULL, NULL, NULL, NULL, NULL, NULL, NULL, NULL, NULL, NULL, NULL, NULL, NULL, NULL, NULL, '2015-08-18 03:01:48', NULL, NULL, NULL, NULL, NULL, NULL, NULL),
(1060, '7fc5ebc5f1974183806d7d262cc45d32', NULL, NULL, NULL, NULL, NULL, NULL, NULL, NULL, NULL, NULL, NULL, NULL, NULL, NULL, NULL, '2015-08-18 03:01:48', NULL, NULL, NULL, NULL, NULL, NULL, NULL),
(1061, 'ab3c338c4595483f8fff5c867c405032', NULL, NULL, NULL, NULL, NULL, NULL, NULL, NULL, NULL, NULL, NULL, NULL, NULL, NULL, NULL, '2015-08-18 03:01:48', NULL, NULL, NULL, NULL, NULL, NULL, NULL),
(1062, 'df30a37ad61c4e5aad8578867f9ff84e', NULL, NULL, NULL, NULL, NULL, NULL, NULL, NULL, NULL, NULL, NULL, NULL, NULL, NULL, NULL, '2015-08-18 03:01:48', NULL, NULL, NULL, NULL, NULL, NULL, NULL),
(1063, '93e1f132c443475cba13fb66599ef153', NULL, NULL, NULL, NULL, NULL, NULL, NULL, NULL, NULL, NULL, NULL, NULL, NULL, NULL, NULL, '2015-08-18 03:01:48', NULL, NULL, NULL, NULL, NULL, NULL, NULL),
(1064, 'e476ca8ed01e41778d751160740cf61b', NULL, NULL, NULL, NULL, NULL, NULL, NULL, NULL, NULL, NULL, NULL, NULL, NULL, NULL, NULL, '2015-08-18 03:01:48', NULL, NULL, NULL, NULL, NULL, NULL, NULL),
(1065, '48a50d84fa5c4ee28f1f58fec416f949', NULL, NULL, NULL, NULL, NULL, NULL, NULL, NULL, NULL, NULL, NULL, NULL, NULL, NULL, NULL, '2015-08-18 03:01:48', NULL, NULL, NULL, NULL, NULL, NULL, NULL);

--
-- Constraints for dumped tables
--

--
-- Constraints for table `BookmarkedBusiness`
--
ALTER TABLE `BookmarkedBusiness`
  ADD CONSTRAINT `BookmarkedBusiness_ibfk_1` FOREIGN KEY (`business_id`) REFERENCES `Business` (`id`),
  ADD CONSTRAINT `BookmarkedBusiness_ibfk_2` FOREIGN KEY (`user_id`) REFERENCES `User` (`id`);

--
-- Constraints for table `BookmarkedItem`
--
ALTER TABLE `BookmarkedItem`
  ADD CONSTRAINT `BookmarkedItem_ibfk_1` FOREIGN KEY (`item_id`) REFERENCES `Item` (`id`),
  ADD CONSTRAINT `BookmarkedItem_ibfk_2` FOREIGN KEY (`user_id`) REFERENCES `User` (`id`);

--
-- Constraints for table `Business`
--
ALTER TABLE `Business`
  ADD CONSTRAINT `Business_ibfk_1` FOREIGN KEY (`category_id`) REFERENCES `BusinessCategory` (`id`),
  ADD CONSTRAINT `Business_ibfk_2` FOREIGN KEY (`user_id`) REFERENCES `User` (`id`);

--
-- Constraints for table `BusinessViewLog`
--
ALTER TABLE `BusinessViewLog`
  ADD CONSTRAINT `BusinessViewLog_ibfk_2` FOREIGN KEY (`user_id`) REFERENCES `User` (`id`),
  ADD CONSTRAINT `BusinessViewLog_ibfk_3` FOREIGN KEY (`business_id`) REFERENCES `Business` (`id`);

--
-- Constraints for table `Business_Tag`
--
ALTER TABLE `Business_Tag`
  ADD CONSTRAINT `Business_Tag_ibfk_1` FOREIGN KEY (`tag_id`) REFERENCES `BusinessTag` (`id`),
  ADD CONSTRAINT `Business_Tag_ibfk_2` FOREIGN KEY (`business_id`) REFERENCES `Business` (`id`);

--
-- Constraints for table `Item`
--
ALTER TABLE `Item`
  ADD CONSTRAINT `Item_ibfk_1` FOREIGN KEY (`category_id`) REFERENCES `Category` (`id`),
  ADD CONSTRAINT `Item_ibfk_2` FOREIGN KEY (`business_id`) REFERENCES `Business` (`id`);

--
-- Constraints for table `ItemListViewLog`
--
ALTER TABLE `ItemListViewLog`
  ADD CONSTRAINT `ItemListViewLog_ibfk_2` FOREIGN KEY (`user_id`) REFERENCES `User` (`id`),
  ADD CONSTRAINT `ItemListViewLog_ibfk_3` FOREIGN KEY (`business_id`) REFERENCES `Business` (`id`);

--
-- Constraints for table `ItemViewLog`
--
ALTER TABLE `ItemViewLog`
  ADD CONSTRAINT `ItemViewLog_ibfk_1` FOREIGN KEY (`user_id`) REFERENCES `User` (`id`),
  ADD CONSTRAINT `ItemViewLog_ibfk_2` FOREIGN KEY (`item_id`) REFERENCES `Item` (`id`);

--
-- Constraints for table `LikedItem`
--
ALTER TABLE `LikedItem`
  ADD CONSTRAINT `LikedItem_ibfk_1` FOREIGN KEY (`item_id`) REFERENCES `Item` (`id`),
  ADD CONSTRAINT `LikedItem_ibfk_2` FOREIGN KEY (`user_id`) REFERENCES `User` (`id`);

--
-- Constraints for table `NavigationLog`
--
ALTER TABLE `NavigationLog`
  ADD CONSTRAINT `NavigationLog_ibfk_1` FOREIGN KEY (`user_id`) REFERENCES `User` (`id`),
  ADD CONSTRAINT `NavigationLog_ibfk_2` FOREIGN KEY (`business_id`) REFERENCES `Business` (`id`);

--
-- Constraints for table `NearbyLog`
--
ALTER TABLE `NearbyLog`
  ADD CONSTRAINT `NearbyLog_ibfk_1` FOREIGN KEY (`user_id`) REFERENCES `User` (`id`),
  ADD CONSTRAINT `NearbyLog_ibfk_2` FOREIGN KEY (`business_id`) REFERENCES `Business` (`id`);

--
-- Constraints for table `Offering`
--
ALTER TABLE `Offering`
  ADD CONSTRAINT `Offering_ibfk_1` FOREIGN KEY (`item_id`) REFERENCES `Item` (`id`);

--
-- Constraints for table `Picture`
--
ALTER TABLE `Picture`
  ADD CONSTRAINT `Picture_ibfk_1` FOREIGN KEY (`business_id`) REFERENCES `Business` (`id`);

--
-- Constraints for table `Review`
--
ALTER TABLE `Review`
  ADD CONSTRAINT `Review_ibfk_1` FOREIGN KEY (`user_id`) REFERENCES `User` (`id`),
  ADD CONSTRAINT `Review_ibfk_2` FOREIGN KEY (`business_id`) REFERENCES `Business` (`id`);

--
-- Constraints for table `SearchLog`
--
ALTER TABLE `SearchLog`
  ADD CONSTRAINT `SearchLog_ibfk_1` FOREIGN KEY (`user_id`) REFERENCES `User` (`id`),
  ADD CONSTRAINT `SearchLog_ibfk_2` FOREIGN KEY (`business_id`) REFERENCES `Business` (`id`);

/*!40101 SET CHARACTER_SET_CLIENT=@OLD_CHARACTER_SET_CLIENT */;
/*!40101 SET CHARACTER_SET_RESULTS=@OLD_CHARACTER_SET_RESULTS */;
/*!40101 SET COLLATION_CONNECTION=@OLD_COLLATION_CONNECTION */;
